Código da unidade geográfica,Situação do setor,Logradouro,Número no logradouro,Complemento,Latitude,Longitude,Localidade,Ponto de referência,Espécie de endereço,Tipo de estabelecimento,Indicador de endereço,Identificação domicílio coletivo,Número da quadra,Número da face,CEP
410690205050148,Urbano,AVENIDA MANOEL RIBAS,6636,,,,SANTA FELICIDADE,,Estabelecimento de outras finalidades,CONSERCIONARIA,Único,,10,3,82020000
410690205050148,Urbano,AVENIDA MANOEL RIBAS,6672,,,,SANTA FELICIDADE,,Domicílio particular,,-0,,10,3,82020000
410690205050148,Urbano,RUA DOMINGOS STRAPASSON,50,TERREO LOJA 1,,,SANTA FELICIDADE,,Estabelecimento de outras finalidades,CONSERTO DE TV,Único,,10,4,82320040
410690205050148,Urbano,RUA DOMINGOS STRAPASSON,50,TERREO LOJA 2,,,SANTA FELICIDADE,,Estabelecimento de outras finalidades,COMERCIO E CONFECCAO DE ROUPAS,Único,,10,4,82320040
410690205050148,Urbano,RUA DOMINGOS STRAPASSON,50,SOBRADO,,,SANTA FELICIDADE,,Domicílio particular,,-0,,10,4,82320040
410690205050148,Urbano,RUA DOMINGOS STRAPASSON,SN,,,,SANTA FELICIDADE,,Estabelecimento de outras finalidades,VERONA VIDEO LOCADORA,Único,,10,4,82320040
410690205050148,Urbano,RUA DOMINGOS STRAPASSON,84,LOJA 1,,,SANTA FELICIDADE,,Estabelecimento de outras finalidades,LOJA DE FESTAS,Único,,10,4,82320040
410690205050148,Urbano,RUA DOMINGOS STRAPASSON,84,LOJA 2,,,SANTA FELICIDADE,,Estabelecimento de outras finalidades,LOJA DE PRESENTES,Único,,10,4,82320040
410690205050148,Urbano,RUA DOMINGOS STRAPASSON,84,LOJA 3,,,SANTA FELICIDADE,,Estabelecimento de outras finalidades,MANUTENCAO DE MICROONDAS,Único,,10,4,82320040
410690205050148,Urbano,RUA DOMINGOS STRAPASSON,96,,,,SANTA FELICIDADE,,Domicílio particular,,-0,,10,4,82320040
410690205050148,Urbano,RUA VIA VENETO,SN,,,,SANTA FELICIDADE,,Estabelecimento de outras finalidades,ARMAZEM DA FAMILIA,Único,,11,3,82020470
410690205050148,Urbano,RUA VIA VENETO,1570,,,,SANTA FELICIDADE,,Estabelecimento de outras finalidades,MARMOARIA,Único,,11,3,82020470
410690205050148,Urbano,RUA VIA VENETO,1597,LOJA 8,,,SANTA FELICIDADE,,Estabelecimento de outras finalidades,AUTO ESCOLA,Único,,11,3,82020470
410690205050148,Urbano,RUA VIA VENETO,1597,LOJA 7,,,SANTA FELICIDADE,,Estabelecimento de outras finalidades,DENTISTA,Único,,11,3,82020470
410690205050148,Urbano,RUA VIA VENETO,1597,LOJA 6,,,SANTA FELICIDADE,,Estabelecimento de outras finalidades,LAN HOUSE,Único,,11,3,82020470
410690205050148,Urbano,RUA VIA VENETO,1597,LOJA 5,,,SANTA FELICIDADE,,Estabelecimento de outras finalidades,MANUTENCAO DE EGUIPAMENTOS DE PESCA,Único,,11,3,82020470
410690205050148,Urbano,RUA VIA VENETO,1610,LOJA 4,,,SANTA FELICIDADE,,Estabelecimento de outras finalidades,LOJA DE MOVEIS,Único,,11,3,82020470
410690205050148,Urbano,RUA VIA VENETO,1610,LOJA 3,,,SANTA FELICIDADE,,Estabelecimento de outras finalidades,LOJA DE INFORMATICA,Único,,11,3,82020470
410690205050148,Urbano,RUA VIA VENETO,1610,LOJA 2,,,SANTA FELICIDADE,,Estabelecimento de outras finalidades,BARBEIRO,Único,,11,3,82020470
410690205050148,Urbano,RUA VIA VENETO,1610,LOJA 1,,,SANTA FELICIDADE,,Estabelecimento de outras finalidades,CLINICA VETERINARIA,Único,,11,3,82020470
410690205050148,Urbano,RUA FRANCISCO MANFRON,160,,,,SANTA FELICIDADE,,Domicílio particular,,-0,,11,4,82020730
410690205050148,Urbano,RUA BORTOLO ROMANI DURIGAN,SN,,,,SANTA FELICIDADE,,Estabelecimento de outras finalidades,DEPOSITO DE MADEIRA,Único,,12,1,82030550
410690205050148,Urbano,RUA BORTOLO ROMANI DURIGAN,20,,,,SANTA FELICIDADE,,Domicílio particular,,-0,,12,1,82030550
410690205050148,Urbano,RUA BORTOLO ROMANI DURIGAN,53,,,,SANTA FELICIDADE,,Domicílio particular,,-0,,12,1,82030550
410690205050148,Urbano,RUA BORTOLO ROMANI DURIGAN,90,,,,SANTA FELICIDADE,,Domicílio particular,,-0,,12,1,82030550
410690205050148,Urbano,RUA BORTOLO ROMANI DURIGAN,106,,,,SANTA FELICIDADE,,Domicílio particular,,-0,,12,1,82030550
410690205050148,Urbano,RUA ROZALINA COLODEL DURIGAN,21,,,,SANTA FELICIDADE,,Domicílio particular,,-0,,12,3,82030530
410690205050148,Urbano,RUA ROZALINA COLODEL DURIGAN,93,CASA 1,,,SANTA FELICIDADE,,Domicílio particular,,-0,,12,3,82030530
410690205050148,Urbano,RUA ROZALINA COLODEL DURIGAN,93,CASA 2,,,SANTA FELICIDADE,,Domicílio particular,,-0,,12,3,82030530
410690205050148,Urbano,RUA ROZALINA COLODEL DURIGAN,93,CASA 3,,,SANTA FELICIDADE,,Domicílio particular,,-0,,12,3,82030530
410690205050148,Urbano,RUA ROZALINA COLODEL DURIGAN,109,CASA 4,,,SANTA FELICIDADE,,Domicílio particular,,-0,,12,3,82030530
410690205050148,Urbano,RUA ROZALINA COLODEL DURIGAN,109,CASA 3,,,SANTA FELICIDADE,,Domicílio particular,,-0,,12,3,82030530
410690205050148,Urbano,RUA ROZALINA COLODEL DURIGAN,109,CASA 2,,,SANTA FELICIDADE,,Domicílio particular,,-0,,12,3,82030530
410690205050148,Urbano,RUA FRANCISCO MANFRON,33,,,,SANTA FELICIDADE,,Estabelecimento de outras finalidades,GALPAO,Único,,10,2,82020730
410690205050148,Urbano,RUA FRANCISCO MANFRON,67,,,,SANTA FELICIDADE,,Estabelecimento de outras finalidades,ALARMES GRALHA AZUL,Único,,10,2,82020730
410690205050148,Urbano,RUA FRANCISCO MANFRON,61,,,,SANTA FELICIDADE,,Domicílio particular,,-0,,10,2,82020730
410690205050148,Urbano,RUA FRANCISCO MANFRON,99,,,,SANTA FELICIDADE,,Estabelecimento de outras finalidades,ESCRITORIO DO DEPUTADO ACCORSI,Único,,10,2,82020730
410690205050148,Urbano,RUA VIA VENETO,1625,,,,SANTA FELICIDADE,,Estabelecimento de outras finalidades,COMERCIO DE PNEUS,Único,,10,1,82020470
410690205050148,Urbano,RUA VIA VENETO,112,,,,SANTA FELICIDADE,,Estabelecimento de outras finalidades,FARMACIA,Único,,10,1,82020470
410690205050148,Urbano,RUA FRANCISCO MANFRON,72,,,,SANTA FELICIDADE,,Domicílio particular,,-0,,9,4,82020730
410690205050148,Urbano,RUA FRANCISCO MANFRON,SN,,,,SANTA FELICIDADE,,Estabelecimento de outras finalidades,SANEPAR,Único,,9,4,82020730
410690205050148,Urbano,RUA FRANCISCO MANFRON,SN,,,,SANTA FELICIDADE,,Estabelecimento de outras finalidades,GALPAO,Único,,9,4,82020730
410690205050148,Urbano,AVENIDA MANOEL RIBAS,6600,,,,SANTA FELICIDADE,,Domicílio particular,,-0,,9,3,82020000
410690205050148,Urbano,AVENIDA MANOEL RIBAS,6594,,,,SANTA FELICIDADE,,Domicílio particular,,-0,,9,3,82020000
410690205050148,Urbano,AVENIDA MANOEL RIBAS,6576,,,,SANTA FELICIDADE,,Estabelecimento de outras finalidades,IMOBILIARIA,Único,,9,3,82020000
410690205050148,Urbano,AVENIDA MANOEL RIBAS,6568,,,,SANTA FELICIDADE,,Estabelecimento de outras finalidades,IMOBILIARIA,Único,,9,3,82020000
410690205050148,Urbano,AVENIDA MANOEL RIBAS,6566,,,,SANTA FELICIDADE,,Estabelecimento de outras finalidades,IMOBILIARIA,Único,,9,3,82020000
410690205050148,Urbano,AVENIDA MANOEL RIBAS,6560,SOBRADO,,,SANTA FELICIDADE,,Domicílio particular,,-0,,9,3,82020000
410690205050148,Urbano,AVENIDA MANOEL RIBAS,SN,,,,SANTA FELICIDADE,,Estabelecimento de outras finalidades,TRIGARINA PANIFICADORA,Único,,9,3,82020000
410690205050148,Urbano,RUA NEURACI NEVES DO NASCIMENTO,SN,,,,SANTA FELICIDADE,,Estabelecimento de outras finalidades,PANIFICADORA,Único,,9,2,82020720
410690205050148,Urbano,RUA NEURACI NEVES DO NASCIMENTO,47,,,,SANTA FELICIDADE,,Estabelecimento de outras finalidades,ESCRITORIO,Único,,9,2,82020720
410690205050148,Urbano,RUA NEURACI NEVES DO NASCIMENTO,61,FUNDOS,,,SANTA FELICIDADE,,Domicílio particular,,-0,,9,2,82020720
410690205050148,Urbano,RUA NEURACI NEVES DO NASCIMENTO,61,FRENTE,,,SANTA FELICIDADE,,Estabelecimento de outras finalidades,ESCRITORI DE ADOCACIA,Único,,9,2,82020720
410690205050148,Urbano,RUA NEURACI NEVES DO NASCIMENTO,69,FUNDOS,,,SANTA FELICIDADE,,Domicílio particular,,-0,,9,2,82020720
410690205050148,Urbano,RUA NEURACI NEVES DO NASCIMENTO,69,FRENTE,,,SANTA FELICIDADE,,Domicílio particular,,-0,,9,2,82020720
410690205050148,Urbano,RUA NEURACI NEVES DO NASCIMENTO,101,,,,SANTA FELICIDADE,,Estabelecimento de outras finalidades,CLINICA ODONTOLOGICA,Único,,9,2,82020720
410690205050148,Urbano,RUA NEURACI NEVES DO NASCIMENTO,119,ANEXO,,,SANTA FELICIDADE,,Estabelecimento de outras finalidades,BARBEARIA,Único,,9,2,82020720
410690205050148,Urbano,RUA NEURACI NEVES DO NASCIMENTO,119,,,,SANTA FELICIDADE,,Domicílio particular,,-0,,9,2,82020720
410690205050148,Urbano,RUA NEURACI NEVES DO NASCIMENTO,131,APARTAMENTO,,,SANTA FELICIDADE,,Domicílio particular,,-0,,9,2,82020720
410690205050148,Urbano,RUA NEURACI NEVES DO NASCIMENTO,131,LOJA 3,,,SANTA FELICIDADE,,Estabelecimento de outras finalidades,VAGO,Único,,9,2,82020720
410690205050148,Urbano,RUA NEURACI NEVES DO NASCIMENTO,131,LOJA 2,,,SANTA FELICIDADE,,Estabelecimento de outras finalidades,JOSE E CRIS CABELEREIROS,Único,,9,2,82020720
410690205050148,Urbano,RUA NEURACI NEVES DO NASCIMENTO,131,LOJA 1,,,SANTA FELICIDADE,,Estabelecimento de outras finalidades,OTICA PIETRO,Único,,9,2,82020720
410690205050148,Urbano,RUA VIA VENETO,SN,,,,SANTA FELICIDADE,,Estabelecimento de outras finalidades,COMERCIO DE PECAS,Único,,9,1,82020470
410690205050148,Urbano,RUA NEURACI NEVES DO NASCIMENTO,98,,,,SANTA FELICIDADE,,Domicílio particular,,-0,,8,4,82020720
410690205050148,Urbano,RUA NEURACI NEVES DO NASCIMENTO,106,,,,SANTA FELICIDADE,,Estabelecimento de saúde,CENTRO MEDICO STA FELICIDADE,Único,,8,4,82020720
410690205050148,Urbano,RUA NEURACI NEVES DO NASCIMENTO,72,,,,SANTA FELICIDADE,,Estabelecimento de outras finalidades,ACADEMIA,Único,,8,4,82020720
410690205050148,Urbano,RUA NEURACI NEVES DO NASCIMENTO,30,,,,SANTA FELICIDADE,,Domicílio particular,,-0,,8,4,82020720
410690205050148,Urbano,AVENIDA MANOEL RIBAS,6500,,,,SANTA FELICIDADE,,Estabelecimento de outras finalidades,BANCO,Único,,8,3,82020000
410690205050148,Urbano,AVENIDA MANOEL RIBAS,6460,,,,SANTA FELICIDADE,,Estabelecimento de outras finalidades,CLUBE DE DANCA,Único,,8,3,82020000
410690205050148,Urbano,AVENIDA MANOEL RIBAS,SN,ANEXO,,,SANTA FELICIDADE,,Estabelecimento de outras finalidades,ESCRITORIO DE ADVOCACIA,Único,,8,3,82020000
410690205050148,Urbano,AVENIDA MANOEL RIBAS,SN,,,,SANTA FELICIDADE,,Estabelecimento de outras finalidades,VINHOS DALL ARMI,Único,,8,3,82020000
410690205050148,Urbano,RUA MADRE CLELIA MERLONI,SN,LOJA 3,,,SANTA FELICIDADE,,Estabelecimento de outras finalidades,VAGO,Único,,8,2,82030480
410690205050148,Urbano,RUA MADRE CLELIA MERLONI,SN,LOJA 2,,,SANTA FELICIDADE,,Estabelecimento de outras finalidades,VAGO,Único,,8,2,82030480
410690205050148,Urbano,RUA MADRE CLELIA MERLONI,SN,LOJA 1,,,SANTA FELICIDADE,,Estabelecimento de outras finalidades,VAGO,Único,,8,2,82030480
410690205050148,Urbano,RUA MADRE CLELIA MERLONI,133,,,,SANTA FELICIDADE,,Estabelecimento de outras finalidades,GALPAO,Único,,8,2,82030480
410690205050148,Urbano,RUA VIA VENETO,SN,,,,SANTA FELICIDADE,,Edificação em construção,,-0,,8,1,82020470
410690205050148,Urbano,RUA MADRE CLELIA MERLONI,SN,,,,SANTA FELICIDADE,,Estabelecimento de outras finalidades,AVIARIO DOM INACIO,Único,,7,4,82030480
410690205050148,Urbano,RUA MADRE CLELIA MERLONI,130,,,,SANTA FELICIDADE,,Estabelecimento de outras finalidades,TIO VALTER DISTRIBUIDORA DE DOCES,Único,,7,4,82030480
410690205050148,Urbano,RUA MADRE CLELIA MERLONI,136,,,,SANTA FELICIDADE,,Estabelecimento de outras finalidades,LANCHONETE,Único,,7,4,82030480
410690205050148,Urbano,RUA MADRE CLELIA MERLONI,122,SOBRELOJA,,,SANTA FELICIDADE,,Estabelecimento de outras finalidades,DENTISTA,Único,,7,4,82030480
410690205050148,Urbano,RUA MADRE CLELIA MERLONI,SN,,,,SANTA FELICIDADE,,Estabelecimento de outras finalidades,LOJA DE BICICLETAS,Único,,7,4,82030480
410690205050148,Urbano,RUA MADRE CLELIA MERLONI,94,,,,SANTA FELICIDADE,,Estabelecimento de outras finalidades,LOJA DE ROUPAS,Único,,7,4,82030480
410690205050148,Urbano,RUA MADRE CLELIA MERLONI,80,SOBRADO,,,SANTA FELICIDADE,,Domicílio particular,,-0,,7,4,82030480
410690205050148,Urbano,RUA MADRE CLELIA MERLONI,70,LOJA 6,,,SANTA FELICIDADE,,Estabelecimento de outras finalidades,VAGO,Único,,7,4,82030480
410690205050148,Urbano,RUA MADRE CLELIA MERLONI,70,LOJA 5,,,SANTA FELICIDADE,,Estabelecimento de outras finalidades,LOJA MUNIRA APARELHOS DE MANUTENCAO,Único,,7,4,82030480
410690205050148,Urbano,RUA MADRE CLELIA MERLONI,70,LOJA 4,,,SANTA FELICIDADE,,Estabelecimento de outras finalidades,LOJA DE ELETRONICOS,Único,,7,4,82030480
410690205050148,Urbano,RUA MADRE CLELIA MERLONI,70,LOJA 3,,,SANTA FELICIDADE,,Estabelecimento de outras finalidades,NATURA SALAO DE BELEZA,Único,,7,4,82030480
410690205050148,Urbano,RUA MADRE CLELIA MERLONI,70,LOJA 2,,,SANTA FELICIDADE,,Estabelecimento de outras finalidades,CLINICA ODONTOLOGICA,Único,,7,4,82030480
410690205050148,Urbano,RUA MADRE CLELIA MERLONI,70,LOJA 1,,,SANTA FELICIDADE,,Estabelecimento de outras finalidades,LOJA DE ROUPAS,Único,,7,4,82030480
410690205050148,Urbano,AVENIDA MANOEL RIBAS,6432,APARTAMENTO 2,,,SANTA FELICIDADE,,Domicílio particular,,-0,,7,3,82020000
410690205050148,Urbano,AVENIDA MANOEL RIBAS,6432,APARTAMENTO 1,,,SANTA FELICIDADE,,Domicílio particular,,-0,,7,3,82020000
410690205050148,Urbano,AVENIDA MANOEL RIBAS,6432,ENTRADA 2,,,SANTA FELICIDADE,,Estabelecimento de outras finalidades,LEAO DE JUDA ALARME E MONITORAMENTO,Único,,7,3,82020000
410690205050148,Urbano,AVENIDA MANOEL RIBAS,6432,ENTRADA 1,,,SANTA FELICIDADE,,Estabelecimento de outras finalidades,CIRURGIA DENTISTA DIRLEI,Único,,7,3,82020000
410690205050148,Urbano,AVENIDA MANOEL RIBAS,6432,LOJA 2,,,SANTA FELICIDADE,,Estabelecimento de outras finalidades,THATY BRINQUEDOS PRESENTES UTILIDADES,Único,,7,3,82020000
410690205050148,Urbano,AVENIDA MANOEL RIBAS,6432,LOJA 1,,,SANTA FELICIDADE,,Estabelecimento de outras finalidades,MARLENE COSMETICOS,Único,,7,3,82020000
410690205050148,Urbano,AVENIDA MANOEL RIBAS,6418,,,,SANTA FELICIDADE,,Estabelecimento de outras finalidades,LAVANDERIA,Único,,7,3,82020000
410690205050148,Urbano,AVENIDA MANOEL RIBAS,SN,,,,SANTA FELICIDADE,,Estabelecimento de outras finalidades,RESTAURANTE,Único,,7,3,82020000
410690205050148,Urbano,AVENIDA MANOEL RIBAS,6376,,,,SANTA FELICIDADE,,Estabelecimento de outras finalidades,RESTAURANTE,Único,,7,3,82020000
410690205050148,Urbano,AVENIDA MANOEL RIBAS,6354,SOBRELOJA,,,SANTA FELICIDADE,,Estabelecimento de outras finalidades,AGENCIA DE TURISMO,Único,,7,3,82020000
410690205050148,Urbano,AVENIDA MANOEL RIBAS,6354,TERREO,,,SANTA FELICIDADE,,Estabelecimento de outras finalidades,LOJA DE ROUPAS,Único,,7,3,82020000
410690205050148,Urbano,AVENIDA MANOEL RIBAS,6342,LOJA 3,,,SANTA FELICIDADE,,Estabelecimento de outras finalidades,LOJA E ASSISTENCIA TECNICA,Único,,7,3,82020000
410690205050148,Urbano,AVENIDA MANOEL RIBAS,6342,LOJA 2,,,SANTA FELICIDADE,,Estabelecimento de outras finalidades,PASSIONE PRATA E ACESSORIOS,Único,,7,3,82020000
410690205050148,Urbano,AVENIDA MANOEL RIBAS,6342,LOJA 1,,,SANTA FELICIDADE,,Estabelecimento de outras finalidades,CAFE E CONFEITARIA,Único,,7,3,82020000
410690205050148,Urbano,AVENIDA MANOEL RIBAS,6318,,,,SANTA FELICIDADE,,Domicílio coletivo,,-0,COLEGIO IMACULADA CONCEICAO,7,3,82020000
410690205050148,Urbano,AVENIDA MANOEL RIBAS,6318,,,,SANTA FELICIDADE,,Estabelecimento de ensino,COLEGIO IMACULADA CONCEICAO,Múltiplo,,7,3,82020000
410690205050148,Urbano,AVENIDA MANOEL RIBAS,6252,,,,SANTA FELICIDADE,,Estabelecimento de outras finalidades,IGREJA,Único,,7,3,82020000
410690205050148,Urbano,AVENIDA MANOEL RIBAS,6252,SOBRELOJA LOJA,,,SANTA FELICIDADE,,Estabelecimento de outras finalidades,CORRETORA DE SEGUROS,Único,,7,3,82020000
410690205050148,Urbano,AVENIDA MANOEL RIBAS,6252,SOBRELOJA LOJA b,,,SANTA FELICIDADE,,Estabelecimento de outras finalidades,CENTRO MEDICO,Único,,7,3,82020000
410690205050148,Urbano,AVENIDA MANOEL RIBAS,6252,TERREO LOJA b,,,SANTA FELICIDADE,,Estabelecimento de outras finalidades,FARMACIA,Único,,7,3,82020000
410690205050148,Urbano,AVENIDA MANOEL RIBAS,6250,,,,SANTA FELICIDADE,,Estabelecimento de outras finalidades,LOJA,Único,,7,3,82020000
410690205050148,Urbano,AVENIDA MANOEL RIBAS,SN,,,,SANTA FELICIDADE,,Estabelecimento de outras finalidades,FARMACIA,Único,,7,3,82020000
410690205050148,Urbano,AVENIDA MANOEL RIBAS,6180,,,,SANTA FELICIDADE,,Estabelecimento de outras finalidades,LOJA DE MOVEIS,Único,,7,3,82020000
410690205050148,Urbano,RUA SANTA BERTILLA BOSCARDIN,SN,,,,SANTA FELICIDADE,,Estabelecimento de outras finalidades,ALCOLICOS ANONIMOS,Único,,7,2,82020490
410690205050148,Urbano,RUA VIA VENETO,SN,,,,SANTA FELICIDADE,,Estabelecimento de outras finalidades,GINASIO DE ESPORTES,Único,,7,1,82020470
410690205050148,Urbano,RUA VIA VENETO,1323,TERREO LOJA 4,,,SANTA FELICIDADE,,Estabelecimento de outras finalidades,DENTISTA,Único,,7,1,82020470
410690205050148,Urbano,RUA VIA VENETO,1323,TERREO LOJA 3,,,SANTA FELICIDADE,,Estabelecimento de outras finalidades,ESCRITORIO DE ADVOCACIA,Único,,7,1,82020470
410690205050148,Urbano,RUA VIA VENETO,1323,TERREO LOJA 2,,,SANTA FELICIDADE,,Estabelecimento de outras finalidades,VAGO,Único,,7,1,82020470
410690205050148,Urbano,RUA VIA VENETO,1323,TERREO LOJA 1,,,SANTA FELICIDADE,,Estabelecimento de outras finalidades,LOJA DE ROUPAS,Único,,7,1,82020470
410690205050148,Urbano,RUA VIA VENETO,1323,SOBRELOJA APARTAMENTO 2,,,SANTA FELICIDADE,,Domicílio particular,,-0,,7,1,82020470
410690205050148,Urbano,RUA VIA VENETO,1323,SOBRELOJA APARTAMENTO 1,,,SANTA FELICIDADE,,Estabelecimento de outras finalidades,ESCRITORIO VER MANFRON,Único,,7,1,82020470
410690205050148,Urbano,RUA VIA VENETO,1339,FUNDOS 1,,,SANTA FELICIDADE,,Estabelecimento de outras finalidades,CONSERTO DE FERRAMENTAS,Único,,7,1,82020470
410690205050148,Urbano,RUA VIA VENETO,1339,FRENTE,,,SANTA FELICIDADE,,Estabelecimento de outras finalidades,IGREJA,Único,,7,1,82020470
410690205050148,Urbano,RUA VIA VENETO,1363,SOBRELOJA LOJA 6,,,SANTA FELICIDADE,,Estabelecimento de outras finalidades,CURSO DE DJ,Único,,7,1,82020470
410690205050148,Urbano,RUA VIA VENETO,1363,SOBRELOJA LOJA 5,,,SANTA FELICIDADE,,Estabelecimento de outras finalidades,EASYCOMP AGENCIA DE EMPREGOS,Único,,7,1,82020470
410690205050148,Urbano,RUA VIA VENETO,1363,TERREO LOJA 4,,,SANTA FELICIDADE,,Estabelecimento de outras finalidades,OTICA,Único,,7,1,82020470
410690205050148,Urbano,RUA VIA VENETO,1363,TERREO LOJA 3,,,SANTA FELICIDADE,,Estabelecimento de outras finalidades,LOTERIAS,Único,,7,1,82020470
410690205050148,Urbano,RUA VIA VENETO,1363,TERREO LOJA 2,,,SANTA FELICIDADE,,Estabelecimento de outras finalidades,BREVE LOJA DE UTILIDADES,Único,,7,1,82020470
410690205050148,Urbano,RUA VIA VENETO,1363,TERREO LOJA 1,,,SANTA FELICIDADE,,Estabelecimento de outras finalidades,BAR,Único,,7,1,82020470
410690205050148,Urbano,RUA ZEM BERTAPELLE,480,CASA 1,,,SANTA FELICIDADE,,Domicílio particular,,-0,,6,4,82030430
410690205050148,Urbano,RUA ZEM BERTAPELLE,480,CASA 2,,,SANTA FELICIDADE,,Domicílio particular,,-0,,6,4,82030430
410690205050148,Urbano,RUA ZEM BERTAPELLE,440,CASA 4,,,SANTA FELICIDADE,,Domicílio particular,,-0,,6,4,82030430
410690205050148,Urbano,RUA ZEM BERTAPELLE,440,CASA 3,,,SANTA FELICIDADE,,Domicílio particular,,-0,,6,4,82030430
410690205050148,Urbano,RUA ZEM BERTAPELLE,440,CASA 2,,,SANTA FELICIDADE,,Domicílio particular,,-0,,6,4,82030430
410690205050148,Urbano,RUA ZEM BERTAPELLE,440,CASA 1,,,SANTA FELICIDADE,,Domicílio particular,,-0,,6,4,82030430
410690205050148,Urbano,RUA ZEM BERTAPELLE,420,,,,SANTA FELICIDADE,,Domicílio particular,,-0,,6,4,82030430
410690205050148,Urbano,RUA ZEM BERTAPELLE,410,,,,SANTA FELICIDADE,,Domicílio particular,,-0,,6,4,82030430
410690205050148,Urbano,RUA ZEM BERTAPELLE,343,,,,SANTA FELICIDADE,,Domicílio particular,,-0,,6,4,82030430
410690205050148,Urbano,RUA ZEM BERTAPELLE,340,,,,SANTA FELICIDADE,,Domicílio particular,,-0,,6,4,82030430
410690205050148,Urbano,RUA ZEM BERTAPELLE,339,,,,SANTA FELICIDADE,,Domicílio particular,,-0,,6,4,82030430
410690205050148,Urbano,RUA ZEM BERTAPELLE,337,,,,SANTA FELICIDADE,,Estabelecimento de outras finalidades,OFICINA,Único,,6,4,82030430
410690205050148,Urbano,RUA ZEM BERTAPELLE,336,,,,SANTA FELICIDADE,,Domicílio particular,,-0,,6,4,82030430
410690205050148,Urbano,RUA ZEM BERTAPELLE,334,,,,SANTA FELICIDADE,,Domicílio particular,,-0,,6,4,82030430
410690205050148,Urbano,RUA ZEM BERTAPELLE,333,,,,SANTA FELICIDADE,,Domicílio particular,,-0,,6,4,82030430
410690205050148,Urbano,RUA ZEM BERTAPELLE,SN,,,,SANTA FELICIDADE,,Domicílio particular,,-0,,6,4,82030430
410690205050148,Urbano,RUA ZEM BERTAPELLE,SN,,,,SANTA FELICIDADE,,Estabelecimento de outras finalidades,RUA DA CIDADANIA,Múltiplo,,6,4,82030430
410690205050148,Urbano,RUA VIA VENETO,SN,,,,SANTA FELICIDADE,,Estabelecimento de outras finalidades,TERMINAL DE ONIBUS,Múltiplo,,6,3,82020470
410690205050148,Urbano,RUA SANTA BERTILLA BOSCARDIN,SN,,,,SANTA FELICIDADE,,Estabelecimento de outras finalidades,RUA DA CIDADANIA,Múltiplo,,6,2,82020490
410690205050148,Urbano,RUA SANTA BERTILLA BOSCARDIN,315,CASA 21,,,SANTA FELICIDADE,,Domicílio particular,,-0,,6,2,82020490
410690205050148,Urbano,RUA SANTA BERTILLA BOSCARDIN,315,CASA 20,,,SANTA FELICIDADE,,Domicílio particular,,-0,,6,2,82020490
410690205050148,Urbano,RUA SANTA BERTILLA BOSCARDIN,315,CASA 19,,,SANTA FELICIDADE,,Domicílio particular,,-0,,6,2,82020490
410690205050148,Urbano,RUA SANTA BERTILLA BOSCARDIN,315,CASA 17,,,SANTA FELICIDADE,,Domicílio particular,,-0,,6,2,82020490
410690205050148,Urbano,RUA SANTA BERTILLA BOSCARDIN,315,CASA 16,,,SANTA FELICIDADE,,Domicílio particular,,-0,,6,2,82020490
410690205050148,Urbano,RUA SANTA BERTILLA BOSCARDIN,315,CASA 15,,,SANTA FELICIDADE,,Domicílio particular,,-0,,6,2,82020490
410690205050148,Urbano,RUA SANTA BERTILLA BOSCARDIN,315,CASA 14,,,SANTA FELICIDADE,,Domicílio particular,,-0,,6,2,82020490
410690205050148,Urbano,RUA SANTA BERTILLA BOSCARDIN,315,CASA 13,,,SANTA FELICIDADE,,Domicílio particular,,-0,,6,2,82020490
410690205050148,Urbano,RUA SANTA BERTILLA BOSCARDIN,315,CASA 12,,,SANTA FELICIDADE,,Domicílio particular,,-0,,6,2,82020490
410690205050148,Urbano,RUA SANTA BERTILLA BOSCARDIN,315,CASA 11,,,SANTA FELICIDADE,,Domicílio particular,,-0,,6,2,82020490
410690205050148,Urbano,RUA SANTA BERTILLA BOSCARDIN,315,CASA 10,,,SANTA FELICIDADE,,Domicílio particular,,-0,,6,2,82020490
410690205050148,Urbano,RUA SANTA BERTILLA BOSCARDIN,315,CASA 9,,,SANTA FELICIDADE,,Domicílio particular,,-0,,6,2,82020490
410690205050148,Urbano,RUA SANTA BERTILLA BOSCARDIN,315,CASA 8,,,SANTA FELICIDADE,,Domicílio particular,,-0,,6,2,82020490
410690205050148,Urbano,RUA SANTA BERTILLA BOSCARDIN,315,CASA 7,,,SANTA FELICIDADE,,Domicílio particular,,-0,,6,2,82020490
410690205050148,Urbano,RUA SANTA BERTILLA BOSCARDIN,315,CASA 6,,,SANTA FELICIDADE,,Domicílio particular,,-0,,6,2,82020490
410690205050148,Urbano,RUA SANTA BERTILLA BOSCARDIN,315,CASA 5,,,SANTA FELICIDADE,,Domicílio particular,,-0,,6,2,82020490
410690205050148,Urbano,RUA SANTA BERTILLA BOSCARDIN,315,CASA 4,,,SANTA FELICIDADE,,Domicílio particular,,-0,,6,2,82020490
410690205050148,Urbano,RUA SANTA BERTILLA BOSCARDIN,315,CASA 3,,,SANTA FELICIDADE,,Domicílio particular,,-0,,6,2,82020490
410690205050148,Urbano,RUA SANTA BERTILLA BOSCARDIN,315,CASA 2,,,SANTA FELICIDADE,,Edificação em construção,,-0,,6,2,82020490
410690205050148,Urbano,RUA SANTA BERTILLA BOSCARDIN,SN,,,,SANTA FELICIDADE,,Domicílio particular,,-0,,6,2,82020490
410690205050148,Urbano,RUA SANTA BERTILLA BOSCARDIN,351,,,,SANTA FELICIDADE,,Domicílio particular,,-0,,6,2,82020490
410690205050148,Urbano,RUA SANTA BERTILLA BOSCARDIN,367,,,,SANTA FELICIDADE,,Domicílio particular,,-0,,6,2,82020490
410690205050148,Urbano,RUA SANTA BERTILLA BOSCARDIN,411,,,,SANTA FELICIDADE,,Domicílio particular,,-0,,6,2,82020490
410690205050148,Urbano,RUA SEM DENOMINACAO,455,CASA 20,,,SANTA FELICIDADE,,Domicílio particular,,-0,,6,1,82030000
410690205050148,Urbano,RUA SEM DENOMINACAO,455,CASA 18,,,SANTA FELICIDADE,,Domicílio particular,,-0,,6,1,82030000
410690205050148,Urbano,RUA SEM DENOMINACAO,455,CASA 17,,,SANTA FELICIDADE,,Domicílio particular,,-0,,6,1,82030000
410690205050148,Urbano,RUA SEM DENOMINACAO,455,CASA 16,,,SANTA FELICIDADE,,Domicílio particular,,-0,,6,1,82030000
410690205050148,Urbano,RUA SEM DENOMINACAO,455,CASA 15,,,SANTA FELICIDADE,,Domicílio particular,,-0,,6,1,82030000
410690205050148,Urbano,RUA SEM DENOMINACAO,455,CASA 13,,,SANTA FELICIDADE,,Domicílio particular,,-0,,6,1,82030000
410690205050148,Urbano,RUA SEM DENOMINACAO,455,CASA 12,,,SANTA FELICIDADE,,Domicílio particular,,-0,,6,1,82030000
410690205050148,Urbano,RUA SEM DENOMINACAO,455,CASA 11,,,SANTA FELICIDADE,,Domicílio particular,,-0,,6,1,82030000
410690205050148,Urbano,RUA SEM DENOMINACAO,455,CASA 10,,,SANTA FELICIDADE,,Domicílio particular,,-0,,6,1,82030000
410690205050148,Urbano,RUA SEM DENOMINACAO,455,CASA 9,,,SANTA FELICIDADE,,Domicílio particular,,-0,,6,1,82030000
410690205050148,Urbano,RUA SEM DENOMINACAO,455,CASA 8,,,SANTA FELICIDADE,,Domicílio particular,,-0,,6,1,82030000
410690205050148,Urbano,RUA SEM DENOMINACAO,455,CASA 7,,,SANTA FELICIDADE,,Domicílio particular,,-0,,6,1,82030000
410690205050148,Urbano,RUA SEM DENOMINACAO,455,CASA 6,,,SANTA FELICIDADE,,Domicílio particular,,-0,,6,1,82030000
410690205050148,Urbano,RUA SEM DENOMINACAO,455,CASA 4,,,SANTA FELICIDADE,,Domicílio particular,,-0,,6,1,82030000
410690205050148,Urbano,RUA SEM DENOMINACAO,455,CASA 2,,,SANTA FELICIDADE,,Domicílio particular,,-0,,6,1,82030000
410690205050148,Urbano,RUA SEM DENOMINACAO,455,CASA 1,,,SANTA FELICIDADE,,Domicílio particular,,-0,,6,1,82030000
410690205050148,Urbano,RUA NATAL PEDRO DALLA STELLA,SN,,,,SANTA FELICIDADE,,Domicílio particular,,-0,,5,1,82030490
410690205050148,Urbano,RUA NATAL PEDRO DALLA STELLA,SN,SOBRELOJA,,,SANTA FELICIDADE,,Domicílio particular,,-0,,5,1,82030490
410690205050148,Urbano,RUA NATAL PEDRO DALLA STELLA,SN,LOJA 3,,,SANTA FELICIDADE,,Estabelecimento de outras finalidades,VAGO,Único,,5,1,82030490
410690205050148,Urbano,RUA NATAL PEDRO DALLA STELLA,SN,LOJA 2,,,SANTA FELICIDADE,,Estabelecimento de outras finalidades,VAGO,Único,,5,1,82030490
410690205050148,Urbano,RUA NATAL PEDRO DALLA STELLA,SN,LOJA 1,,,SANTA FELICIDADE,,Estabelecimento de outras finalidades,VAGO,Único,,5,1,82030490
410690205050148,Urbano,RUA ZEM BERTAPELLE,328,,,,SANTA FELICIDADE,,Domicílio particular,,-0,,4,4,82030430
410690205050148,Urbano,RUA ZEM BERTAPELLE,316,,,,SANTA FELICIDADE,,Domicílio particular,,-0,,4,4,82030430
410690205050148,Urbano,RUA ZEM BERTAPELLE,294,,,,SANTA FELICIDADE,,Domicílio particular,,-0,,4,4,82030430
410690205050148,Urbano,RUA ZEM BERTAPELLE,SN,,,,SANTA FELICIDADE,,Estabelecimento de outras finalidades,BIBLIOTECA,Único,,4,4,82030430
410690205050148,Urbano,RUA ZEM BERTAPELLE,SN,,,,SANTA FELICIDADE,,Estabelecimento de ensino,ESCOLA MUNICIPAL VINHEDOS,Único,,4,4,82030430
410690205050148,Urbano,RUA ZEM BERTAPELLE,230,,,,SANTA FELICIDADE,,Estabelecimento de outras finalidades,CLUBE DE PESCA,Único,,4,4,82030430
410690205050148,Urbano,RUA ZEM BERTAPELLE,156,LOJA 2,,,SANTA FELICIDADE,,Estabelecimento de outras finalidades,VAGO,Único,,4,4,82030430
410690205050148,Urbano,RUA ZEM BERTAPELLE,156,LOJA 1,,,SANTA FELICIDADE,,Estabelecimento de outras finalidades,VAGO,Único,,4,4,82030430
410690205050148,Urbano,RUA ZEM BERTAPELLE,637,CASA 1,,,SANTA FELICIDADE,,Domicílio particular,,-0,,4,4,82030430
410690205050148,Urbano,RUA ZEM BERTAPELLE,639,,,,SANTA FELICIDADE,,Domicílio particular,,-0,,4,4,82030430
410690205050148,Urbano,RUA ZEM BERTAPELLE,80,,,,SANTA FELICIDADE,,Estabelecimento de outras finalidades,IZILDA MODAS LOJA DE ROUPAS,Único,,4,4,82030430
410690205050148,Urbano,RUA VIA VENETO,1490,,,,SANTA FELICIDADE,,Estabelecimento de outras finalidades,IGREJA INT DA GRACA DE DEUS,Único,,4,3,82020470
410690205050148,Urbano,RUA VIA VENETO,1460,,,,SANTA FELICIDADE,,Estabelecimento de outras finalidades,AUTO ESCOLA VENETO,Único,,4,3,82020470
410690205050148,Urbano,RUA MADRE CLELIA MERLONI,385,CASA a,,,SANTA FELICIDADE,,Domicílio particular,,-0,,4,2,82030480
410690205050148,Urbano,RUA MADRE CLELIA MERLONI,385,CASA b,,,SANTA FELICIDADE,,Domicílio particular,,-0,,4,2,82030480
410690205050148,Urbano,RUA MADRE CLELIA MERLONI,387,,,,SANTA FELICIDADE,,Domicílio particular,,-0,,4,2,82030480
410690205050148,Urbano,RUA MADRE CLELIA MERLONI,391,CASA 2,,,SANTA FELICIDADE,,Domicílio particular,,-0,,4,2,82030480
410690205050148,Urbano,RUA MADRE CLELIA MERLONI,391,CASA 1,,,SANTA FELICIDADE,,Domicílio particular,,-0,,4,2,82030480
410690205050148,Urbano,RUA MADRE CLELIA MERLONI,429,,,,SANTA FELICIDADE,,Domicílio particular,,-0,,4,2,82030480
410690205050148,Urbano,RUA MADRE CLELIA MERLONI,445,CASA 14,,,SANTA FELICIDADE,,Domicílio particular,,-0,,4,2,82030480
410690205050148,Urbano,RUA MADRE CLELIA MERLONI,445,CASA 13,,,SANTA FELICIDADE,,Domicílio particular,,-0,,4,2,82030480
410690205050148,Urbano,RUA MADRE CLELIA MERLONI,445,CASA 12,,,SANTA FELICIDADE,,Domicílio particular,,-0,,4,2,82030480
410690205050148,Urbano,RUA MADRE CLELIA MERLONI,445,CASA 11,,,SANTA FELICIDADE,,Domicílio particular,,-0,,4,2,82030480
410690205050148,Urbano,RUA MADRE CLELIA MERLONI,445,CASA 10,,,SANTA FELICIDADE,,Domicílio particular,,-0,,4,2,82030480
410690205050148,Urbano,RUA MADRE CLELIA MERLONI,445,CASA 9,,,SANTA FELICIDADE,,Domicílio particular,,-0,,4,2,82030480
410690205050148,Urbano,RUA MADRE CLELIA MERLONI,445,CASA 8,,,SANTA FELICIDADE,,Domicílio particular,,-0,,4,2,82030480
410690205050148,Urbano,RUA MADRE CLELIA MERLONI,445,CASA 2,,,SANTA FELICIDADE,,Domicílio particular,,-0,,4,2,82030480
410690205050148,Urbano,RUA MADRE CLELIA MERLONI,507,CASA 2,,,SANTA FELICIDADE,,Domicílio particular,,-0,,4,2,82030480
410690205050148,Urbano,RUA MADRE CLELIA MERLONI,507,CASA 1,,,SANTA FELICIDADE,,Domicílio particular,,-0,,4,2,82030480
410690205050148,Urbano,RUA NATAL PEDRO DALLA STELLA,423,CASA 2,,,SANTA FELICIDADE,,Domicílio particular,,-0,,4,1,82030490
410690205050148,Urbano,RUA NATAL PEDRO DALLA STELLA,423,CASA 1,,,SANTA FELICIDADE,,Domicílio particular,,-0,,4,1,82030490
410690205050148,Urbano,RUA NATAL PEDRO DALLA STELLA,437,,,,SANTA FELICIDADE,,Domicílio particular,,-0,,4,1,82030490
410690205050148,Urbano,RUA NATAL PEDRO DALLA STELLA,451,,,,SANTA FELICIDADE,,Domicílio particular,,-0,,4,1,82030490
410690205050148,Urbano,RUA NATAL PEDRO DALLA STELLA,461,,,,SANTA FELICIDADE,,Domicílio particular,,-0,,4,1,82030490
410690205050148,Urbano,RUA NATAL PEDRO DALLA STELLA,481,,,,SANTA FELICIDADE,,Estabelecimento de ensino,ESCOLA MUNICIPAL,Único,,4,1,82030490
410690205050148,Urbano,RUA NATAL PEDRO DALLA STELLA,43,,,,SANTA FELICIDADE,,Estabelecimento de outras finalidades,IGREJA,Único,,4,1,82030490
410690205050148,Urbano,RUA NATAL PEDRO DALLA STELLA,43,CASA b,,,SANTA FELICIDADE,,Domicílio particular,,-0,,4,1,82030490
410690205050148,Urbano,RUA NATAL PEDRO DALLA STELLA,43,CASA a,,,SANTA FELICIDADE,,Domicílio particular,,-0,,4,1,82030490
410690205050148,Urbano,RUA NATAL PEDRO DALLA STELLA,740,,,,SANTA FELICIDADE,,Domicílio particular,,-0,,4,1,82030490
410690205050148,Urbano,RUA NATAL PEDRO DALLA STELLA,559,,,,SANTA FELICIDADE,,Domicílio particular,,-0,,4,1,82030490
410690205050148,Urbano,RUA NATAL PEDRO DALLA STELLA,59,CASA 3,,,SANTA FELICIDADE,,Domicílio particular,,-0,,4,1,82030490
410690205050148,Urbano,RUA NATAL PEDRO DALLA STELLA,59,CASA 2,,,SANTA FELICIDADE,,Domicílio particular,,-0,,4,1,82030490
410690205050148,Urbano,RUA NATAL PEDRO DALLA STELLA,59,CASA 1,,,SANTA FELICIDADE,,Domicílio particular,,-0,,4,1,82030490
410690205050148,Urbano,RUA NATAL PEDRO DALLA STELLA,126,,,,SANTA FELICIDADE,,Domicílio particular,,-0,,3,3,82030490
410690205050148,Urbano,RUA ANTONIO BARTAPELI,820,,,,SANTA FELICIDADE,,Domicílio particular,,-0,,3,2,82030460
410690205050148,Urbano,RUA ZEM BERTAPELLE,474,,,,SANTA FELICIDADE,,Domicílio particular,,-0,,2,4,82030430
410690205050148,Urbano,RUA ZEM BERTAPELLE,460,,,,SANTA FELICIDADE,,Domicílio particular,,-0,,2,4,82030430
410690205050148,Urbano,RUA ZEM BERTAPELLE,436,,,,SANTA FELICIDADE,,Domicílio particular,,-0,,2,4,82030430
410690205050148,Urbano,RUA ZEM BERTAPELLE,422,,,,SANTA FELICIDADE,,Domicílio particular,,-0,,2,4,82030430
410690205050148,Urbano,RUA JOAO FESTA,13,,,,SANTA FELICIDADE,,Domicílio particular,,-0,,2,3,82030440
410690205050148,Urbano,RUA JOAO FESTA,15,,,,SANTA FELICIDADE,,Domicílio particular,,-0,,2,3,82030440
410690205050148,Urbano,RUA JOAO FESTA,14,CASA 2,,,SANTA FELICIDADE,,Domicílio particular,,-0,,2,3,82030440
410690205050148,Urbano,RUA JOAO FESTA,14,CASA 1,,,SANTA FELICIDADE,,Domicílio particular,,-0,,2,3,82030440
410690205050148,Urbano,RUA ANTONIO BARTAPELI,49,,,,SANTA FELICIDADE,,Estabelecimento de outras finalidades,BRECHO,Único,,2,2,82030460
410690205050148,Urbano,RUA ANTONIO BARTAPELI,49,,,,SANTA FELICIDADE,,Domicílio particular,,-0,,2,2,82030460
410690205050148,Urbano,RUA ANTONIO BARTAPELI,63,CASA 2,,,SANTA FELICIDADE,,Domicílio particular,,-0,,2,2,82030460
410690205050148,Urbano,RUA ANTONIO BARTAPELI,63,CASA 1,,,SANTA FELICIDADE,,Domicílio particular,,-0,,2,2,82030460
410690205050148,Urbano,RUA ANTONIO BARTAPELI,75,,,,SANTA FELICIDADE,,Domicílio particular,,-0,,2,2,82030460
410690205050148,Urbano,RUA ANTONIO BARTAPELI,120,,,,SANTA FELICIDADE,,Domicílio particular,,-0,,2,2,82030460
410690205050148,Urbano,RUA ANTONIO BARTAPELI,126,,,,SANTA FELICIDADE,,Estabelecimento de outras finalidades,FERRO VELHO,Único,,2,2,82030460
410690205050148,Urbano,RUA ANTONIO BARTAPELI,126,,,,SANTA FELICIDADE,,Domicílio particular,,-0,,2,2,82030460
410690205050148,Urbano,RUA DOUTOR MARIO ESMANHOTTO,299,,,,SANTA FELICIDADE,,Domicílio particular,,-0,,2,1,82030450
410690205050148,Urbano,RUA DOUTOR MARIO ESMANHOTTO,52,CASA 2,,,SANTA FELICIDADE,,Domicílio particular,,-0,,2,1,82030450
410690205050148,Urbano,RUA DOUTOR MARIO ESMANHOTTO,52,CASA 1,,,SANTA FELICIDADE,,Domicílio particular,,-0,,2,1,82030450
410690205050148,Urbano,RUA DOUTOR MARIO ESMANHOTTO,302,,,,SANTA FELICIDADE,,Domicílio particular,,-0,,2,1,82030450
410690205050148,Urbano,RUA ZEM BERTAPELLE,580,,,,SANTA FELICIDADE,,Domicílio particular,,-0,,1,4,82030430
410690205050148,Urbano,RUA ZEM BERTAPELLE,556,,,,SANTA FELICIDADE,,Domicílio particular,,-0,,1,4,82030430
410690205050148,Urbano,RUA ZEM BERTAPELLE,544,,,,SANTA FELICIDADE,,Domicílio particular,,-0,,1,4,82030430
410690205050148,Urbano,RUA ZEM BERTAPELLE,532,,,,SANTA FELICIDADE,,Domicílio particular,,-0,,1,4,82030430
410690205050148,Urbano,RUA ZEM BERTAPELLE,520,,,,SANTA FELICIDADE,,Domicílio particular,,-0,,1,4,82030430
410690205050148,Urbano,RUA DOUTOR MARIO ESMANHOTTO,29,CASA a,,,SANTA FELICIDADE,,Domicílio particular,,-0,,1,3,82030450
410690205050148,Urbano,RUA DOUTOR MARIO ESMANHOTTO,29,CASA 3,,,SANTA FELICIDADE,,Domicílio particular,,-0,,1,3,82030450
410690205050148,Urbano,RUA DOUTOR MARIO ESMANHOTTO,29,CASA d,,,SANTA FELICIDADE,,Domicílio particular,,-0,,1,3,82030450
410690205050148,Urbano,RUA DOUTOR MARIO ESMANHOTTO,296,,,,SANTA FELICIDADE,,Domicílio particular,,-0,,1,3,82030450
410690205050148,Urbano,RUA DOUTOR MARIO ESMANHOTTO,297,CASA 3,,,SANTA FELICIDADE,,Domicílio particular,,-0,,1,3,82030450
410690205050148,Urbano,RUA DOUTOR MARIO ESMANHOTTO,297,CASA 2,,,SANTA FELICIDADE,,Domicílio particular,,-0,,1,3,82030450
410690205050148,Urbano,RUA DOUTOR MARIO ESMANHOTTO,297,CASA 1,,,SANTA FELICIDADE,,Domicílio particular,,-0,,1,3,82030450
410690205050148,Urbano,RUA DOUTOR MARIO ESMANHOTTO,298,,,,SANTA FELICIDADE,,Domicílio particular,,-0,,1,3,82030450
410690205050148,Urbano,RUA DOUTOR MARIO ESMANHOTTO,115,CASA b,,,SANTA FELICIDADE,,Domicílio particular,,-0,,1,3,82030450
410690205050148,Urbano,RUA DOUTOR MARIO ESMANHOTTO,115,CASA a,,,SANTA FELICIDADE,,Domicílio particular,,-0,,1,3,82030450
410690205050148,Urbano,RUA DOUTOR MARIO ESMANHOTTO,95,,,,SANTA FELICIDADE,,Domicílio particular,,-0,,1,3,82030450
410690205050148,Urbano,RUA ANTONIO BARTAPELI,115,,,,SANTA FELICIDADE,,Domicílio particular,,-0,,1,2,82030460
410690205050148,Urbano,RUA ANTONIO BARTAPELI,133,,,,SANTA FELICIDADE,,Domicílio particular,,-0,,1,2,82030460
410690205050148,Urbano,RUA ANTONIO BARTAPELI,145,,,,SANTA FELICIDADE,,Domicílio particular,,-0,,1,2,82030460
410690205050148,Urbano,RUA ANTONIO BARTAPELI,71,,,,SANTA FELICIDADE,,Domicílio particular,,-0,,1,2,82030460
410690205050148,Urbano,RUA ANTONIO BARTAPELI,44,,,,SANTA FELICIDADE,,Domicílio particular,,-0,,1,2,82030460
410690205050148,Urbano,RUA ANTONIO BARTAPELI,183,,,,SANTA FELICIDADE,,Domicílio particular,,-0,,1,2,82030460
410690205050148,Urbano,RUA SEBASTIAO SANTOS,256,CASA 2,,,SANTA FELICIDADE,,Domicílio particular,,-0,,1,1,82030420
410690205050148,Urbano,RUA SEBASTIAO SANTOS,256,CASA 1,,,SANTA FELICIDADE,,Domicílio particular,,-0,,1,1,82030420
410690205050148,Urbano,RUA SEBASTIAO SANTOS,236,,,,SANTA FELICIDADE,,Domicílio particular,,-0,,1,1,82030420
410690205050148,Urbano,RUA SEBASTIAO SANTOS,226,,,,SANTA FELICIDADE,,Domicílio particular,,-0,,1,1,82030420
410690205050148,Urbano,RUA SEBASTIAO SANTOS,SN,CASA 3,,,SANTA FELICIDADE,,Domicílio particular,,-0,,1,1,82030420
410690205050148,Urbano,RUA SEBASTIAO SANTOS,SN,CASA 2,,,SANTA FELICIDADE,,Domicílio particular,,-0,,1,1,82030420
410690205050148,Urbano,RUA SEBASTIAO SANTOS,SN,CASA 1,,,SANTA FELICIDADE,,Domicílio particular,,-0,,1,1,82030420
410690205050148,Urbano,RUA SEBASTIAO SANTOS,198,FRENTE,,,SANTA FELICIDADE,,Domicílio particular,,-0,,1,1,82030420
410690205050148,Urbano,RUA SEBASTIAO SANTOS,182,,,,SANTA FELICIDADE,,Domicílio particular,,-0,,1,1,82030420
410690205050148,Urbano,RUA ROZALINA COLODEL DURIGAN,109,CASA 1,,,SANTA FELICIDADE,,Domicílio particular,,-0,,12,3,82030530
410690205050148,Urbano,RUA SEBASTIAO SANTOS,212,CASA 4,,,SANTA FELICIDADE,,Domicílio particular,,-0,,1,1,82030420
410690205050148,Urbano,RUA SEBASTIAO SANTOS,226,FUNDOS,,,SANTA FELICIDADE,,Domicílio particular,,-0,,1,1,82030420
410690205050148,Urbano,RUA DOUTOR MARIO ESMANHOTTO,297,FRENTE,,,SANTA FELICIDADE,,Domicílio particular,,-0,,1,3,82030450
410690205050148,Urbano,RUA JOAO FESTA,12,CASA,,,SANTA FELICIDADE,,Domicílio particular,,-0,,3,1,82030440
410690205050148,Urbano,RUA NATAL PEDRO DALLA STELLA,43,CASA 3,,,SANTA FELICIDADE,,Domicílio particular,,-0,,4,1,82030490
410690205050148,Urbano,RUA NATAL PEDRO DALLA STELLA,43,CASA 2,,,SANTA FELICIDADE,,Domicílio particular,,-0,,4,1,82030490
410690205050148,Urbano,RUA NATAL PEDRO DALLA STELLA,547,CASA,,,SANTA FELICIDADE,,Domicílio particular,,-0,,4,1,82030490
410690205050148,Urbano,RUA MADRE CLELIA MERLONI,391,FUNDOS,,,SANTA FELICIDADE,,Domicílio particular,,-0,,4,2,82030480
410690205050148,Urbano,RUA ZEM BERTAPELLE,124,,,,SANTA FELICIDADE,,Estabelecimento de outras finalidades,TERRAPLANAGEM,Único,,4,4,82030430
410690205050148,Urbano,RUA ZEM BERTAPELLE,156,CASA FUNDOS,,,SANTA FELICIDADE,,Domicílio particular,,-0,,4,4,82030430
410690205050148,Urbano,RUA ZEM BERTAPELLE,294,FUNDOS,,,SANTA FELICIDADE,,Domicílio particular,,-0,,4,4,82030430
410690205050148,Urbano,AVENIDA MANOEL RIBAS,6252,ANEXO,,,SANTA FELICIDADE,,Domicílio particular,,-0,,7,3,82020000
410690205050148,Urbano,RUA MADRE CLELIA MERLONI,SN,SOBRELOJA,,,SANTA FELICIDADE,,Domicílio particular,,-0,,8,2,82030480
410690205050148,Urbano,AVENIDA MANOEL RIBAS,6460,FUNDOS,,,SANTA FELICIDADE,,Domicílio particular,,-0,,8,3,82020000
410690205050148,Urbano,RUA NEURACI NEVES DO NASCIMENTO,119,FUNDOS,,,SANTA FELICIDADE,,Domicílio particular,,-0,,9,2,82020720
410690205050148,Urbano,RUA NEURACI NEVES DO NASCIMENTO,119,PORAO,,,SANTA FELICIDADE,,Domicílio particular,,-0,,9,2,82020720
410690205050148,Urbano,RUA NEURACI NEVES DO NASCIMENTO,101,TERREO,,,SANTA FELICIDADE,,Estabelecimento de outras finalidades,SALAO SUNSET,Único,,9,2,82020720
410690205050148,Urbano,RUA NEURACI NEVES DO NASCIMENTO,101,APARTAMENTO,,,SANTA FELICIDADE,,Domicílio particular,,-0,,9,2,82020720
410690205050148,Urbano,RUA NEURACI NEVES DO NASCIMENTO,SN,CASA,,,SANTA FELICIDADE,,Domicílio particular,,-0,,9,2,82020720
410690205050148,Urbano,AVENIDA MANOEL RIBAS,6576,CASA,,,SANTA FELICIDADE,,Domicílio particular,,-0,,9,3,82020000
410690205050148,Urbano,AVENIDA MANOEL RIBAS,6636,SOBRELOJA APARTAMENTO 1,,,SANTA FELICIDADE,,Domicílio particular,,-0,,10,3,82020000
410690205050148,Urbano,AVENIDA MANOEL RIBAS,6636,SOBRELOJA APARTAMENTO 2,,,SANTA FELICIDADE,,Domicílio particular,,-0,,10,3,82020000
410690205050148,Urbano,RUA SEBASTIAO SANTOS,236,CASA 2,,,SANTA FELICIDADE,,Domicílio particular,,-0,,1,1,82030420
410690205050148,Urbano,RUA SEBASTIAO SANTOS,236,CASA 3,,,SANTA FELICIDADE,,Domicílio particular,,-0,,1,1,82030420
410690205050148,Urbano,RUA SEBASTIAO SANTOS,236,CASA 4,,,SANTA FELICIDADE,,Domicílio particular,,-0,,1,1,82030420
410690205050148,Urbano,RUA SEBASTIAO SANTOS,198,CASA FUNDOS,,,SANTA FELICIDADE,,Domicílio particular,,-0,,1,1,82030420
410690205050148,Urbano,RUA SEBASTIAO SANTOS,SN,CASA 4,,,SANTA FELICIDADE,,Domicílio particular,,-0,,1,1,82030420
410690205050148,Urbano,RUA ZEM BERTAPELLE,334,CASA FUNDOS,,,SANTA FELICIDADE,,Domicílio particular,,-0,,6,4,82030430
410690205050148,Urbano,RUA ZEM BERTAPELLE,337,CASA FUNDOS,,,SANTA FELICIDADE,,Domicílio particular,,-0,,6,4,82030430
