Código da unidade geográfica,Situação do setor,Logradouro,Número no logradouro,Complemento,Latitude,Longitude,Localidade,Ponto de referência,Espécie de endereço,Tipo de estabelecimento,Indicador de endereço,Identificação domicílio coletivo,Número da quadra,Número da face,CEP
410690205050163,Urbano,RUA FRANCISCO DE ASSIS C DA SILVA,202,CASA 1,,,CURITIBA,,Domicílio particular,,-0,,2,18,82015645
410690205050163,Urbano,RUA FRANCISCO DE ASSIS C DA SILVA,271,FRENTE,,,CURITIBA,,Domicílio particular,,-0,,2,18,82015645
410690205050163,Urbano,RUA FRANCISCO DE ASSIS C DA SILVA,222,,,,CURITIBA,,Domicílio particular,,-0,,2,18,82015645
410690205050163,Urbano,RUA FRANCISCO DE ASSIS C DA SILVA,247,,,,CURITIBA,,Domicílio particular,,-0,,2,18,82015645
410690205050163,Urbano,RUA FRANCISCO DE ASSIS C DA SILVA,SN,CASA,,,CURITIBA,,Domicílio particular,,-0,,2,18,82015645
410690205050163,Urbano,RUA FRANCISCO DE ASSIS C DA SILVA,223,,,,CURITIBA,,Domicílio particular,,-0,,2,18,82015645
410690205050163,Urbano,RUA STEPHANO REVA,61,,,,CURITIBA,,Domicílio particular,,-0,,2,19,82015640
410690205050163,Urbano,RUA STEPHANO REVA,31,,,,CURITIBA,,Domicílio particular,,-0,,2,19,82015640
410690205050163,Urbano,RUA STEPHANO REVA,27,,,,CURITIBA,,Domicílio particular,,-0,,2,19,82015640
410690205050163,Urbano,RUA ANTONIO ESCORSIN,54,,,,,,Domicílio particular,,-0,,3,1,82310010
410690205050163,Urbano,RUA ANTONIO ESCORSIN,389,,,,,,Estabelecimento de outras finalidades,COMERCIO DE PRODUTOS QUIMICOS,Único,,3,1,82310010
410690205050163,Urbano,RUA MARGARIDA DALLARMI,102,,,,,,Domicílio particular,,-0,,3,2,82015690
410690205050163,Urbano,RUA MARGARIDA DALLARMI,106,,,,,,Domicílio particular,,-0,,3,2,82015690
410690205050163,Urbano,RUA MARGARIDA DALLARMI,204,SOBRADO 8,,,,,Domicílio particular,,-0,,3,2,82015690
410690205050163,Urbano,RUA MARGARIDA DALLARMI,204,SOBRADO 7,,,,,Domicílio particular,,-0,,3,2,82015690
410690205050163,Urbano,RUA MARGARIDA DALLARMI,204,SOBRADO 6,,,,,Domicílio particular,,-0,,3,2,82015690
410690205050163,Urbano,RUA MARGARIDA DALLARMI,204,SOBRADO 5,,,,,Domicílio particular,,-0,,3,2,82015690
410690205050163,Urbano,RUA MARGARIDA DALLARMI,204,SOBRADO 4,,,,,Domicílio particular,,-0,,3,2,82015690
410690205050163,Urbano,RUA MARGARIDA DALLARMI,204,SOBRADO 3,,,,,Domicílio particular,,-0,,3,2,82015690
410690205050163,Urbano,RUA MARGARIDA DALLARMI,204,SOBRADO 2,,,,,Domicílio particular,,-0,,3,2,82015690
410690205050163,Urbano,RUA MARGARIDA DALLARMI,204,SOBRADO 1,,,,,Domicílio particular,,-0,,3,2,82015690
410690205050163,Urbano,RUA WALDOMIRO ANTONIO DALARMI,160,SOBRADO 14,,,,,Domicílio particular,,-0,,3,3,82015700
410690205050163,Urbano,RUA WALDOMIRO ANTONIO DALARMI,160,SOBRADO 13,,,,,Domicílio particular,,-0,,3,3,82015700
410690205050163,Urbano,RUA WALDOMIRO ANTONIO DALARMI,160,SOBRADO 12,,,,,Domicílio particular,,-0,,3,3,82015700
410690205050163,Urbano,RUA WALDOMIRO ANTONIO DALARMI,160,SOBRADO 11,,,,,Domicílio particular,,-0,,3,3,82015700
410690205050163,Urbano,RUA WALDOMIRO ANTONIO DALARMI,160,SOBRADO 7,,,,,Domicílio particular,,-0,,3,3,82015700
410690205050163,Urbano,RUA WALDOMIRO ANTONIO DALARMI,160,SOBRADO 4,,,,,Domicílio particular,,-0,,3,3,82015700
410690205050163,Urbano,RUA WALDOMIRO ANTONIO DALARMI,160,SOBRADO 3,,,,,Domicílio particular,,-0,,3,3,82015700
410690205050163,Urbano,RUA WALDOMIRO ANTONIO DALARMI,160,SOBRADO 2,,,,,Domicílio particular,,-0,,3,3,82015700
410690205050163,Urbano,RUA WALDOMIRO ANTONIO DALARMI,160,SOBRADO 1,,,,,Domicílio particular,,-0,,3,3,82015700
410690205050163,Urbano,RUA ANGELO DALLARMI,207,LOTE,,,CURITIBA,,Estabelecimento de outras finalidades,LOTE VAGO,Único,,3,4,82015750
410690205050163,Urbano,RUA ANGELO DALLARMI,47,,,,CURITIBA,,Domicílio particular,,-0,,3,4,82015750
410690205050163,Urbano,RUA FRANCISCO DE ASSIS C DA SILVA,202,CASA 2,,,CURITIBA,,Domicílio particular,,-0,,2,18,82015645
410690205050163,Urbano,RUA FRANCISCO DE ASSIS C DA SILVA,293,FRENTE,,,CURITIBA,,Domicílio particular,,-0,,2,18,82015645
410690205050163,Urbano,RUA FRANCISCO DE ASSIS C DA SILVA,294,CONJUNTO CASA 1,,,CURITIBA,,Domicílio particular,,-0,,2,18,82015645
410690205050163,Urbano,RUA FRANCISCO DE ASSIS C DA SILVA,294,CONJUNTO CASA 2,,,CURITIBA,,Domicílio particular,,-0,,2,18,82015645
410690205050163,Urbano,RUA FRANCISCO DE ASSIS C DA SILVA,294,CONJUNTO CASA 3,,,CURITIBA,,Domicílio particular,,-0,,2,18,82015645
410690205050163,Urbano,RUA FRANCISCO DE ASSIS C DA SILVA,294,CONJUNTO CASA 4,,,CURITIBA,,Domicílio particular,,-0,,2,18,82015645
410690205050163,Urbano,RUA FRANCISCO DE ASSIS C DA SILVA,294,CONJUNTO CASA 5,,,CURITIBA,,Domicílio particular,,-0,,2,18,82015645
410690205050163,Urbano,RUA FRANCISCO DE ASSIS C DA SILVA,294,CONJUNTO CASA 6,,,CURITIBA,,Domicílio particular,,-0,,2,18,82015645
410690205050163,Urbano,RUA FRANCISCO DE ASSIS C DA SILVA,294,CONJUNTO CASA 8,,,CURITIBA,,Domicílio particular,,-0,,2,18,82015645
410690205050163,Urbano,RUA FRANCISCO DE ASSIS C DA SILVA,294,CONJUNTO CASA 9,,,CURITIBA,,Domicílio particular,,-0,,2,18,82015645
410690205050163,Urbano,RUA FRANCISCO DE ASSIS C DA SILVA,294,CONJUNTO CASA 10,,,CURITIBA,,Domicílio particular,,-0,,2,18,82015645
410690205050163,Urbano,RUA FRANCISCO DE ASSIS C DA SILVA,294,CONJUNTO CASA 11,,,CURITIBA,,Domicílio particular,,-0,,2,18,82015645
410690205050163,Urbano,RUA FRANCISCO DE ASSIS C DA SILVA,189,SOBRADO 1,,,CURITIBA,,Domicílio particular,,-0,,2,17,82015645
410690205050163,Urbano,RUA FRANCISCO DE ASSIS C DA SILVA,189,SOBRADO 2,,,CURITIBA,,Domicílio particular,,-0,,2,17,82015645
410690205050163,Urbano,RUA FRANCISCO DE ASSIS C DA SILVA,272,,,,CURITIBA,,Domicílio particular,,-0,,2,17,82015645
410690205050163,Urbano,RUA FRANCISCO DE ASSIS C DA SILVA,231,,,,CURITIBA,,Edificação em construção,,-0,,2,17,82015645
410690205050163,Urbano,RUA FRANCISCO DE ASSIS C DA SILVA,236,,,,CURITIBA,,Domicílio particular,,-0,,2,17,82015645
410690205050163,Urbano,RUA FRANCISCO DE ASSIS C DA SILVA,253,,,,CURITIBA,,Domicílio particular,,-0,,2,17,82015645
410690205050163,Urbano,RUA FRANCISCO DE ASSIS C DA SILVA,200,SOBRADO 1,,,CURITIBA,,Domicílio particular,,-0,,2,17,82015645
410690205050163,Urbano,RUA FRANCISCO DE ASSIS C DA SILVA,200,SOBRADO 2,,,CURITIBA,,Domicílio particular,,-0,,2,17,82015645
410690205050163,Urbano,RUA STEPHANO REVA,87,,,,CURITIBA,,Domicílio particular,,-0,,2,16,82015640
410690205050163,Urbano,RUA STEPHANO REVA,99,SOBRADO 1,,,CURITIBA,,Domicílio particular,,-0,,2,16,82015640
410690205050163,Urbano,RUA STEPHANO REVA,99,SOBRADO 2,,,CURITIBA,,Domicílio particular,,-0,,2,16,82015640
410690205050163,Urbano,RUA STEPHANO REVA,99,SOBRADO 3,,,CURITIBA,,Domicílio particular,,-0,,2,16,82015640
410690205050163,Urbano,RUA LUIZ BATISTA GNOATO,248,SOBRADO a,,,CURITIBA,,Domicílio particular,,-0,,2,15,82015280
410690205050163,Urbano,RUA LUIZ BATISTA GNOATO,230,SOBRADO 2,,,CURITIBA,,Domicílio particular,,-0,,2,15,82015280
410690205050163,Urbano,RUA LUIZ BATISTA GNOATO,218,,,,CURITIBA,,Domicílio particular,,-0,,2,15,82015280
410690205050163,Urbano,RUA LUIZ BATISTA GNOATO,284,CONJUNTO CASA 1,,,CURITIBA,,Domicílio particular,,-0,,2,14,82015280
410690205050163,Urbano,RUA LUIZ BATISTA GNOATO,284,CONJUNTO CASA 2,,,CURITIBA,,Domicílio particular,,-0,,2,14,82015280
410690205050163,Urbano,RUA LUIZ BATISTA GNOATO,284,CONJUNTO CASA 3,,,CURITIBA,,Domicílio particular,,-0,,2,14,82015280
410690205050163,Urbano,RUA LUIZ BATISTA GNOATO,284,CONJUNTO CASA 4,,,CURITIBA,,Domicílio particular,,-0,,2,14,82015280
410690205050163,Urbano,RUA LUIZ BATISTA GNOATO,284,CONJUNTO CASA 5,,,CURITIBA,,Domicílio particular,,-0,,2,14,82015280
410690205050163,Urbano,RUA LUIZ BATISTA GNOATO,284,CONJUNTO CASA 6,,,CURITIBA,,Domicílio particular,,-0,,2,14,82015280
410690205050163,Urbano,RUA LUIZ BATISTA GNOATO,284,CONJUNTO CASA 7,,,CURITIBA,,Domicílio particular,,-0,,2,14,82015280
410690205050163,Urbano,RUA LUIZ BATISTA GNOATO,284,CONJUNTO CASA 8,,,CURITIBA,,Domicílio particular,,-0,,2,14,82015280
410690205050163,Urbano,RUA LUIZ BATISTA GNOATO,284,CONJUNTO CASA 9,,,CURITIBA,,Domicílio particular,,-0,,2,14,82015280
410690205050163,Urbano,RUA LUIZ BATISTA GNOATO,284,CONJUNTO CASA 10,,,CURITIBA,,Domicílio particular,,-0,,2,14,82015280
410690205050163,Urbano,RUA LUIZ BATISTA GNOATO,284,CONJUNTO CASA 11,,,CURITIBA,,Domicílio particular,,-0,,2,14,82015280
410690205050163,Urbano,RUA LUIZ BATISTA GNOATO,284,CONJUNTO CASA 12,,,CURITIBA,,Domicílio particular,,-0,,2,14,82015280
410690205050163,Urbano,RUA LUIZ BATISTA GNOATO,284,CONJUNTO CASA 13,,,CURITIBA,,Domicílio particular,,-0,,2,14,82015280
410690205050163,Urbano,RUA LUIZ BATISTA GNOATO,284,CONJUNTO CASA 14,,,CURITIBA,,Domicílio particular,,-0,,2,14,82015280
410690205050163,Urbano,RUA LUIZ BATISTA GNOATO,284,CONJUNTO CASA 15,,,CURITIBA,,Domicílio particular,,-0,,2,14,82015280
410690205050163,Urbano,RUA LUIZ BATISTA GNOATO,284,CONJUNTO CASA 16,,,CURITIBA,,Domicílio particular,,-0,,2,14,82015280
410690205050163,Urbano,RUA LUIZ BATISTA GNOATO,284,CONJUNTO CASA 17,,,CURITIBA,,Domicílio particular,,-0,,2,14,82015280
410690205050163,Urbano,RUA LUIZ BATISTA GNOATO,189,,,,CURITIBA,,Domicílio particular,,-0,,2,14,82015280
410690205050163,Urbano,RUA LUIZ BATISTA GNOATO,221,,,,CURITIBA,,Domicílio particular,,-0,,2,14,82015280
410690205050163,Urbano,RUA LUIZ BATISTA GNOATO,235,,,,CURITIBA,,Domicílio particular,,-0,,2,14,82015280
410690205050163,Urbano,RUA LUIZ BATISTA GNOATO,220,,,,CURITIBA,,Domicílio particular,,-0,,2,14,82015280
410690205050163,Urbano,RUA STEPHANO REVA,145,,,,CURITIBA,,Domicílio particular,,-0,,2,13,82015640
410690205050163,Urbano,RUA STEPHANO REVA,161,,,,CURITIBA,,Domicílio particular,,-0,,2,13,82015640
410690205050163,Urbano,RUA STEPHANO REVA,175,,,,CURITIBA,,Domicílio particular,,-0,,2,13,82015640
410690205050163,Urbano,RUA ALTAIR PROBST,183,SOBRADO b,,,CURITIBA,,Domicílio particular,,-0,,2,12,82015680
410690205050163,Urbano,RUA ALTAIR PROBST,183,SOBRADO c,,,CURITIBA,,Domicílio particular,,-0,,2,12,82015680
410690205050163,Urbano,RUA ALTAIR PROBST,SN,CASA,,,CURITIBA,,Edificação em construção,,-0,,2,12,82015680
410690205050163,Urbano,RUA ALTAIR PROBST,390,SOBRADO 1,,,CURITIBA,,Domicílio particular,,-0,,2,12,82015680
410690205050163,Urbano,RUA ALTAIR PROBST,390,SOBRADO 2,,,CURITIBA,,Domicílio particular,,-0,,2,12,82015680
410690205050163,Urbano,RUA ALTAIR PROBST,477,SOBRADO 1,,,CURITIBA,,Domicílio particular,,-0,,2,12,82015680
410690205050163,Urbano,RUA ALTAIR PROBST,477,SOBRADO 2,,,CURITIBA,,Domicílio particular,,-0,,2,12,82015680
410690205050163,Urbano,RUA ALTAIR PROBST,477,SOBRADO 3,,,CURITIBA,,Domicílio particular,,-0,,2,12,82015680
410690205050163,Urbano,RUA ALTAIR PROBST,477,SOBRADO 4,,,CURITIBA,,Domicílio particular,,-0,,2,12,82015680
410690205050163,Urbano,RUA ALTAIR PROBST,477,SOBRADO 5,,,CURITIBA,,Domicílio particular,,-0,,2,12,82015680
410690205050163,Urbano,RUA ALTAIR PROBST,477,SOBRADO 6,,,CURITIBA,,Domicílio particular,,-0,,2,12,82015680
410690205050163,Urbano,RUA ALTAIR PROBST,477,SOBRADO 7,,,CURITIBA,,Domicílio particular,,-0,,2,12,82015680
410690205050163,Urbano,RUA ALTAIR PROBST,477,SOBRADO 8,,,CURITIBA,,Domicílio particular,,-0,,2,12,82015680
410690205050163,Urbano,RUA ALTAIR PROBST,476,CASA c3,,,CURITIBA,,Domicílio particular,,-0,,2,11,82015680
410690205050163,Urbano,RUA ALTAIR PROBST,434,,,,CURITIBA,,Domicílio particular,,-0,,2,11,82015680
410690205050163,Urbano,RUA ALTAIR PROBST,413,,,,CURITIBA,,Domicílio particular,,-0,,2,11,82015680
410690205050163,Urbano,RUA STEPHANO REVA,209,SOBRADO 1,,,CURITIBA,,Domicílio particular,,-0,,2,10,82015640
410690205050163,Urbano,RUA STEPHANO REVA,209,SOBRADO 2,,,CURITIBA,,Domicílio particular,,-0,,2,10,82015640
410690205050163,Urbano,RUA STEPHANO REVA,209,SOBRADO 3,,,CURITIBA,,Domicílio particular,,-0,,2,10,82015640
410690205050163,Urbano,RUA STEPHANO REVA,223,,,,CURITIBA,,Domicílio particular,,-0,,2,10,82015640
410690205050163,Urbano,RUA STEPHANO REVA,249,,,,CURITIBA,,Domicílio particular,,-0,,2,10,82015640
410690205050163,Urbano,RUA STEPHANO REVA,263,,,,CURITIBA,,Domicílio particular,,-0,,2,10,82015640
410690205050163,Urbano,RUA STEPHANO REVA,SN,LOTE,,,CURITIBA,,Estabelecimento de outras finalidades,LOTE,Único,,2,10,82015640
410690205050163,Urbano,RUA STEPHANO REVA,287,,,,CURITIBA,,Domicílio particular,,-0,,2,10,82015640
410690205050163,Urbano,RUA STEPHANO REVA,315,SOBRADO 1,,,CURITIBA,,Domicílio particular,,-0,,2,10,82015640
410690205050163,Urbano,RUA STEPHANO REVA,315,SOBRADO 2,,,CURITIBA,,Domicílio particular,,-0,,2,10,82015640
410690205050163,Urbano,RUA ERVA MATE,300,,,,CURITIBA,,Domicílio particular,,-0,,2,9,82015650
410690205050163,Urbano,RUA ERVA MATE,212,,,,CURITIBA,,Domicílio particular,,-0,,2,9,82015650
410690205050163,Urbano,RUA ERVA MATE,247,SOBRADO c1,,,CURITIBA,,Domicílio particular,,-0,,2,8,82015650
410690205050163,Urbano,RUA ERVA MATE,247,SOBRADO c2,,,CURITIBA,,Domicílio particular,,-0,,2,8,82015650
410690205050163,Urbano,RUA ANTONIO RAFAEL SARTORI,23,SOBRADO c3,,,CURITIBA,,Domicílio particular,,-0,,2,7,82015660
410690205050163,Urbano,RUA ANTONIO RAFAEL SARTORI,23,SOBRADO c4,,,CURITIBA,,Domicílio particular,,-0,,2,7,82015660
410690205050163,Urbano,RUA ANTONIO RAFAEL SARTORI,43,SOBRADO a,,,CURITIBA,,Domicílio particular,,-0,,2,7,82015660
410690205050163,Urbano,RUA ANTONIO RAFAEL SARTORI,43,SOBRADO b,,,CURITIBA,,Domicílio particular,,-0,,2,7,82015660
410690205050163,Urbano,RUA ANTONIO RAFAEL SARTORI,43,SOBRADO c,,,CURITIBA,,Domicílio particular,,-0,,2,7,82015660
410690205050163,Urbano,RUA ANTONIO RAFAEL SARTORI,55,SOBRADO a,,,CURITIBA,,Domicílio particular,,-0,,2,7,82015660
410690205050163,Urbano,RUA ANTONIO RAFAEL SARTORI,55,SOBRADO b,,,CURITIBA,,Domicílio particular,,-0,,2,7,82015660
410690205050163,Urbano,RUA DANTE MILLARCH,168,,,,CURITIBA,,Domicílio particular,,-0,,2,6,82015670
410690205050163,Urbano,RUA ANGELO DALLARMI,406,,,,CURITIBA,,Domicílio particular,,-0,,2,5,82015750
410690205050163,Urbano,RUA ANGELO DALLARMI,350,,,,CURITIBA,,Domicílio particular,,-0,,2,5,82015750
410690205050163,Urbano,RUA ANGELO DALLARMI,334,,,,CURITIBA,,Domicílio particular,,-0,,2,5,82015750
410690205050163,Urbano,RUA ANGELO DALLARMI,328,SOBRADO 1,,,CURITIBA,,Domicílio particular,,-0,,2,5,82015750
410690205050163,Urbano,RUA ANGELO DALLARMI,328,SOBRADO 2,,,CURITIBA,,Domicílio particular,,-0,,2,5,82015750
410690205050163,Urbano,RUA ANGELO DALLARMI,328,SOBRADO 3,,,CURITIBA,,Domicílio particular,,-0,,2,5,82015750
410690205050163,Urbano,RUA ANGELO DALLARMI,328,SOBRADO 4,,,CURITIBA,,Domicílio particular,,-0,,2,5,82015750
410690205050163,Urbano,RUA ANGELO DALLARMI,328,SOBRADO 5,,,CURITIBA,,Domicílio particular,,-0,,2,5,82015750
410690205050163,Urbano,RUA ANGELO DALLARMI,328,SOBRADO 6,,,CURITIBA,,Domicílio particular,,-0,,2,5,82015750
410690205050163,Urbano,RUA ANGELO DALLARMI,328,SOBRADO 7,,,CURITIBA,,Domicílio particular,,-0,,2,5,82015750
410690205050163,Urbano,RUA ANGELO DALLARMI,328,SOBRADO 8,,,CURITIBA,,Domicílio particular,,-0,,2,5,82015750
410690205050163,Urbano,RUA ANGELO DALLARMI,290,,,,CURITIBA,,Edificação em construção,,-0,,2,5,82015750
410690205050163,Urbano,RUA WALDOMIRO ANTONIO DALARMI,213,,,,,,Domicílio particular,,-0,,2,3,82015700
410690205050163,Urbano,RUA ANGELO DALLARMI,206,,,,CURITIBA,,Domicílio particular,,-0,,2,2,82015750
410690205050163,Urbano,RUA ANTONIO ESCORSIN,751,CASA 3,,,,,Domicílio particular,,-0,,2,1,82015700
410690205050163,Urbano,RUA ANTONIO ESCORSIN,52,,,,,,Domicílio particular,,-0,,2,1,82015700
410690205050163,Urbano,RUA JOSE TOMASI,SN,SOBRADO TERREO LOJA 2,,,CURITIBA,,Estabelecimento de outras finalidades,CASA LOTERICA,Único,,1,7,82015630
410690205050163,Urbano,RUA JOSE TOMASI,SN,SOBRADO TERREO LOJA 3,,,CURITIBA,,Estabelecimento de outras finalidades,ACOUGUE,Único,,1,7,82015630
410690205050163,Urbano,RUA JOSE TOMASI,751,,,,CURITIBA,,Domicílio particular,,-0,,1,7,82015630
410690205050163,Urbano,RUA JOSE TOMASI,779,,,,CURITIBA,,Domicílio particular,,-0,,1,7,82015630
410690205050163,Urbano,RUA FRANCISCO CZAR DE LIMA,171,,,,CURITIBA,,Domicílio particular,,-0,,1,5,82015646
410690205050163,Urbano,RUA JOSE TOMASI,825,,,,CURITIBA,,Domicílio particular,,-0,,1,4,82015630
410690205050163,Urbano,RUA JOSE TOMASI,843,,,,CURITIBA,,Domicílio particular,,-0,,1,4,82015630
410690205050163,Urbano,RUA JOSE TOMASI,853,,,,CURITIBA,,Estabelecimento de outras finalidades,ELETRONICA,Único,,1,4,82015630
410690205050163,Urbano,RUA JOSE TOMASI,853,,,,CURITIBA,,Domicílio particular,,-0,,1,4,82015630
410690205050163,Urbano,RUA JOSE TOMASI,SN,,,,CURITIBA,,Estabelecimento de outras finalidades,LOJAS,Múltiplo,,1,4,82015630
410690205050163,Urbano,RUA JOSE TOMASI,865,FUNDOS,,,CURITIBA,,Domicílio particular,,-0,,1,4,82015630
410690205050163,Urbano,RUA JOSE TOMASI,865,FRENTE,,,CURITIBA,,Domicílio particular,,-0,,1,4,82015630
410690205050163,Urbano,RUA JOSE TOMASI,877,,,,CURITIBA,,Domicílio particular,,-0,,1,4,82015630
410690205050163,Urbano,RUA JOSE TOMASI,887,,,,CURITIBA,,Domicílio particular,,-0,,1,4,82015630
410690205050163,Urbano,RUA JOSE TOMASI,SN,LOTE,,,CURITIBA,,Estabelecimento de outras finalidades,LOTE,Único,,1,4,82015630
410690205050163,Urbano,RUA JOSE TOMASI,921,SOBRADO 1,,,CURITIBA,,Domicílio particular,,-0,,1,4,82015630
410690205050163,Urbano,RUA JOSE TOMASI,921,SOBRADO 2,,,CURITIBA,,Domicílio particular,,-0,,1,4,82015630
410690205050163,Urbano,RUA JOSE TOMASI,921,SOBRADO 3,,,CURITIBA,,Domicílio particular,,-0,,1,4,82015630
410690205050163,Urbano,RUA JOSE TOMASI,921,SOBRADO 4,,,CURITIBA,,Domicílio particular,,-0,,1,4,82015630
410690205050163,Urbano,RUA JOSE TOMASI,931,,,,CURITIBA,,Domicílio particular,,-0,,1,4,82015630
410690205050163,Urbano,RUA JOSE TOMASI,941,,,,CURITIBA,,Estabelecimento de outras finalidades,BARRACAO,Único,,1,4,82015630
410690205050163,Urbano,RUA JOSE TOMASI,953,,,,CURITIBA,,Domicílio particular,,-0,,1,4,82015630
410690205050163,Urbano,RUA JOSE TOMASI,965,,,,CURITIBA,,Domicílio particular,,-0,,1,4,82015630
410690205050163,Urbano,RUA JOSE TOMASI,540,,,,CURITIBA,,Edificação em construção,,-0,,1,4,82015630
410690205050163,Urbano,RUA JOSE TOMASI,993,,,,CURITIBA,,Domicílio particular,,-0,,1,4,82015630
410690205050163,Urbano,RUA JOSE TOMASI,1015,SOBRADO 1,,,CURITIBA,,Domicílio particular,,-0,,1,4,82015630
410690205050163,Urbano,RUA JOSE TOMASI,1015,SOBRADO 2,,,CURITIBA,,Domicílio particular,,-0,,1,4,82015630
410690205050163,Urbano,RUA JOSE TOMASI,1015,SOBRADO 3,,,CURITIBA,,Domicílio particular,,-0,,1,4,82015630
410690205050163,Urbano,RUA JOSE TOMASI,1015,SOBRADO 4,,,CURITIBA,,Domicílio particular,,-0,,1,4,82015630
410690205050163,Urbano,RUA JOSE TOMASI,1025,,,,CURITIBA,,Domicílio particular,,-0,,1,4,82015630
410690205050163,Urbano,RUA JOAO BALLA,24,,,,CURITIBA,,Domicílio particular,,-0,,1,3,82015630
410690205050163,Urbano,RUA JOAO BALLA,SN,,,,CURITIBA,,Edificação em construção,,-0,,1,3,82015630
410690205050163,Urbano,RUA JOAO BALLA,846,,,,CURITIBA,,Domicílio particular,,-0,,1,3,82015630
410690205050163,Urbano,RUA STEPHANO REVA,230,,,,CURITIBA,,Domicílio particular,,-0,,1,2,82015640
410690205050163,Urbano,RUA STEPHANO REVA,264,,,,CURITIBA,,Domicílio particular,,-0,,1,2,82015640
410690205050163,Urbano,RUA STEPHANO REVA,250,,,,CURITIBA,,Domicílio particular,,-0,,1,2,82015640
410690205050163,Urbano,RUA STEPHANO REVA,236,,,,CURITIBA,,Domicílio particular,,-0,,1,2,82015640
410690205050163,Urbano,RUA STEPHANO REVA,224,,,,CURITIBA,,Domicílio particular,,-0,,1,2,82015640
410690205050163,Urbano,RUA STEPHANO REVA,212,,,,CURITIBA,,Domicílio particular,,-0,,1,2,82015640
410690205050163,Urbano,RUA STEPHANO REVA,148,LOTE,,,CURITIBA,,Estabelecimento de outras finalidades,LOTE,Único,,1,2,82015640
410690205050163,Urbano,RUA STEPHANO REVA,66,,,,CURITIBA,,Domicílio particular,,-0,,1,2,82015640
410690205050163,Urbano,RUA ANTONIO ESCORSIN,SN,LOTE,,,CURITIBA,,Edificação em construção,,-0,,1,1,82310010
410690205050163,Urbano,RUA ANTONIO ESCORSIN,901,SOBRADO TERREO LOJA 1,,,CURITIBA,,Estabelecimento de outras finalidades,LOJA DE PRESENTES,Único,,1,1,82310010
410690205050163,Urbano,RUA ANTONIO ESCORSIN,901,SOBRADO TERREO LOJA 2,,,CURITIBA,,Estabelecimento de outras finalidades,LAN HOUSE,Único,,1,1,82310010
410690205050163,Urbano,RUA ANTONIO ESCORSIN,901,SOBRADO TERREO LOJA 3,,,CURITIBA,,Estabelecimento de outras finalidades,LOJA DE ROUPAS,Único,,1,1,82310010
410690205050163,Urbano,RUA ANTONIO ESCORSIN,901,SOBRADO TERREO LOJA 4,,,CURITIBA,,Estabelecimento de outras finalidades,SALAO BOTANY,Único,,1,1,82310010
410690205050163,Urbano,RUA ANTONIO ESCORSIN,901,SOBRADO TERREO LOJA 5,,,CURITIBA,,Estabelecimento de outras finalidades,LOJA DE ROUPAS,Único,,1,1,82310010
410690205050163,Urbano,RUA ANTONIO ESCORSIN,901,SOBRADO TERREO LOJA 6,,,CURITIBA,,Estabelecimento de outras finalidades,6 E 7 FORMAM 1 ESTABELEC,Único,,1,1,82310010
410690205050163,Urbano,RUA ANTONIO ESCORSIN,901,SOBRADO TERREO LOJA 7,,,CURITIBA,,Estabelecimento de outras finalidades,MERCEARIA,Único,,1,1,82310010
410690205050163,Urbano,RUA ANTONIO ESCORSIN,901,SOBRADO TERREO LOJA 8,,,CURITIBA,,Estabelecimento de outras finalidades,AVIARIO,Único,,1,1,82310010
410690205050163,Urbano,RUA ANTONIO ESCORSIN,901,SOBRADO COBERTURA,,,CURITIBA,,Estabelecimento de outras finalidades,ESCRITORIOS,Múltiplo,,1,1,82310010
410690205050163,Urbano,RUA WALDOMIRO ANTONIO DALARMI,149,,,,SANTA FELICIDADE,,Domicílio particular,,-0,,4,1,82015700
410690205050163,Urbano,RUA WALDOMIRO ANTONIO DALARMI,131,,,,SANTA FELICIDADE,,Domicílio particular,,-0,,4,1,82015700
410690205050163,Urbano,RUA WALDOMIRO ANTONIO DALARMI,115,,,,SANTA FELICIDADE,,Domicílio particular,,-0,,4,1,82015700
410690205050163,Urbano,RUA WALDOMIRO ANTONIO DALARMI,101,,,,SANTA FELICIDADE,,Domicílio particular,,-0,,4,1,82015700
410690205050163,Urbano,RUA WALDOMIRO ANTONIO DALARMI,85,,,,SANTA FELICIDADE,,Domicílio particular,,-0,,4,1,82015700
410690205050163,Urbano,RUA MARGARIDA DALLARMI,46,,,,SANTA FELICIDADE,,Domicílio particular,,-0,,4,2,82015700
410690205050163,Urbano,RUA ANTONIO PARIZE,28,,,,SANTA FELICIDADE,,Estabelecimento de outras finalidades,ESCRITORIO DE CONTABILIDADE,Único,,4,3,82015700
410690205050163,Urbano,RUA ANTONIO PARIZE,54,,,,SANTA FELICIDADE,,Domicílio particular,,-0,,4,3,82015700
410690205050163,Urbano,RUA ANTONIO PARIZE,68,,,,SANTA FELICIDADE,,Domicílio particular,,-0,,4,3,82015700
410690205050163,Urbano,RUA ANTONIO PARIZE,84,,,,SANTA FELICIDADE,,Domicílio particular,,-0,,4,3,82015700
410690205050163,Urbano,RUA ANTONIO PARIZE,325,,,,SANTA FELICIDADE,,Domicílio particular,,-0,,4,3,82015700
410690205050163,Urbano,RUA ANTONIO PARIZE,106,,,,SANTA FELICIDADE,,Domicílio particular,,-0,,4,3,82015700
410690205050163,Urbano,RUA ANGELO DALLARMI,303,SOBRADO 4,,,SANTA FELICIDADE,,Domicílio particular,,-0,,4,4,82015700
410690205050163,Urbano,RUA ANGELO DALLARMI,303,SOBRADO 3,,,SANTA FELICIDADE,,Domicílio particular,,-0,,4,4,82015700
410690205050163,Urbano,RUA ANGELO DALLARMI,303,SOBRADO 2,,,SANTA FELICIDADE,,Domicílio particular,,-0,,4,4,82015700
410690205050163,Urbano,RUA ANGELO DALLARMI,303,SOBRADO 1,,,SANTA FELICIDADE,,Domicílio particular,,-0,,4,4,82015700
410690205050163,Urbano,RUA ANGELO DALLARMI,283,SOBRADO 5,,,SANTA FELICIDADE,,Domicílio particular,,-0,,4,4,82015700
410690205050163,Urbano,RUA ANGELO DALLARMI,283,SOBRADO 4,,,SANTA FELICIDADE,,Domicílio particular,,-0,,4,4,82015700
410690205050163,Urbano,RUA ANGELO DALLARMI,283,SOBRADO 3,,,SANTA FELICIDADE,,Domicílio particular,,-0,,4,4,82015700
410690205050163,Urbano,RUA ANGELO DALLARMI,283,SOBRADO 2,,,SANTA FELICIDADE,,Domicílio particular,,-0,,4,4,82015700
410690205050163,Urbano,RUA ANGELO DALLARMI,283,SOBRADO 1,,,SANTA FELICIDADE,,Domicílio particular,,-0,,4,4,82015700
410690205050163,Urbano,RUA ANTONIO PARIZE,111,,,,CURITIBA,,Domicílio particular,,-0,,5,1,82015690
410690205050163,Urbano,RUA ANTONIO PARIZE,91,,,,CURITIBA,,Domicílio particular,,-0,,5,1,82015690
410690205050163,Urbano,RUA ANTONIO PARIZE,6,,,,CURITIBA,,Domicílio particular,,-0,,5,1,82015690
410690205050163,Urbano,RUA ANTONIO PARIZE,61,,,,CURITIBA,,Domicílio particular,,-0,,5,1,82015690
410690205050163,Urbano,RUA ANTONIO PARIZE,45,,,,CURITIBA,,Domicílio particular,,-0,,5,1,82015690
410690205050163,Urbano,RUA ANTONIO ESCORSIN,197,,,,CURITIBA,,Domicílio particular,,-0,,6,1,82310010
410690205050163,Urbano,RUA ANTONIO ESCORSIN,193,SOBRADO 10,,,CURITIBA,,Domicílio particular,,-0,,6,1,82310010
410690205050163,Urbano,RUA ANTONIO ESCORSIN,193,SOBRADO 9,,,CURITIBA,,Domicílio particular,,-0,,6,1,82310010
410690205050163,Urbano,RUA ANTONIO ESCORSIN,193,SOBRADO 8,,,CURITIBA,,Domicílio particular,,-0,,6,1,82310010
410690205050163,Urbano,RUA ANTONIO ESCORSIN,193,SOBRADO 7,,,CURITIBA,,Estabelecimento de outras finalidades,LOTE,Múltiplo,,6,1,82310010
410690205050163,Urbano,RUA ANTONIO ESCORSIN,193,SOBRADO 6,,,CURITIBA,,Domicílio particular,,-0,,6,1,82310010
410690205050163,Urbano,RUA ANTONIO ESCORSIN,193,SOBRADO 5,,,CURITIBA,,Domicílio particular,,-0,,6,1,82310010
410690205050163,Urbano,RUA ANTONIO ESCORSIN,193,SOBRADO 4,,,CURITIBA,,Domicílio particular,,-0,,6,1,82310010
410690205050163,Urbano,RUA ANTONIO ESCORSIN,193,SOBRADO 3,,,CURITIBA,,Domicílio particular,,-0,,6,1,82310010
410690205050163,Urbano,RUA ANTONIO ESCORSIN,193,SOBRADO 2,,,CURITIBA,,Domicílio particular,,-0,,6,1,82310010
410690205050163,Urbano,RUA ANTONIO ESCORSIN,193,SOBRADO 1,,,CURITIBA,,Edificação em construção,,-0,,6,1,82310010
410690205050163,Urbano,RUA ANTONIO ESCORSIN,170,,,,CURITIBA,,Domicílio particular,,-0,,6,1,82310010
410690205050163,Urbano,RUA ANTONIO ESCORSIN,168,,,,CURITIBA,,Domicílio particular,,-0,,6,1,82310010
410690205050163,Urbano,RUA ANTONIO ESCORSIN,13,,,,CURITIBA,,Domicílio particular,,-0,,6,1,82310010
410690205050163,Urbano,RUA ANTONIO ESCORSIN,5249,CASA 8,,,CURITIBA,,Domicílio particular,,-0,,6,1,82310010
410690205050163,Urbano,RUA ANTONIO ESCORSIN,5249,CASA 7,,,CURITIBA,,Domicílio particular,,-0,,6,1,82310010
410690205050163,Urbano,RUA ANTONIO ESCORSIN,5249,CASA 6,,,CURITIBA,,Domicílio particular,,-0,,6,1,82310010
410690205050163,Urbano,RUA ANTONIO ESCORSIN,5249,CASA 5,,,CURITIBA,,Domicílio particular,,-0,,6,1,82310010
410690205050163,Urbano,RUA ANTONIO ESCORSIN,5249,CASA 4,,,CURITIBA,,Domicílio particular,,-0,,6,1,82310010
410690205050163,Urbano,RUA ANTONIO ESCORSIN,5249,CASA 3,,,CURITIBA,,Domicílio particular,,-0,,6,1,82310010
410690205050163,Urbano,RUA ANTONIO ESCORSIN,5249,CASA 2,,,CURITIBA,,Domicílio particular,,-0,,6,1,82310010
410690205050163,Urbano,RUA ANTONIO ESCORSIN,5249,CASA 1,,,CURITIBA,,Domicílio particular,,-0,,6,1,82310010
410690205050163,Urbano,RUA ANTONIO ESCORSIN,5205,,,,CURITIBA,,Estabelecimento de outras finalidades,SALAO DE FESTAS,Único,,6,1,82310010
410690205050163,Urbano,RUA RACHID PACIFICO FATUCH,28,CASA 2,,,SANTA FELICIDADE,,Domicílio particular,,-0,,6,2,82015700
410690205050163,Urbano,RUA RACHID PACIFICO FATUCH,28,CASA 1,,,SANTA FELICIDADE,,Domicílio particular,,-0,,6,2,82015700
410690205050163,Urbano,RUA RACHID PACIFICO FATUCH,64,,,,SANTA FELICIDADE,,Domicílio particular,,-0,,6,2,82015700
410690205050163,Urbano,RUA RACHID PACIFICO FATUCH,94,,,,SANTA FELICIDADE,,Domicílio particular,,-0,,6,2,82015700
410690205050163,Urbano,RUA RACHID PACIFICO FATUCH,124,,,,SANTA FELICIDADE,,Domicílio particular,,-0,,6,2,82015700
410690205050163,Urbano,RUA RACHID PACIFICO FATUCH,154,,,,SANTA FELICIDADE,,Domicílio particular,,-0,,6,2,82015700
410690205050163,Urbano,RUA ALBINO TESSEROLLI,168,,,,CURITIBA,,Domicílio particular,,-0,,6,3,82015210
410690205050163,Urbano,RUA CESAR CORREIA DE SOUZA PINTO JUNIOR,16,,,,CURITIBA,,Domicílio particular,,-0,,6,4,82015220
410690205050163,Urbano,RUA CESAR CORREIA DE SOUZA PINTO JUNIOR,54,,,,CURITIBA,,Domicílio particular,,-0,,6,4,82015220
410690205050163,Urbano,RUA CESAR CORREIA DE SOUZA PINTO JUNIOR,68,,,,CURITIBA,,Domicílio particular,,-0,,6,4,82015220
410690205050163,Urbano,RUA CESAR CORREIA DE SOUZA PINTO JUNIOR,74,,,,CURITIBA,,Domicílio particular,,-0,,6,4,82015220
410690205050163,Urbano,RUA CESAR CORREIA DE SOUZA PINTO JUNIOR,98,,,,CURITIBA,,Domicílio particular,,-0,,6,4,82015220
410690205050163,Urbano,RUA CESAR CORREIA DE SOUZA PINTO JUNIOR,113,,,,CURITIBA,,Domicílio particular,,-0,,6,5,82015220
410690205050163,Urbano,RUA CESAR CORREIA DE SOUZA PINTO JUNIOR,99,,,,CURITIBA,,Domicílio particular,,-0,,6,5,82015220
410690205050163,Urbano,RUA CESAR CORREIA DE SOUZA PINTO JUNIOR,85,,,,CURITIBA,,Domicílio particular,,-0,,6,5,82015220
410690205050163,Urbano,RUA CESAR CORREIA DE SOUZA PINTO JUNIOR,53,,,,CURITIBA,,Domicílio particular,,-0,,6,5,82015220
410690205050163,Urbano,RUA CESAR CORREIA DE SOUZA PINTO JUNIOR,37,,,,CURITIBA,,Domicílio particular,,-0,,6,5,82015220
410690205050163,Urbano,RUA ALBINO TESSEROLLI,156,SOBRADO 3,,,CURITIBA,,Domicílio particular,,-0,,6,6,82015210
410690205050163,Urbano,RUA ALBINO TESSEROLLI,156,SOBRADO 2,,,CURITIBA,,Domicílio particular,,-0,,6,6,82015210
410690205050163,Urbano,RUA ALBINO TESSEROLLI,156,SOBRADO 1,,,CURITIBA,,Domicílio particular,,-0,,6,6,82015210
410690205050163,Urbano,RUA JOSE SANTIAGO PALADINO,24,SOBRADO 2,,,CURITIBA,,Domicílio particular,,-0,,6,7,82015230
410690205050163,Urbano,RUA JOSE SANTIAGO PALADINO,24,SOBRADO 1,,,CURITIBA,,Domicílio particular,,-0,,6,7,82015230
410690205050163,Urbano,RUA JOSE SANTIAGO PALADINO,56,SOBRADO 4,,,CURITIBA,,Domicílio particular,,-0,,6,7,82015230
410690205050163,Urbano,RUA JOSE SANTIAGO PALADINO,56,SOBRADO 3,,,CURITIBA,,Domicílio particular,,-0,,6,7,82015230
410690205050163,Urbano,RUA JOSE SANTIAGO PALADINO,56,SOBRADO 2,,,CURITIBA,,Domicílio particular,,-0,,6,7,82015230
410690205050163,Urbano,RUA JOSE SANTIAGO PALADINO,56,SOBRADO 1,,,CURITIBA,,Domicílio particular,,-0,,6,7,82015230
410690205050163,Urbano,RUA JOSE SANTIAGO PALADINO,86,,,,CURITIBA,,Domicílio particular,,-0,,6,7,82015230
410690205050163,Urbano,RUA JOSE SANTIAGO PALADINO,SN,LOTE,,,CURITIBA,,Edificação em construção,,-0,,6,7,82015230
410690205050163,Urbano,RUA JOSE SANTIAGO PALADINO,130,,,,CURITIBA,,Domicílio particular,,-0,,6,7,82015230
410690205050163,Urbano,RUA JOSE SANTIAGO PALADINO,131,,,,CURITIBA,,Domicílio particular,,-0,,6,8,82015230
410690205050163,Urbano,RUA JOSE SANTIAGO PALADINO,55,,,,CURITIBA,,Domicílio particular,,-0,,6,8,82015230
410690205050163,Urbano,RUA JOSE SANTIAGO PALADINO,23,,,,CURITIBA,,Domicílio particular,,-0,,6,8,82015230
410690205050163,Urbano,RUA ALBINO TESSEROLLI,252,,,,CURITIBA,,Domicílio particular,,-0,,6,9,82015210
410690205050163,Urbano,RUA ALBINO TESSEROLLI,249,,,,CURITIBA,,Domicílio particular,,-0,,6,10,82015210
410690205050163,Urbano,RUA ALBINO TESSEROLLI,233,,,,CURITIBA,,Domicílio particular,,-0,,6,10,82015210
410690205050163,Urbano,RUA ALBINO TESSEROLLI,173,,,,CURITIBA,,Domicílio particular,,-0,,6,10,82015210
410690205050163,Urbano,RUA ALBINO TESSEROLLI,143,,,,CURITIBA,,Domicílio particular,,-0,,6,10,82015210
410690205050163,Urbano,RUA ALBINO TESSEROLLI,129,,,,CURITIBA,,Domicílio particular,,-0,,6,10,82015210
410690205050163,Urbano,RUA ALBINO TESSEROLLI,111,,,,CURITIBA,,Domicílio particular,,-0,,6,10,82015210
410690205050163,Urbano,RUA ALBINO TESSEROLLI,97,,,,CURITIBA,,Domicílio particular,,-0,,6,10,82015210
410690205050163,Urbano,RUA ALBINO TESSEROLLI,83,,,,CURITIBA,,Domicílio particular,,-0,,6,10,82015210
410690205050163,Urbano,RUA ALBINO TESSEROLLI,65,,,,CURITIBA,,Domicílio particular,,-0,,6,10,82015210
410690205050163,Urbano,RUA ALBINO TESSEROLLI,29,,,,CURITIBA,,Domicílio particular,,-0,,6,10,82015210
410690205050163,Urbano,RUA RACHID PACIFICO FATUCH,220,,,,CURITIBA,,Domicílio particular,,-0,,6,11,82015150
410690205050163,Urbano,RUA RACHID PACIFICO FATUCH,256,SOBRADO c2,,,CURITIBA,,Domicílio particular,,-0,,6,11,82015150
410690205050163,Urbano,RUA RACHID PACIFICO FATUCH,256,SOBRADO 1,,,CURITIBA,,Domicílio particular,,-0,,6,11,82015150
410690205050163,Urbano,RUA RACHID PACIFICO FATUCH,256,SOBRADO 3,,,CURITIBA,,Domicílio particular,,-0,,6,11,82015150
410690205050163,Urbano,RUA VALENTIN GUEDES,30,,,,CURITIBA,,Domicílio particular,,-0,,6,12,82015190
410690205050163,Urbano,RUA VALENTIN GUEDES,68,,,,CURITIBA,,Domicílio particular,,-0,,6,12,82015190
410690205050163,Urbano,RUA VALENTIN GUEDES,84,,,,CURITIBA,,Domicílio particular,,-0,,6,12,82015190
410690205050163,Urbano,RUA VALENTIN GUEDES,158,,,,CURITIBA,,Domicílio particular,,-0,,6,12,82015190
410690205050163,Urbano,RUA VALENTIN GUEDES,174,PORTAO,,,CURITIBA,,Estabelecimento de outras finalidades,AREA DE LAZER,Único,,6,12,82015190
410690205050163,Urbano,RUA VALENTIN GUEDES,218,,,,CURITIBA,,Domicílio particular,,-0,,6,12,82015190
410690205050163,Urbano,RUA VALENTIN GUEDES,256,,,,CURITIBA,,Domicílio particular,,-0,,6,12,82015190
410690205050163,Urbano,RUA MARGARIDA DALLARMI,SN,SOBRADO,,,CURITIBA,,Domicílio particular,,-0,,5,2,82015690
410690205050163,Urbano,RUA MARGARIDA DALLARMI,336,,,,CURITIBA,,Domicílio particular,,-0,,5,2,82015690
410690205050163,Urbano,RUA MARGARIDA DALLARMI,360,,,,CURITIBA,,Domicílio particular,,-0,,5,2,82015690
410690205050163,Urbano,RUA DANTE MILLARCH,380,,,,SANTA FELICIDADE,,Domicílio particular,,-0,,5,3,82015700
410690205050163,Urbano,RUA DANTE MILLARCH,50,,,,SANTA FELICIDADE,,Domicílio particular,,-0,,5,3,82015700
410690205050163,Urbano,RUA ANGELO DALLARMI,29,,,,CURITIBA,,Domicílio particular,,-0,,5,4,82015750
410690205050163,Urbano,RUA ANGELO DALLARMI,27,CASA 2,,,CURITIBA,,Domicílio particular,,-0,,5,4,82015750
410690205050163,Urbano,RUA ANGELO DALLARMI,27,CASA 1,,,CURITIBA,,Domicílio particular,,-0,,5,4,82015750
410690205050163,Urbano,RUA ANGELO DALLARMI,381,SOBRADO 3,,,CURITIBA,,Domicílio particular,,-0,,5,4,82015750
410690205050163,Urbano,RUA ANGELO DALLARMI,381,SOBRADO 2,,,CURITIBA,,Domicílio particular,,-0,,5,4,82015750
410690205050163,Urbano,RUA ANGELO DALLARMI,381,SOBRADO 1,,,CURITIBA,,Domicílio particular,,-0,,5,4,82015750
410690205050163,Urbano,RUA ANGELO DALLARMI,365,SOBRADO 2,,,CURITIBA,,Domicílio particular,,-0,,5,4,82015750
410690205050163,Urbano,RUA ANGELO DALLARMI,365,SOBRADO 1,,,CURITIBA,,Domicílio particular,,-0,,5,4,82015750
410690205050163,Urbano,RUA VALENTIN GUEDES,263,,,,CURITIBA,,Domicílio particular,,-0,,6,13,82015190
410690205050163,Urbano,RUA VALENTIN GUEDES,247,,,,CURITIBA,,Domicílio particular,,-0,,6,13,82015190
410690205050163,Urbano,RUA VALENTIN GUEDES,231,,,,CURITIBA,,Domicílio particular,,-0,,6,13,82015190
410690205050163,Urbano,RUA VALENTIN GUEDES,217,,,,CURITIBA,,Domicílio particular,,-0,,6,13,82015190
410690205050163,Urbano,RUA VALENTIN GUEDES,SN,PREDIO,,,CURITIBA,,Edificação em construção,,-0,,6,13,82015190
410690205050163,Urbano,RUA VALENTIN GUEDES,155,,,,CURITIBA,,Edificação em construção,,-0,,6,13,82015190
410690205050163,Urbano,RUA VALENTIN GUEDES,141,,,,CURITIBA,,Domicílio particular,,-0,,6,13,82015190
410690205050163,Urbano,RUA VALENTIN GUEDES,125,,,,CURITIBA,,Edificação em construção,,-0,,6,13,82015190
410690205050163,Urbano,RUA VALENTIN GUEDES,107,,,,CURITIBA,,Domicílio particular,,-0,,6,13,82015190
410690205050163,Urbano,RUA JORNALISTA CLEMENTE COMANDULLI,10,,,,CURITIBA,,Domicílio particular,,-0,,6,18,82015170
410690205050163,Urbano,RUA JORNALISTA CLEMENTE COMANDULLI,32,SOBRADO 3,,,CURITIBA,,Domicílio particular,,-0,,6,18,82015170
410690205050163,Urbano,RUA JORNALISTA CLEMENTE COMANDULLI,32,SOBRADO 2,,,CURITIBA,,Domicílio particular,,-0,,6,18,82015170
410690205050163,Urbano,RUA JORNALISTA CLEMENTE COMANDULLI,32,SOBRADO 1,,,CURITIBA,,Domicílio particular,,-0,,6,18,82015170
410690205050163,Urbano,RUA JORNALISTA CLEMENTE COMANDULLI,SN,LOTE,,,CURITIBA,,Estabelecimento de outras finalidades,LOTE,Único,,6,18,82015170
410690205050163,Urbano,RUA JORNALISTA CLEMENTE COMANDULLI,29,,,,CURITIBA,,Domicílio particular,,-0,,6,21,82015170
410690205050163,Urbano,RUA JORNALISTA CLEMENTE COMANDULLI,311,SOBRADO 3,,,CURITIBA,,Domicílio particular,,-0,,6,21,82015170
410690205050163,Urbano,RUA JORNALISTA CLEMENTE COMANDULLI,311,SOBRADO 2,,,CURITIBA,,Domicílio particular,,-0,,6,21,82015170
410690205050163,Urbano,RUA ALUIZIO PLOMBON,170,,,,CURITIBA,,Domicílio particular,,-0,,6,22,82015160
410690205050163,Urbano,RUA ALUIZIO PLOMBON,219,LOTE,,,CURITIBA,,Edificação em construção,,-0,,6,22,82015160
410690205050163,Urbano,RUA ALUIZIO PLOMBON,84,RUA_INTERNA,,,CURITIBA,,Domicílio particular,,-0,,6,22,82015160
410690205050163,Urbano,RUA ALUIZIO PLOMBON,8,,,,CURITIBA,,Domicílio particular,,-0,,6,23,82015160
410690205050163,Urbano,RUA ALUIZIO PLOMBON,215,,,,CURITIBA,,Domicílio particular,,-0,,6,23,82015160
410690205050163,Urbano,RUA JORNALISTA CLEMENTE COMANDULLI,398,SOBRADO 7,,,CURITIBA,,Domicílio particular,,-0,,6,24,82015170
410690205050163,Urbano,RUA JORNALISTA CLEMENTE COMANDULLI,398,SOBRADO 6,,,CURITIBA,,Domicílio particular,,-0,,6,24,82015170
410690205050163,Urbano,RUA JORNALISTA CLEMENTE COMANDULLI,398,SOBRADO 5,,,CURITIBA,,Domicílio particular,,-0,,6,24,82015170
410690205050163,Urbano,RUA JORNALISTA CLEMENTE COMANDULLI,398,SOBRADO 4,,,CURITIBA,,Edificação em construção,,-0,,6,24,82015170
410690205050163,Urbano,RUA JORNALISTA CLEMENTE COMANDULLI,398,SOBRADO 3,,,CURITIBA,,Edificação em construção,,-0,,6,24,82015170
410690205050163,Urbano,RUA FRANCISCO MATZECK,398,SOBRADO 2,,,CURITIBA,,Edificação em construção,,-0,,6,25,82015730
410690205050163,Urbano,RUA FRANCISCO MATZECK,398,SOBRADO 1,,,CURITIBA,,Edificação em construção,,-0,,6,25,82015730
410690205050163,Urbano,RUA FRANCISCO MATZECK,294,,,,CURITIBA,,Edificação em construção,,-0,,6,25,82015730
410690205050163,Urbano,RUA ESTELITA SARRAF SCORSIN,46,,,,CURITIBA,,Domicílio particular,,-0,,6,26,82015810
410690205050163,Urbano,RUA ESTELITA SARRAF SCORSIN,SN,RUA_INTERNA CASA 5,,,CURITIBA,,Domicílio particular,,-0,,6,27,82015810
410690205050163,Urbano,RUA ESTELITA SARRAF SCORSIN,SN,RUA_INTERNA CASA 4,,,CURITIBA,,Domicílio particular,,-0,,6,27,82015810
410690205050163,Urbano,RUA ESTELITA SARRAF SCORSIN,SN,RUA_INTERNA CASA 3,,,CURITIBA,,Domicílio particular,,-0,,6,27,82015810
410690205050163,Urbano,RUA ESTELITA SARRAF SCORSIN,SN,RUA_INTERNA CASA 2,,,CURITIBA,,Domicílio particular,,-0,,6,27,82015810
410690205050163,Urbano,RUA ESTELITA SARRAF SCORSIN,SN,RUA_INTERNA CASA 1,,,CURITIBA,,Domicílio particular,,-0,,6,27,82015810
410690205050163,Urbano,RUA FRANCISCO MATZECK,366,,,,CURITIBA,,Domicílio particular,,-0,,6,28,82015730
410690205050163,Urbano,RUA FRANCISCO MATZECK,382,,,,CURITIBA,,Edificação em construção,,-0,,6,28,82015730
410690205050163,Urbano,RUA FRANCISCO MATZECK,2,CASA 3,,,CURITIBA,,Domicílio particular,,-0,,6,28,82015730
410690205050163,Urbano,RUA FRANCISCO MATZECK,2,CASA 2,,,CURITIBA,,Domicílio particular,,-0,,6,28,82015730
410690205050163,Urbano,RUA FRANCISCO MATZECK,2,CASA 1,,,CURITIBA,,Domicílio particular,,-0,,6,28,82015730
410690205050163,Urbano,RUA FRANCISCO MATZECK,416,,,,CURITIBA,,Edificação em construção,,-0,,6,28,82015730
410690205050163,Urbano,RUA FRANCISCO MATZECK,434,,,,CURITIBA,,Edificação em construção,,-0,,6,28,82015730
410690205050163,Urbano,RUA FRANCISCO MATZECK,701,,,,CURITIBA,,Domicílio particular,,-0,,6,28,82015730
410690205050163,Urbano,RUA MARGARIDA DALLARMI,687,,,,CURITIBA,,Domicílio particular,,-0,,6,29,82015690
410690205050163,Urbano,RUA MARGARIDA DALLARMI,663,,,,CURITIBA,,Domicílio particular,,-0,,6,29,82015690
410690205050163,Urbano,RUA MARGARIDA DALLARMI,581,,,,CURITIBA,,Domicílio particular,,-0,,6,29,82015690
410690205050163,Urbano,RUA MARGARIDA DALLARMI,565,SOBRADO 4,,,CURITIBA,,Domicílio particular,,-0,,6,29,82015690
410690205050163,Urbano,RUA MARGARIDA DALLARMI,565,SOBRADO 3,,,CURITIBA,,Domicílio particular,,-0,,6,29,82015690
410690205050163,Urbano,RUA MARGARIDA DALLARMI,565,SOBRADO 2,,,CURITIBA,,Domicílio particular,,-0,,6,29,82015690
410690205050163,Urbano,RUA MARGARIDA DALLARMI,565,SOBRADO 1,,,CURITIBA,,Domicílio particular,,-0,,6,29,82015690
410690205050163,Urbano,RUA MARGARIDA DALLARMI,551,SOBRADO 3,,,CURITIBA,,Domicílio particular,,-0,,6,29,82015690
410690205050163,Urbano,RUA MARGARIDA DALLARMI,551,SOBRADO 2,,,CURITIBA,,Domicílio particular,,-0,,6,29,82015690
410690205050163,Urbano,RUA MARGARIDA DALLARMI,551,SOBRADO 1,,,CURITIBA,,Domicílio particular,,-0,,6,29,82015690
410690205050163,Urbano,RUA NEWTON AMARANTE,56,,,,CURITIBA,,Domicílio particular,,-0,,6,30,82015720
410690205050163,Urbano,RUA NEWTON AMARANTE,78,SOBRADO 6,,,CURITIBA,,Domicílio particular,,-0,,6,30,82015720
410690205050163,Urbano,RUA NEWTON AMARANTE,78,SOBRADO 5,,,CURITIBA,,Domicílio particular,,-0,,6,30,82015720
410690205050163,Urbano,RUA NEWTON AMARANTE,78,SOBRADO 4,,,CURITIBA,,Domicílio particular,,-0,,6,30,82015720
410690205050163,Urbano,RUA NEWTON AMARANTE,78,SOBRADO 2,,,CURITIBA,,Domicílio particular,,-0,,6,30,82015720
410690205050163,Urbano,RUA NEWTON AMARANTE,78,SOBRADO 1,,,CURITIBA,,Domicílio particular,,-0,,6,30,82015720
410690205050163,Urbano,RUA NEWTON AMARANTE,105,,,,CURITIBA,,Domicílio particular,,-0,,6,31,82015720
410690205050163,Urbano,RUA NEWTON AMARANTE,83,,,,CURITIBA,,Domicílio particular,,-0,,6,31,82015720
410690205050163,Urbano,RUA NEWTON AMARANTE,63,,,,CURITIBA,,Domicílio particular,,-0,,6,31,82015720
410690205050163,Urbano,RUA MARGARIDA DALLARMI,431,,,,CURITIBA,,Domicílio particular,,-0,,6,32,82015690
410690205050163,Urbano,RUA MARGARIDA DALLARMI,315,CASA 22,,,CURITIBA,,Domicílio particular,,-0,,6,32,82015690
410690205050163,Urbano,RUA MARGARIDA DALLARMI,315,CASA 20,,,CURITIBA,,Domicílio particular,,-0,,6,32,82015690
410690205050163,Urbano,RUA MARGARIDA DALLARMI,315,CASA 19,,,CURITIBA,,Edificação em construção,,-0,,6,32,82015690
410690205050163,Urbano,RUA MARGARIDA DALLARMI,315,CASA 18,,,CURITIBA,,Domicílio particular,,-0,,6,32,82015690
410690205050163,Urbano,RUA MARGARIDA DALLARMI,315,CASA 17,,,CURITIBA,,Domicílio particular,,-0,,6,32,82015690
410690205050163,Urbano,RUA MARGARIDA DALLARMI,315,CASA 16,,,CURITIBA,,Domicílio particular,,-0,,6,32,82015690
410690205050163,Urbano,RUA MARGARIDA DALLARMI,315,CASA 15,,,CURITIBA,,Domicílio particular,,-0,,6,32,82015690
410690205050163,Urbano,RUA MARGARIDA DALLARMI,315,CASA 14,,,CURITIBA,,Edificação em construção,,-0,,6,32,82015690
410690205050163,Urbano,RUA MARGARIDA DALLARMI,315,CASA 13,,,CURITIBA,,Domicílio particular,,-0,,6,32,82015690
410690205050163,Urbano,RUA MARGARIDA DALLARMI,315,CASA 12,,,CURITIBA,,Domicílio particular,,-0,,6,32,82015690
410690205050163,Urbano,RUA MARGARIDA DALLARMI,315,CASA 11,,,CURITIBA,,Domicílio particular,,-0,,6,32,82015690
410690205050163,Urbano,RUA MARGARIDA DALLARMI,315,CASA 9,,,CURITIBA,,Edificação em construção,,-0,,6,32,82015690
410690205050163,Urbano,RUA MARGARIDA DALLARMI,315,CASA 8,,,CURITIBA,,Domicílio particular,,-0,,6,32,82015690
410690205050163,Urbano,RUA MARGARIDA DALLARMI,315,CASA 7,,,CURITIBA,,Edificação em construção,,-0,,6,32,82015690
410690205050163,Urbano,RUA MARGARIDA DALLARMI,315,CASA 4,,,CURITIBA,,Domicílio particular,,-0,,6,32,82015690
410690205050163,Urbano,RUA MARGARIDA DALLARMI,315,CASA 2,,,CURITIBA,,Edificação em construção,,-0,,6,32,82015690
410690205050163,Urbano,RUA MARGARIDA DALLARMI,315,CASA 1,,,CURITIBA,,Domicílio particular,,-0,,6,32,82015690
410690205050163,Urbano,RUA WALDOMIRO ANTONIO DALARMI,2,CASA 17,,,SANTA FELICIDADE,,Domicílio particular,,-0,,6,34,82015700
410690205050163,Urbano,RUA WALDOMIRO ANTONIO DALARMI,2,CASA 16,,,SANTA FELICIDADE,,Domicílio particular,,-0,,6,34,82015700
410690205050163,Urbano,RUA WALDOMIRO ANTONIO DALARMI,2,CASA 15,,,SANTA FELICIDADE,,Domicílio particular,,-0,,6,34,82015700
410690205050163,Urbano,RUA WALDOMIRO ANTONIO DALARMI,2,CASA 14,,,SANTA FELICIDADE,,Domicílio particular,,-0,,6,34,82015700
410690205050163,Urbano,RUA WALDOMIRO ANTONIO DALARMI,2,CASA 13,,,SANTA FELICIDADE,,Domicílio particular,,-0,,6,34,82015700
410690205050163,Urbano,RUA WALDOMIRO ANTONIO DALARMI,2,CASA 12,,,SANTA FELICIDADE,,Domicílio particular,,-0,,6,34,82015700
410690205050163,Urbano,RUA WALDOMIRO ANTONIO DALARMI,2,CASA 11,,,SANTA FELICIDADE,,Domicílio particular,,-0,,6,34,82015700
410690205050163,Urbano,RUA WALDOMIRO ANTONIO DALARMI,2,CASA 10,,,SANTA FELICIDADE,,Domicílio particular,,-0,,6,34,82015700
410690205050163,Urbano,RUA WALDOMIRO ANTONIO DALARMI,2,CASA 9,,,SANTA FELICIDADE,,Domicílio particular,,-0,,6,34,82015700
410690205050163,Urbano,RUA WALDOMIRO ANTONIO DALARMI,2,CASA 8,,,SANTA FELICIDADE,,Domicílio particular,,-0,,6,34,82015700
410690205050163,Urbano,RUA WALDOMIRO ANTONIO DALARMI,2,CASA 7,,,SANTA FELICIDADE,,Domicílio particular,,-0,,6,34,82015700
410690205050163,Urbano,RUA WALDOMIRO ANTONIO DALARMI,2,CASA 6,,,SANTA FELICIDADE,,Domicílio particular,,-0,,6,34,82015700
410690205050163,Urbano,RUA WALDOMIRO ANTONIO DALARMI,2,CASA 5,,,SANTA FELICIDADE,,Domicílio particular,,-0,,6,34,82015700
410690205050163,Urbano,RUA WALDOMIRO ANTONIO DALARMI,2,CASA 4,,,SANTA FELICIDADE,,Domicílio particular,,-0,,6,34,82015700
410690205050163,Urbano,RUA WALDOMIRO ANTONIO DALARMI,2,CASA 3,,,SANTA FELICIDADE,,Domicílio particular,,-0,,6,34,82015700
410690205050163,Urbano,RUA WALDOMIRO ANTONIO DALARMI,2,CASA 2,,,SANTA FELICIDADE,,Domicílio particular,,-0,,6,34,82015700
410690205050163,Urbano,RUA WALDOMIRO ANTONIO DALARMI,2,CASA 1,,,SANTA FELICIDADE,,Domicílio particular,,-0,,6,34,82015700
410690205050163,Urbano,RUA MARGARIDA DALLARMI,201,,,,SANTA FELICIDADE,,Domicílio particular,,-0,,6,35,82015700
410690205050163,Urbano,RUA MARGARIDA DALLARMI,151,,,,SANTA FELICIDADE,,Estabelecimento de outras finalidades,CLINICA PARA AUTISTAS CENTRO CONVIVER,Único,,6,35,82015700
410690205050163,Urbano,RUA MARGARIDA DALLARMI,135,,,,SANTA FELICIDADE,,Domicílio particular,,-0,,6,35,82015700
410690205050163,Urbano,RUA MARGARIDA DALLARMI,115,,,,SANTA FELICIDADE,,Domicílio particular,,-0,,6,35,82015700
410690205050163,Urbano,RUA MARGARIDA DALLARMI,101,,,,SANTA FELICIDADE,,Domicílio particular,,-0,,6,35,82015700
410690205050163,Urbano,RUA MARGARIDA DALLARMI,75,SOBRADO 4,,,SANTA FELICIDADE,,Domicílio particular,,-0,,6,35,82015700
410690205050163,Urbano,RUA MARGARIDA DALLARMI,75,SOBRADO 3,,,SANTA FELICIDADE,,Domicílio particular,,-0,,6,35,82015700
410690205050163,Urbano,RUA MARGARIDA DALLARMI,75,SOBRADO 2,,,SANTA FELICIDADE,,Domicílio particular,,-0,,6,35,82015700
410690205050163,Urbano,RUA MARGARIDA DALLARMI,75,SOBRADO 1,,,SANTA FELICIDADE,,Domicílio particular,,-0,,6,35,82015700
410690205050163,Urbano,RUA MARGARIDA DALLARMI,37,SOBRADO 7,,,SANTA FELICIDADE,,Domicílio particular,,-0,,6,35,82015700
410690205050163,Urbano,RUA MARGARIDA DALLARMI,37,SOBRADO 6,,,SANTA FELICIDADE,,Domicílio particular,,-0,,6,35,82015700
410690205050163,Urbano,RUA MARGARIDA DALLARMI,37,SOBRADO 5,,,SANTA FELICIDADE,,Domicílio particular,,-0,,6,35,82015700
410690205050163,Urbano,RUA MARGARIDA DALLARMI,37,SOBRADO 4,,,SANTA FELICIDADE,,Domicílio particular,,-0,,6,35,82015700
410690205050163,Urbano,RUA MARGARIDA DALLARMI,37,SOBRADO 2,,,SANTA FELICIDADE,,Domicílio particular,,-0,,6,35,82015700
410690205050163,Urbano,RUA MARGARIDA DALLARMI,37,SOBRADO 1,,,SANTA FELICIDADE,,Domicílio particular,,-0,,6,35,82015700
410690205050163,Urbano,RUA JOSE TOMASI,767,CASA,,,CURITIBA,,Domicílio particular,,-0,,1,4,82015630
410690205050163,Urbano,RUA JOSE TOMASI,767FUNDOS,,,,CURITIBA,,Domicílio particular,,-0,,1,4,82015630
410690205050163,Urbano,RUA JOSE TOMASI,751,SOBRADO,,,CURITIBA,,Domicílio particular,,-0,,1,4,82015630
410690205050163,Urbano,RUA JOSE TOMASI,SN,,,,CURITIBA,,Estabelecimento de outras finalidades,LOJAS,Múltiplo,,1,4,82015630
410690205050163,Urbano,RUA WALDOMIRO ANTONIO DALARMI,243,CASA,,,CURITIBA,,Domicílio particular,,-0,,2,4,82015700
410690205050163,Urbano,RUA WALDOMIRO ANTONIO DALARMI,SN,,,,CURITIBA,,Estabelecimento de outras finalidades,LOTE VAGO,Único,,2,4,82015700
410690205050163,Urbano,RUA WALDOMIRO ANTONIO DALARMI,253,,,,CURITIBA,,Edificação em construção,,-0,,2,4,82015700
410690205050163,Urbano,RUA ERVA MATE,248,,,,CURITIBA,,Edificação em construção,,-0,,2,9,82015650
410690205050163,Urbano,RUA ERVA MATE,300,CASA 2,,,CURITIBA,,Edificação em construção,,-0,,2,9,82015650
410690205050163,Urbano,RUA ERVA MATE,300,CASA 2,,,CURITIBA,,Edificação em construção,,-0,,2,9,82015650
410690205050163,Urbano,RUA STEPHANO REVA,23,CASA,,,CURITIBA,,Domicílio particular,,-0,,2,10,82015640
410690205050163,Urbano,RUA FRANCISCO DE ASSIS C DA SILVA,200,SOBRADO 1,,,CURITIBA,,Domicílio particular,,-0,,2,17,82015645
410690205050163,Urbano,RUA STEPHANO REVA,51,,,,CURITIBA,,Domicílio particular,,-0,,2,19,82015640
410690205050163,Urbano,RUA STEPHANO REVA,61,CASA 2,,,CURITIBA,,Domicílio particular,,-0,,2,19,82015640
410690205050163,Urbano,RUA FRANCISCO DE ASSIS C DA SILVA,247,FUNDOS,,,CURITIBA,,Domicílio particular,,-0,,2,18,82015645
410690205050163,Urbano,RUA LUIZ BATISTA GNOATO,230,SOBRADO A,,,CURITIBA,,Domicílio particular,,-0,,2,15,82015280
410690205050163,Urbano,RUA FRANCISCO DE ASSIS C DA SILVA,272,CASA FRENTE,,,CURITIBA,,Domicílio particular,,-0,,2,17,82015645
410690205050163,Urbano,RUA WALDOMIRO ANTONIO DALARMI,243,CHACARA 00,,,CURITIBA,,Domicílio particular,,-0,,2,4,82015700
410690205050163,Urbano,RUA STEPHANO REVA,315,SOBRADO 2,,,CURITIBA,,Domicílio particular,,-0,,2,10,82015640
410690205050163,Urbano,RUA ANTONIO ESCORSIN,54,CASA,,,,,Domicílio particular,,-0,,3,1,82310010
410690205050163,Urbano,RUA ANGELO DALLARMI,92,SOBRADO 1 SOBRADO 2 SOBRADO 3 SOBRADO 4 SOBRADO 5 SOBRADO 6,,,CURITIBA,,Edificação em construção,,-0,,2,2,82015750
410690205050163,Urbano,RUA ANGELO DALLARMI,148,SOBRADO 1 SOBRADO 2,,,CURITIBA,,Edificação em construção,,-0,,2,2,82015750
410690205050163,Urbano,RUA ANGELO DALLARMI,147,,,,CURITIBA,,Edificação em construção,,-0,,3,4,82015750
410690205050163,Urbano,RUA ANTONIO ESCORSIN,193,SOBRADO 17,,,CURITIBA,,Edificação em construção,,-0,,6,1,82310010
410690205050163,Urbano,RUA ANTONIO ESCORSIN,193,SOBRADO 18,,,CURITIBA,,Edificação em construção,,-0,,6,1,82310010
410690205050163,Urbano,RUA ANTONIO ESCORSIN,193,SOBRADO 16,,,CURITIBA,,Domicílio particular,,-0,,6,1,82310010
410690205050163,Urbano,RUA ANTONIO ESCORSIN,193,SOBRADO 11,,,CURITIBA,,Domicílio particular,,-0,,6,1,82310010
410690205050163,Urbano,RUA ANTONIO ESCORSIN,193,SOBRADO 12,,,CURITIBA,,Domicílio particular,,-0,,6,1,82310010
410690205050163,Urbano,RUA ANTONIO ESCORSIN,193,SOBRADO 13,,,CURITIBA,,Domicílio particular,,-0,,6,1,82310010
410690205050163,Urbano,RUA MAESTRO LINDOLFO GAYA,138,,,,SANTA FELICIDADE,,Domicílio particular,,-0,,6,14,82015700
410690205050163,Urbano,RUA MAESTRO LINDOLFO GAYA,184,,,,SANTA FELICIDADE,,Edificação em construção,,-0,,6,14,82015700
410690205050163,Urbano,RUA MAESTRO LINDOLFO GAYA,200,,,,SANTA FELICIDADE,,Domicílio particular,,-0,,6,14,82015700
410690205050163,Urbano,RUA JOSE SANTIAGO PALADINO,70,,,,CURITIBA,,Edificação em construção,,-0,,6,7,82015230
410690205050163,Urbano,RUA ALBINO TESSEROLLI,129,,,,CURITIBA,,Domicílio particular,,-0,,6,10,82015210
410690205050163,Urbano,RUA FRANCISCO MATZECK,53,,,,CURITIBA,,Domicílio particular,,-0,,6,28,82015730
410690205050163,Urbano,RUA FRANCISCO MATZECK,53,CASA 1,,,CURITIBA,,Domicílio particular,,-0,,6,28,82015730
410690205050163,Urbano,RUA FRANCISCO MATZECK,240,,,,CURITIBA,,Edificação em construção,,-0,,6,25,82015730
410690205050163,Urbano,RUA WALDOMIRO ANTONIO DALARMI,160,SOBRADO 6,,,,,Domicílio particular,,-0,,3,3,82015700
410690205050163,Urbano,RUA WALDOMIRO ANTONIO DALARMI,160,SOBRADO 8,,,,,Domicílio particular,,-0,,3,3,82015700
410690205050163,Urbano,RUA WALDOMIRO ANTONIO DALARMI,160,SOBRADO 15,,,,,Domicílio particular,,-0,,3,3,82015700
410690205050163,Urbano,RUA ANTONIO PARIZE,,SOBRADO 1 SOBRADO 2,,,CURITIBA,,Edificação em construção,,-0,,5,1,82015690
410690205050163,Urbano,RUA ESTELITA SARRAF SCORSIN,53,CASA LADO,,,CURITIBA,,Domicílio particular,,-0,,6,26,82015810
410690205050163,Urbano,RUA MARGARIDA DALLARMI,100,,,,,,Estabelecimento de outras finalidades,COMERCIO DE PRODUTOS ALIMENTICIOS,Único,,3,2,82015690
410690205050163,Urbano,RUA ALBINO TESSEROLLI,130,,,,CURITIBA,,Domicílio particular,,-0,,6,6,82015210
410690205050163,Urbano,RUA ANTONIO ESCORSIN,477,SOBRELOJA,,,,,Domicílio particular,,-0,,3,1,82310010
410690205050163,Urbano,RUA ANTONIO ESCORSIN,477,TERREO,,,,,Domicílio particular,,-0,,3,1,82310010
410690205050163,Urbano,RUA ANTONIO ESCORSIN,477,LOJA,,,,,Estabelecimento de outras finalidades,PET SHOP,Único,,3,1,82310010
410690205050163,Urbano,RUA ANTONIO ESCORSIN,477,APARTAMENTO,,,,,Domicílio particular,,-0,,3,1,82310010
410690205050163,Urbano,RUA MARGARIDA DALLARMI,37,SOBRADO 3,,,SANTA FELICIDADE,,Domicílio particular,,-0,,6,35,82015700
410690205050163,Urbano,RUA MARGARIDA DALLARMI,315,CASA 39,,,CURITIBA,,Domicílio particular,,-0,,6,32,82015690
410690205050163,Urbano,RUA MARGARIDA DALLARMI,315,CASA 33,,,CURITIBA,,Domicílio particular,,-0,,6,32,82015690
410690205050163,Urbano,RUA MARGARIDA DALLARMI,315,CASA 34,,,CURITIBA,,Domicílio particular,,-0,,6,32,82015690
410690205050163,Urbano,RUA WALDOMIRO ANTONIO DALARMI,160,SOBRADO 5,,,,,Domicílio particular,,-0,,3,3,82015700
410690205050163,Urbano,RUA WALDOMIRO ANTONIO DALARMI,160,SOBRADO 10,,,,,Domicílio particular,,-0,,3,3,82015700
410690205050163,Urbano,RUA WALDOMIRO ANTONIO DALARMI,160,SOBRADO 9,,,,,Domicílio particular,,-0,,3,3,82015700
410690205050163,Urbano,RUA WALDOMIRO ANTONIO DALARMI,160,SOBRADO 7,,,,,Domicílio particular,,-0,,3,3,82015700
410690205050163,Urbano,RUA MARGARIDA DALLARMI,315,CASA 23,,,CURITIBA,,Domicílio particular,,-0,,6,32,82015690
410690205050163,Urbano,RUA MARGARIDA DALLARMI,315,CASA 36,,,CURITIBA,,Edificação em construção,,-0,,6,32,82015690
410690205050163,Urbano,RUA MARGARIDA DALLARMI,315,CASA 29,,,CURITIBA,,Domicílio particular,,-0,,6,32,82015690
410690205050163,Urbano,RUA MARGARIDA DALLARMI,315,CASA 35,,,CURITIBA,,Domicílio particular,,-0,,6,32,82015690
410690205050163,Urbano,RUA MARGARIDA DALLARMI,315,CASA 25,,,CURITIBA,,Domicílio particular,,-0,,6,32,82015690
410690205050163,Urbano,RUA MARGARIDA DALLARMI,315,CASA 27,,,CURITIBA,,Domicílio particular,,-0,,6,32,82015690
410690205050163,Urbano,RUA MARGARIDA DALLARMI,315,CASA 37,,,CURITIBA,,Domicílio particular,,-0,,6,32,82015690
410690205050163,Urbano,RUA MARGARIDA DALLARMI,315,CASA 38,,,CURITIBA,,Domicílio particular,,-0,,6,32,82015690
410690205050163,Urbano,RUA ANTONIO ESCORSIN,701,LOJA,,,,,Estabelecimento de outras finalidades,SALA0 DE BELEZA,Único,,2,1,82015700
410690205050163,Urbano,RUA ANTONIO ESCORSIN,725,CASA,,,,,Domicílio particular,,-0,,2,1,82015700
410690205050163,Urbano,RUA ANTONIO ESCORSIN,751,CASA 2,,,,,Domicílio particular,,-0,,2,1,82015700
410690205050163,Urbano,RUA ANTONIO ESCORSIN,751,CASA 1,,,,,Domicílio particular,,-0,,2,1,82015700
410690205050163,Urbano,RUA ANTONIO ESCORSIN,751,CASA 3,,,,,Domicílio particular,,-0,,2,1,82015700
410690205050163,Urbano,RUA ANTONIO ESCORSIN,765,CASA 3,,,,,Domicílio particular,,-0,,2,1,82015700
410690205050163,Urbano,RUA ANTONIO ESCORSIN,789,,,,,,Domicílio particular,,-0,,2,1,82015700
410690205050163,Urbano,RUA ANTONIO ESCORSIN,52,,,,,,Domicílio particular,,-0,,2,1,82015700
410690205050163,Urbano,RUA ANTONIO ESCORSIN,803,,,,,,Estabelecimento de outras finalidades,FERRO VELHO,Único,,2,1,82015700
410690205050163,Urbano,RUA ANTONIO ESCORSIN,803,LADO,,,,,Estabelecimento de outras finalidades,IGREJA PENTECOSTAL,Único,,2,1,82015700
410690205050163,Urbano,RUA ANTONIO ESCORSIN,803,FUNDOS 1,,,,,Domicílio particular,,-0,,2,1,82015700
410690205050163,Urbano,RUA ANTONIO ESCORSIN,777,,,,,,Domicílio particular,,-0,,2,1,82015700
410690205050163,Urbano,RUA ANTONIO ESCORSIN,765,,,,,,Domicílio particular,,-0,,2,1,82015700
410690205050163,Urbano,RUA ANTONIO ESCORSIN,765,CASA 2,,,,,Domicílio particular,,-0,,2,1,82015700
410690205050163,Urbano,RUA ANTONIO ESCORSIN,739,,,,,,Domicílio particular,,-0,,2,1,82015700
410690205050163,Urbano,RUA CESAR CORREIA DE SOUZA PINTO JUNIOR,142,,,,CURITIBA,,Domicílio particular,,-0,,6,5,82015220
410690205050163,Urbano,RUA MARGARIDA DALLARMI,75,SOBRADO 7,,,SANTA FELICIDADE,,Domicílio particular,,-0,,6,35,82015700
410690205050163,Urbano,RUA MARGARIDA DALLARMI,75,SOBRADO 5,,,SANTA FELICIDADE,,Domicílio particular,,-0,,6,35,82015700
410690205050163,Urbano,RUA MARGARIDA DALLARMI,75,SOBRADO 6,,,SANTA FELICIDADE,,Domicílio particular,,-0,,6,35,82015700
