Código da unidade geográfica,Situação do setor,Logradouro,Número no logradouro,Complemento,Latitude,Longitude,Localidade,Ponto de referência,Espécie de endereço,Tipo de estabelecimento,Indicador de endereço,Identificação domicílio coletivo,Número da quadra,Número da face,CEP
410690205050143,Urbano,RUA JOAO BENATO VALLE,820,,,,SANTA FELICIDADE,,Domicílio particular,,-0,,1,1,82030270
410690205050143,Urbano,RUA JOAO BENATO VALLE,800,,,,SANTA FELICIDADE,,Domicílio particular,,-0,,1,1,82030270
410690205050143,Urbano,RUA JOAO BENATO VALLE,95,TERREO,,,SANTA FELICIDADE,,Estabelecimento de outras finalidades,BORRACHARIA,Único,,1,1,82030270
410690205050143,Urbano,RUA JOAO BENATO VALLE,95,SOBRADO,,,SANTA FELICIDADE,,Domicílio particular,,-0,,1,1,82030270
410690205050143,Urbano,RUA JOAO BENATO VALLE,81,,,,SANTA FELICIDADE,,Domicílio particular,,-0,,1,1,82030270
410690205050143,Urbano,RUA JOAO BENATO VALLE,208,,,,SANTA FELICIDADE,,Domicílio particular,,-0,,1,1,82030270
410690205050143,Urbano,RUA JOAO BENATO VALLE,210,,,,SANTA FELICIDADE,,Domicílio particular,,-0,,1,1,82030270
410690205050143,Urbano,RUA TERRA BOA,30,,,,SANTA FELICIDADE,,Domicílio particular,,-0,,1,2,82030260
410690205050143,Urbano,RUA TERRA BOA,3,,,,SANTA FELICIDADE,,Domicílio particular,,-0,,1,2,82030260
410690205050143,Urbano,RUA TERRA BOA,4,,,,SANTA FELICIDADE,,Domicílio particular,,-0,,1,2,82030260
410690205050143,Urbano,RUA TERRA BOA,5,CASA f,,,SANTA FELICIDADE,,Domicílio particular,,-0,,1,2,82030260
410690205050143,Urbano,RUA TERRA BOA,5,,,,SANTA FELICIDADE,,Domicílio particular,,-0,,1,2,82030260
410690205050143,Urbano,RUA TERRA BOA,3,CASA a,,,SANTA FELICIDADE,,Domicílio particular,,-0,,1,2,82030260
410690205050143,Urbano,RUA TERRA BOA,515,,,,SANTA FELICIDADE,,Domicílio particular,,-0,,1,2,82030260
410690205050143,Urbano,RUA TERRA BOA,152,,,,SANTA FELICIDADE,,Domicílio particular,,-0,,1,2,82030260
410690205050143,Urbano,RUA TERRA BOA,15,,,,SANTA FELICIDADE,,Domicílio particular,,-0,,1,2,82030260
410690205050143,Urbano,RUA AUGUSTE COMTE,151,,,,SANTA FELICIDADE,,Domicílio particular,,-0,,1,3,82030250
410690205050143,Urbano,RUA AUGUSTE COMTE,152,,,,SANTA FELICIDADE,,Domicílio particular,,-0,,1,3,82030250
410690205050143,Urbano,RUA AUGUSTE COMTE,115,,,,SANTA FELICIDADE,,Domicílio particular,,-0,,1,3,82030250
410690205050143,Urbano,RUA AUGUSTE COMTE,114,,,,SANTA FELICIDADE,,Domicílio particular,,-0,,1,3,82030250
410690205050143,Urbano,RUA MARCHANJO BIANCHINI,479,,,,SANTA FELICIDADE,,Domicílio particular,,-0,,1,4,82020560
410690205050143,Urbano,RUA MARCHANJO BIANCHINI,478,,,,SANTA FELICIDADE,,Domicílio particular,,-0,,1,4,82020560
410690205050143,Urbano,RUA MARCHANJO BIANCHINI,477,CASA 1,,,SANTA FELICIDADE,,Domicílio particular,,-0,,1,4,82020560
410690205050143,Urbano,RUA MARCHANJO BIANCHINI,477,CASA 2,,,SANTA FELICIDADE,,Domicílio particular,,-0,,1,4,82020560
410690205050143,Urbano,RUA MARCHANJO BIANCHINI,477,CASA 3,,,SANTA FELICIDADE,,Domicílio particular,,-0,,1,4,82020560
410690205050143,Urbano,RUA MARCHANJO BIANCHINI,477,CASA 4,,,SANTA FELICIDADE,,Domicílio particular,,-0,,1,4,82020560
410690205050143,Urbano,RUA MARCHANJO BIANCHINI,461,,,,SANTA FELICIDADE,,Domicílio particular,,-0,,1,4,82020560
410690205050143,Urbano,RUA MARCHANJO BIANCHINI,451,,,,SANTA FELICIDADE,,Domicílio particular,,-0,,1,4,82020560
410690205050143,Urbano,RUA MARCHANJO BIANCHINI,439,,,,SANTA FELICIDADE,,Domicílio particular,,-0,,1,4,82020560
410690205050143,Urbano,RUA MARCHANJO BIANCHINI,419,CASA a,,,SANTA FELICIDADE,,Domicílio particular,,-0,,1,4,82020560
410690205050143,Urbano,RUA MARCHANJO BIANCHINI,419,CASA b,,,SANTA FELICIDADE,,Domicílio particular,,-0,,1,4,82020560
410690205050143,Urbano,RUA AUGUSTO MOCELLIN,70,,,,SANTA FELICIDADE,,Estabelecimento de outras finalidades,LANCHONETE,Único,,1,5,82020580
410690205050143,Urbano,RUA AUGUSTO MOCELLIN,80,,,,SANTA FELICIDADE,,Domicílio particular,,-0,,1,5,82020580
410690205050143,Urbano,RUA AUGUSTO MOCELLIN,29,,,,SANTA FELICIDADE,,Domicílio particular,,-0,,1,5,82020580
410690205050143,Urbano,RUA AUGUSTO MOCELLIN,4,,,,SANTA FELICIDADE,,Domicílio particular,,-0,,1,5,82020580
410690205050143,Urbano,RUA CORONEL CARLOS VIEIRA DE CAMARGO,341,,,,SANTA FELICIDADE,,Estabelecimento de outras finalidades,LOJA DE PRESENTES,Único,,1,6,82020590
410690205050143,Urbano,RUA CORONEL CARLOS VIEIRA DE CAMARGO,319,,,,SANTA FELICIDADE,,Domicílio particular,,-0,,1,6,82020590
410690205050143,Urbano,RUA DOUTOR LEAO MOCELLIN,132,,,,SANTA FELICIDADE,,Domicílio particular,,-0,,2,1,82030230
410690205050143,Urbano,RUA DOUTOR LEAO MOCELLIN,613,,,,SANTA FELICIDADE,,Domicílio particular,,-0,,2,1,82030230
410690205050143,Urbano,RUA DOUTOR LEAO MOCELLIN,136,,,,SANTA FELICIDADE,,Domicílio particular,,-0,,2,1,82030230
410690205050143,Urbano,RUA DOUTOR LEAO MOCELLIN,577,,,,SANTA FELICIDADE,,Domicílio particular,,-0,,2,1,82030230
410690205050143,Urbano,RUA DOUTOR LEAO MOCELLIN,543,,,,SANTA FELICIDADE,,Domicílio particular,,-0,,2,1,82030230
410690205050143,Urbano,RUA DOUTOR LEAO MOCELLIN,517,,,,SANTA FELICIDADE,,Domicílio particular,,-0,,2,1,82030230
410690205050143,Urbano,RUA AUGUSTE COMTE,165,,,,SANTA FELICIDADE,,Domicílio particular,,-0,,2,2,82030250
410690205050143,Urbano,RUA TERRA BOA,67,,,,SANTA FELICIDADE,,Domicílio particular,,-0,,2,3,82030260
410690205050143,Urbano,RUA TERRA BOA,SN,,,,SANTA FELICIDADE,,Domicílio particular,,-0,,2,3,82030260
410690205050143,Urbano,RUA TERRA BOA,41,FRENTE,,,SANTA FELICIDADE,,Domicílio particular,,-0,,2,3,82030260
410690205050143,Urbano,RUA TERRA BOA,41,FUNDOS,,,SANTA FELICIDADE,,Domicílio particular,,-0,,2,3,82030260
410690205050143,Urbano,RUA TERRA BOA,31,,,,SANTA FELICIDADE,,Domicílio particular,,-0,,2,3,82030260
410690205050143,Urbano,RUA JOAO BENATO VALLE,231,,,,SANTA FELICIDADE,,Domicílio particular,,-0,,2,4,82030270
410690205050143,Urbano,RUA JOAO BENATO VALLE,211,,,,SANTA FELICIDADE,,Domicílio particular,,-0,,2,4,82030270
410690205050143,Urbano,RUA JOAO BENATO VALLE,404,,,,SANTA FELICIDADE,,Domicílio particular,,-0,,2,4,82030270
410690205050143,Urbano,RUA JOAO BENATO VALLE,SN,,,,SANTA FELICIDADE,,Domicílio particular,,-0,,2,4,82030270
410690205050143,Urbano,RUA CORONEL CARLOS VIEIRA DE CAMARGO,290,,,,SANTA FELICIDADE,,Domicílio particular,,-0,,3,1,82020590
410690205050143,Urbano,RUA CORONEL CARLOS VIEIRA DE CAMARGO,312,,,,SANTA FELICIDADE,,Domicílio particular,,-0,,3,1,82020590
410690205050143,Urbano,RUA CORONEL CARLOS VIEIRA DE CAMARGO,324,FRENTE,,,SANTA FELICIDADE,,Domicílio particular,,-0,,3,1,82020590
410690205050143,Urbano,RUA CORONEL CARLOS VIEIRA DE CAMARGO,324,FUNDOS,,,SANTA FELICIDADE,,Domicílio particular,,-0,,3,1,82020590
410690205050143,Urbano,RUA CORONEL CARLOS VIEIRA DE CAMARGO,334,,,,SANTA FELICIDADE,,Domicílio particular,,-0,,3,1,82020590
410690205050143,Urbano,RUA CORONEL CARLOS VIEIRA DE CAMARGO,344,,,,SANTA FELICIDADE,,Domicílio particular,,-0,,3,1,82020590
410690205050143,Urbano,RUA CORONEL CARLOS VIEIRA DE CAMARGO,358,,,,SANTA FELICIDADE,,Domicílio particular,,-0,,3,1,82020590
410690205050143,Urbano,RUA AUGUSTO MOCELLIN,30,,,,SANTA FELICIDADE,,Domicílio particular,,-0,,3,2,82020580
410690205050143,Urbano,RUA AUGUSTO MOCELLIN,28,,,,SANTA FELICIDADE,,Domicílio particular,,-0,,3,2,82020580
410690205050143,Urbano,RUA AUGUSTO MOCELLIN,81,,,,SANTA FELICIDADE,,Estabelecimento de outras finalidades,TORNEARIA,Único,,3,2,82020580
410690205050143,Urbano,RUA AUGUSTO MOCELLIN,71,,,,SANTA FELICIDADE,,Domicílio particular,,-0,,3,2,82020580
410690205050143,Urbano,RUA MARCHANJO BIANCHINI,375,,,,SANTA FELICIDADE,,Domicílio particular,,-0,,3,3,82020560
410690205050143,Urbano,RUA MARCHANJO BIANCHINI,357,,,,SANTA FELICIDADE,,Domicílio particular,,-0,,3,3,82020560
410690205050143,Urbano,RUA MARCHANJO BIANCHINI,345,,,,SANTA FELICIDADE,,Domicílio particular,,-0,,3,3,82020560
410690205050143,Urbano,RUA MARCHANJO BIANCHINI,335,,,,SANTA FELICIDADE,,Domicílio particular,,-0,,3,3,82020560
410690205050143,Urbano,RUA MARCHANJO BIANCHINI,321,,,,SANTA FELICIDADE,,Domicílio particular,,-0,,3,3,82020560
410690205050143,Urbano,RUA MARCHANJO BIANCHINI,521,,,,SANTA FELICIDADE,,Domicílio particular,,-0,,3,3,82020560
410690205050143,Urbano,RUA MARCHANJO BIANCHINI,301,,,,SANTA FELICIDADE,,Domicílio particular,,-0,,3,3,82020560
410690205050143,Urbano,RUA SUBTENENTE ANTONIO PINTO PORTUGAL,30,,,,SANTA FELICIDADE,,Domicílio particular,,-0,,3,4,82020790
410690205050143,Urbano,RUA SUBTENENTE ANTONIO PINTO PORTUGAL,80,,,,SANTA FELICIDADE,,Domicílio particular,,-0,,3,4,82020790
410690205050143,Urbano,RUA SUBTENENTE ANTONIO PINTO PORTUGAL,94,,,,SANTA FELICIDADE,,Domicílio particular,,-0,,3,4,82020790
410690205050143,Urbano,RUA JOBAR CASSOU,76,,,,SANTA FELICIDADE,,Domicílio particular,,-0,,4,1,82020520
410690205050143,Urbano,RUA JOBAR CASSOU,452,,,,SANTA FELICIDADE,,Domicílio particular,,-0,,4,1,82020520
410690205050143,Urbano,RUA JOBAR CASSOU,SN,CASA,,,SANTA FELICIDADE,,Domicílio particular,,-0,,4,1,82020520
410690205050143,Urbano,RUA TREVISO,323,,,,SANTA FELICIDADE,,Domicílio particular,,-0,,4,2,82020550
410690205050143,Urbano,RUA TREVISO,246,FRENTE,,,SANTA FELICIDADE,,Domicílio particular,,-0,,4,2,82020550
410690205050143,Urbano,RUA TREVISO,246,FUNDOS,,,SANTA FELICIDADE,,Domicílio particular,,-0,,4,2,82020550
410690205050143,Urbano,RUA TREVISO,248,,,,SANTA FELICIDADE,,Domicílio particular,,-0,,4,2,82020550
410690205050143,Urbano,RUA TREVISO,86,,,,SANTA FELICIDADE,,Domicílio particular,,-0,,4,2,82020550
410690205050143,Urbano,RUA TREVISO,256,,,,SANTA FELICIDADE,,Domicílio particular,,-0,,4,2,82020550
410690205050143,Urbano,RUA LOMBARDO FURLAN,275,,,,SANTA FELICIDADE,,Domicílio particular,,-0,,4,3,82020555
410690205050143,Urbano,RUA LOMBARDO FURLAN,2,,,,SANTA FELICIDADE,,Domicílio particular,,-0,,4,3,82020555
410690205050143,Urbano,RUA LOMBARDO FURLAN,41,,,,SANTA FELICIDADE,,Domicílio particular,,-0,,4,4,82020555
410690205050143,Urbano,RUA LOMBARDO FURLAN,25,,,,SANTA FELICIDADE,,Domicílio particular,,-0,,4,4,82020555
410690205050143,Urbano,RUA LOMBARDO FURLAN,13,,,,SANTA FELICIDADE,,Domicílio particular,,-0,,4,4,82020555
410690205050143,Urbano,RUA TREVISO,67,,,,SANTA FELICIDADE,,Domicílio particular,,-0,,4,5,82020550
410690205050143,Urbano,RUA TREVISO,59,,,,SANTA FELICIDADE,,Domicílio particular,,-0,,4,5,82020550
410690205050143,Urbano,RUA TREVISO,SN,CASA 1,,,SANTA FELICIDADE,,Domicílio particular,,-0,,4,5,82020550
410690205050143,Urbano,RUA TREVISO,SN,CASA 2,,,SANTA FELICIDADE,,Domicílio particular,,-0,,4,5,82020550
410690205050143,Urbano,RUA TREVISO,SN,CASA 3,,,SANTA FELICIDADE,,Domicílio particular,,-0,,4,5,82020550
410690205050143,Urbano,RUA TREVISO,SN,CASA,,,SANTA FELICIDADE,,Domicílio particular,,-0,,4,5,82020550
410690205050143,Urbano,RUA TREVISO,SN,CASA,,,SANTA FELICIDADE,,Domicílio particular,,-0,,4,5,82020550
410690205050143,Urbano,RUA TREVISO,19,,,,SANTA FELICIDADE,,Domicílio particular,,-0,,4,5,82020550
410690205050143,Urbano,RUA TREVISO,11,,,,SANTA FELICIDADE,,Domicílio particular,,-0,,4,5,82020550
410690205050143,Urbano,RUA JOBAR CASSOU,510,,,,SANTA FELICIDADE,,Domicílio particular,,-0,,4,6,82020520
410690205050143,Urbano,RUA JOBAR CASSOU,502,,,,SANTA FELICIDADE,,Domicílio particular,,-0,,4,6,82020520
410690205050143,Urbano,RUA JOBAR CASSOU,540,,,,SANTA FELICIDADE,,Domicílio particular,,-0,,4,6,82020520
410690205050143,Urbano,RUA JOBAR CASSOU,SN,,,,SANTA FELICIDADE,,Domicílio particular,,-0,,4,6,82020520
410690205050143,Urbano,RUA JOBAR CASSOU,539,CASA 1,,,SANTA FELICIDADE,,Domicílio particular,,-0,,4,7,82020520
410690205050143,Urbano,RUA JOBAR CASSOU,539,CASA 2,,,SANTA FELICIDADE,,Domicílio particular,,-0,,4,7,82020520
410690205050143,Urbano,RUA JOBAR CASSOU,539,CASA 3,,,SANTA FELICIDADE,,Domicílio particular,,-0,,4,7,82020520
410690205050143,Urbano,RUA JOBAR CASSOU,507,CASA 1,,,SANTA FELICIDADE,,Domicílio particular,,-0,,4,7,82020520
410690205050143,Urbano,RUA JOBAR CASSOU,507,CASA 2,,,SANTA FELICIDADE,,Domicílio particular,,-0,,4,7,82020520
410690205050143,Urbano,RUA JOBAR CASSOU,507,CASA 3,,,SANTA FELICIDADE,,Domicílio particular,,-0,,4,7,82020520
410690205050143,Urbano,RUA JOBAR CASSOU,505,,,,SANTA FELICIDADE,,Domicílio particular,,-0,,4,7,82020520
410690205050143,Urbano,RUA JOBAR CASSOU,503,,,,SANTA FELICIDADE,,Domicílio particular,,-0,,4,7,82020520
410690205050143,Urbano,RUA JOBAR CASSOU,501,,,,SANTA FELICIDADE,,Domicílio particular,,-0,,4,7,82020520
410690205050143,Urbano,RUA JOBAR CASSOU,418,,,,SANTA FELICIDADE,,Domicílio particular,,-0,,4,7,82020520
410690205050143,Urbano,RUA JOBAR CASSOU,451,,,,SANTA FELICIDADE,,Domicílio particular,,-0,,4,7,82020520
410690205050143,Urbano,RUA JOBAR CASSOU,409,,,,SANTA FELICIDADE,,Domicílio particular,,-0,,4,7,82020520
410690205050143,Urbano,RUA MARCHANJO BIANCHINI,296,,,,SANTA FELICIDADE,,Domicílio particular,,-0,,4,9,82020560
410690205050143,Urbano,RUA MARCHANJO BIANCHINI,308,,,,SANTA FELICIDADE,,Domicílio particular,,-0,,4,9,82020560
410690205050143,Urbano,RUA MARCHANJO BIANCHINI,320,,,,SANTA FELICIDADE,,Domicílio particular,,-0,,4,9,82020560
410690205050143,Urbano,RUA MARCHANJO BIANCHINI,330,,,,SANTA FELICIDADE,,Domicílio particular,,-0,,4,9,82020560
410690205050143,Urbano,RUA MARCHANJO BIANCHINI,340,,,,SANTA FELICIDADE,,Domicílio particular,,-0,,4,9,82020560
410690205050143,Urbano,RUA MARCHANJO BIANCHINI,354,,,,SANTA FELICIDADE,,Domicílio particular,,-0,,4,9,82020560
410690205050143,Urbano,RUA MARCHANJO BIANCHINI,364,,,,SANTA FELICIDADE,,Domicílio particular,,-0,,4,9,82020560
410690205050143,Urbano,RUA MARCHANJO BIANCHINI,374,,,,SANTA FELICIDADE,,Domicílio particular,,-0,,4,9,82020560
410690205050143,Urbano,RUA MARCHANJO BIANCHINI,408,,,,SANTA FELICIDADE,,Domicílio particular,,-0,,4,12,82020560
410690205050143,Urbano,RUA MARCHANJO BIANCHINI,420,,,,SANTA FELICIDADE,,Domicílio particular,,-0,,4,12,82020560
410690205050143,Urbano,RUA MARCHANJO BIANCHINI,430,,,,SANTA FELICIDADE,,Domicílio particular,,-0,,4,12,82020560
410690205050143,Urbano,RUA MARCHANJO BIANCHINI,60,CASA 1,,,SANTA FELICIDADE,,Domicílio particular,,-0,,4,12,82020560
410690205050143,Urbano,RUA MARCHANJO BIANCHINI,60,CASA 2,,,SANTA FELICIDADE,,Domicílio particular,,-0,,4,12,82020560
410690205050143,Urbano,RUA MARCHANJO BIANCHINI,60,CASA 3,,,SANTA FELICIDADE,,Domicílio particular,,-0,,4,12,82020560
410690205050143,Urbano,RUA MARCHANJO BIANCHINI,450,,,,SANTA FELICIDADE,,Domicílio particular,,-0,,4,12,82020560
410690205050143,Urbano,RUA MARCHANJO BIANCHINI,472,,,,SANTA FELICIDADE,,Domicílio particular,,-0,,4,12,82020560
410690205050143,Urbano,RUA AUGUSTE COMTE,161,,,,SANTA FELICIDADE,,Domicílio particular,,-0,,4,14,82030250
410690205050143,Urbano,RUA AUGUSTE COMTE,160,,,,SANTA FELICIDADE,,Domicílio particular,,-0,,4,14,82030250
410690205050143,Urbano,RUA AUGUSTE COMTE,55,FRENTE,,,SANTA FELICIDADE,,Domicílio particular,,-0,,4,14,82030250
410690205050143,Urbano,RUA AUGUSTE COMTE,55,FUNDOS,,,SANTA FELICIDADE,,Domicílio particular,,-0,,4,14,82030250
410690205050143,Urbano,RUA AUGUSTE COMTE,91,,,,SANTA FELICIDADE,,Domicílio particular,,-0,,4,14,82030250
410690205050143,Urbano,RUA AUGUSTE COMTE,22,,,,SANTA FELICIDADE,,Domicílio particular,,-0,,4,14,82030250
410690205050143,Urbano,RUA AUGUSTE COMTE,120,,,,SANTA FELICIDADE,,Domicílio particular,,-0,,4,14,82030250
410690205050143,Urbano,RUA TERRA BOA,184,,,,SANTA FELICIDADE,,Domicílio particular,,-0,,4,15,82030260
410690205050143,Urbano,RUA TERRA BOA,200,,,,SANTA FELICIDADE,,Domicílio particular,,-0,,4,15,82030260
410690205050143,Urbano,RUA TERRA BOA,215,FRENTE,,,SANTA FELICIDADE,,Domicílio particular,,-0,,4,16,82030260
410690205050143,Urbano,RUA TERRA BOA,215,FUNDOS,,,SANTA FELICIDADE,,Domicílio particular,,-0,,4,16,82030260
410690205050143,Urbano,RUA TERRA BOA,SN,CASA,,,SANTA FELICIDADE,,Domicílio particular,,-0,,4,16,82030260
410690205050143,Urbano,RUA TERRA BOA,189,,,,SANTA FELICIDADE,,Domicílio particular,,-0,,4,16,82030260
410690205050143,Urbano,RUA AUGUSTE COMTE,164,,,,SANTA FELICIDADE,,Domicílio particular,,-0,,4,17,82030250
410690205050143,Urbano,RUA AUGUSTE COMTE,170,,,,SANTA FELICIDADE,,Domicílio particular,,-0,,4,17,82030250
410690205050143,Urbano,RUA DOUTOR LEAO MOCELLIN,5,,,,SANTA FELICIDADE,,Domicílio particular,,-0,,4,18,82030230
410690205050143,Urbano,RUA DOUTOR LEAO MOCELLIN,469,,,,SANTA FELICIDADE,,Domicílio particular,,-0,,4,18,82030230
410690205050143,Urbano,RUA DOUTOR LEAO MOCELLIN,459,,,,SANTA FELICIDADE,,Domicílio particular,,-0,,4,18,82030230
410690205050143,Urbano,RUA DOUTOR LEAO MOCELLIN,14,,,,SANTA FELICIDADE,,Domicílio particular,,-0,,4,18,82030230
410690205050143,Urbano,RUA DOUTOR LEAO MOCELLIN,8,,,,SANTA FELICIDADE,,Domicílio particular,,-0,,4,18,82030230
410690205050143,Urbano,RUA DOUTOR LEAO MOCELLIN,950,,,,SANTA FELICIDADE,,Domicílio particular,,-0,,4,18,82030230
410690205050143,Urbano,RUA DOUTOR LEAO MOCELLIN,38,,,,SANTA FELICIDADE,,Domicílio particular,,-0,,4,18,82030230
410690205050143,Urbano,RUA DOUTOR LEAO MOCELLIN,52,FRENTE,,,SANTA FELICIDADE,,Domicílio particular,,-0,,4,18,82030230
410690205050143,Urbano,RUA DOUTOR LEAO MOCELLIN,52,FUNDOS,,,SANTA FELICIDADE,,Domicílio particular,,-0,,4,18,82030230
410690205050143,Urbano,RUA DOUTOR LEAO MOCELLIN,410,,,,SANTA FELICIDADE,,Domicílio particular,,-0,,4,18,82030230
410690205050143,Urbano,RUA DOUTOR LEAO MOCELLIN,225,CASA 1,,,SANTA FELICIDADE,,Domicílio particular,,-0,,4,18,82030230
410690205050143,Urbano,RUA DOUTOR LEAO MOCELLIN,225,CASA 2,,,SANTA FELICIDADE,,Domicílio particular,,-0,,4,18,82030230
410690205050143,Urbano,RUA DOUTOR LEAO MOCELLIN,225,CASA 3,,,SANTA FELICIDADE,,Domicílio particular,,-0,,4,18,82030230
410690205050143,Urbano,RUA LUIZ STIVAL,SN,CASA,,,SANTA FELICIDADE,,Domicílio particular,,-0,,4,19,82030240
410690205050143,Urbano,RUA LUIZ STIVAL,29,,,,SANTA FELICIDADE,,Domicílio particular,,-0,,4,19,82030240
410690205050143,Urbano,RUA LUIZ STIVAL,98,,,,SANTA FELICIDADE,,Domicílio particular,,-0,,4,19,82030240
410690205050143,Urbano,RUA LUIZ STIVAL,89,,,,SANTA FELICIDADE,,Domicílio particular,,-0,,4,20,82030240
410690205050143,Urbano,RUA LUIZ STIVAL,88,,,,SANTA FELICIDADE,,Domicílio particular,,-0,,4,20,82030240
410690205050143,Urbano,RUA LUIZ STIVAL,SN,BARRACAO,,,SANTA FELICIDADE,,Estabelecimento de outras finalidades,METALURGICA,Único,,4,20,82030240
410690205050143,Urbano,RUA LUIZ STIVAL,SN,CASA,,,SANTA FELICIDADE,,Domicílio particular,,-0,,4,21,82030240
410690205050143,Urbano,RUA LUIZ STIVAL,SN,CASA,,,SANTA FELICIDADE,,Domicílio particular,,-0,,4,21,82030240
410690205050143,Urbano,RUA LUIZ STIVAL,110,,,,SANTA FELICIDADE,,Domicílio particular,,-0,,4,22,82030240
410690205050143,Urbano,RUA LUIZ STIVAL,130,CASA 1,,,SANTA FELICIDADE,,Domicílio particular,,-0,,4,22,82030240
410690205050143,Urbano,RUA LUIZ STIVAL,130,CASA 2,,,SANTA FELICIDADE,,Domicílio particular,,-0,,4,22,82030240
410690205050143,Urbano,RUA LUIZ STIVAL,130,CASA 3,,,SANTA FELICIDADE,,Domicílio particular,,-0,,4,22,82030240
410690205050143,Urbano,RUA LUIZ STIVAL,130,CASA 4,,,SANTA FELICIDADE,,Domicílio particular,,-0,,4,22,82030240
410690205050143,Urbano,RUA LUIZ STIVAL,130,CASA 5,,,SANTA FELICIDADE,,Domicílio particular,,-0,,4,22,82030240
410690205050143,Urbano,RUA LUIZ STIVAL,130,CASA 6,,,SANTA FELICIDADE,,Domicílio particular,,-0,,4,22,82030240
410690205050143,Urbano,RUA LUIZ STIVAL,130,CASA 7,,,SANTA FELICIDADE,,Domicílio particular,,-0,,4,22,82030240
410690205050143,Urbano,RUA LUIZ STIVAL,130,CASA 8,,,SANTA FELICIDADE,,Domicílio particular,,-0,,4,22,82030240
410690205050143,Urbano,RUA LUIZ STIVAL,250,,,,SANTA FELICIDADE,,Estabelecimento de outras finalidades,ESCOLA,Único,,4,22,82030240
410690205050143,Urbano,RUA LUIZ STIVAL,45,CASA 1,,,SANTA FELICIDADE,,Domicílio particular,,-0,,4,23,82030240
410690205050143,Urbano,RUA LUIZ STIVAL,45,CASA 2,,,SANTA FELICIDADE,,Edificação em construção,,-0,,4,23,82030240
410690205050143,Urbano,RUA LUIZ STIVAL,SN,CASA,,,SANTA FELICIDADE,,Domicílio particular,,-0,,4,23,82030240
410690205050143,Urbano,RUA LUIZ STIVAL,44,,,,SANTA FELICIDADE,,Domicílio particular,,-0,,4,23,82030240
410690205050143,Urbano,RUA LUIZ STIVAL,42,,,,SANTA FELICIDADE,,Domicílio particular,,-0,,4,23,82030240
410690205050143,Urbano,RUA LUIZ STIVAL,41,,,,SANTA FELICIDADE,,Domicílio particular,,-0,,4,23,82030240
410690205050143,Urbano,RUA LUIZ STIVAL,288,,,,SANTA FELICIDADE,,Domicílio particular,,-0,,4,23,82030240
410690205050143,Urbano,RUA LUIZ STIVAL,81,,,,SANTA FELICIDADE,,Domicílio particular,,-0,,4,23,82030240
410690205050143,Urbano,RUA LUIZ STIVAL,79,,,,SANTA FELICIDADE,,Domicílio particular,,-0,,4,23,82030240
410690205050143,Urbano,RUA LUIZ STIVAL,36,FRENTE,,,SANTA FELICIDADE,,Domicílio particular,,-0,,4,23,82030240
410690205050143,Urbano,RUA LUIZ STIVAL,36,FUNDOS,,,SANTA FELICIDADE,,Domicílio particular,,-0,,4,23,82030240
410690205050143,Urbano,RUA LUIZ STIVAL,35,,,,SANTA FELICIDADE,,Domicílio particular,,-0,,4,23,82030240
410690205050143,Urbano,RUA LUIZ STIVAL,34,CASA 1,,,SANTA FELICIDADE,,Domicílio particular,,-0,,4,23,82030240
410690205050143,Urbano,RUA LUIZ STIVAL,34,CASA 2,,,SANTA FELICIDADE,,Domicílio particular,,-0,,4,23,82030240
410690205050143,Urbano,RUA LUIZ STIVAL,34,CASA 3,,,SANTA FELICIDADE,,Domicílio particular,,-0,,4,23,82030240
410690205050143,Urbano,RUA LUIZ STIVAL,32,,,,SANTA FELICIDADE,,Domicílio particular,,-0,,4,23,82030240
410690205050143,Urbano,RUA LUIZ STIVAL,31,,,,SANTA FELICIDADE,,Estabelecimento de outras finalidades,FABRICA DE MOVEIS,Único,,4,23,82030240
410690205050143,Urbano,RUA LUIZ STIVAL,30,,,,SANTA FELICIDADE,,Estabelecimento de outras finalidades,FABRICA DE MOVEIS,Único,,4,23,82030240
410690205050143,Urbano,RUA LUIZ STIVAL,111,,,,SANTA FELICIDADE,,Domicílio particular,,-0,,4,23,82030240
410690205050143,Urbano,RUA LUIZ STIVAL,183,,,,SANTA FELICIDADE,,Domicílio particular,,-0,,4,23,82030240
410690205050143,Urbano,RUA LUIZ STIVAL,27,FRENTE,,,SANTA FELICIDADE,,Domicílio particular,,-0,,4,23,82030240
410690205050143,Urbano,RUA LUIZ STIVAL,27,FUNDOS,,,SANTA FELICIDADE,,Domicílio particular,,-0,,4,23,82030240
410690205050143,Urbano,RUA LUIZ STIVAL,263,,,,SANTA FELICIDADE,,Domicílio particular,,-0,,4,23,82030240
410690205050143,Urbano,RUA LUIZ STIVAL,SN,CASA,,,SANTA FELICIDADE,,Domicílio particular,,-0,,4,23,82030240
410690205050143,Urbano,RUA LUIZ STIVAL,25,,,,SANTA FELICIDADE,,Domicílio particular,,-0,,4,23,82030240
410690205050143,Urbano,RUA LUIZ STIVAL,800,,,,SANTA FELICIDADE,,Domicílio particular,,-0,,4,23,82030240
410690205050143,Urbano,RUA LUIZ STIVAL,90,FRENTE,,,SANTA FELICIDADE,,Domicílio particular,,-0,,4,23,82030240
410690205050143,Urbano,RUA LUIZ STIVAL,90,FUNDOS,,,SANTA FELICIDADE,,Domicílio particular,,-0,,4,23,82030240
410690205050143,Urbano,RUA LUIZ STIVAL,7,CASA 1,,,SANTA FELICIDADE,,Domicílio particular,,-0,,4,23,82030240
410690205050143,Urbano,RUA LUIZ STIVAL,7,CASA 2,,,SANTA FELICIDADE,,Domicílio particular,,-0,,4,23,82030240
410690205050143,Urbano,RUA LUIZ STIVAL,7,CASA 3,,,SANTA FELICIDADE,,Domicílio particular,,-0,,4,23,82030240
410690205050143,Urbano,RUA LUIZ STIVAL,7,CASA 4,,,SANTA FELICIDADE,,Domicílio particular,,-0,,4,23,82030240
410690205050143,Urbano,RUA LUIZ STIVAL,9,FUNDOS,,,SANTA FELICIDADE,,Domicílio particular,,-0,,4,23,82030240
410690205050143,Urbano,RUA LUIZ STIVAL,76,,,,SANTA FELICIDADE,,Domicílio particular,,-0,,4,23,82030240
410690205050143,Urbano,RUA LUIZ STIVAL,74,,,,SANTA FELICIDADE,,Domicílio particular,,-0,,4,23,82030240
410690205050143,Urbano,RUA LUIZ STIVAL,251,,,,SANTA FELICIDADE,,Domicílio particular,,-0,,4,23,82030240
410690205050143,Urbano,RUA LUIZ STIVAL,77,,,,SANTA FELICIDADE,,Domicílio particular,,-0,,4,23,82030240
410690205050143,Urbano,RUA LUIZ STIVAL,75,,,,SANTA FELICIDADE,,Domicílio particular,,-0,,4,23,82030240
410690205050143,Urbano,RUA LUIZ STIVAL,67,CASA 1,,,SANTA FELICIDADE,,Domicílio particular,,-0,,4,23,82030240
410690205050143,Urbano,RUA LUIZ STIVAL,67,CASA 2,,,SANTA FELICIDADE,,Domicílio particular,,-0,,4,23,82030240
410690205050143,Urbano,RUA LUIZ STIVAL,67,CASA 3,,,SANTA FELICIDADE,,Domicílio particular,,-0,,4,23,82030240
410690205050143,Urbano,RUA LUIZ STIVAL,67,CASA 4,,,SANTA FELICIDADE,,Domicílio particular,,-0,,4,23,82030240
410690205050143,Urbano,RUA LUIZ STIVAL,14,CASA 1,,,SANTA FELICIDADE,,Domicílio particular,,-0,,4,23,82030240
410690205050143,Urbano,RUA LUIZ STIVAL,14,CASA 2,,,SANTA FELICIDADE,,Domicílio particular,,-0,,4,23,82030240
410690205050143,Urbano,RUA LUIZ STIVAL,14,CASA 3,,,SANTA FELICIDADE,,Domicílio particular,,-0,,4,23,82030240
410690205050143,Urbano,RUA LUIZ STIVAL,102,,,,SANTA FELICIDADE,,Domicílio particular,,-0,,4,24,82030240
410690205050143,Urbano,RUA LUIZ STIVAL,101,CASA 1,,,SANTA FELICIDADE,,Domicílio particular,,-0,,4,24,82030240
410690205050143,Urbano,RUA LUIZ STIVAL,101,CASA 2,,,SANTA FELICIDADE,,Domicílio particular,,-0,,4,24,82030240
410690205050143,Urbano,RUA LUIZ STIVAL,101,CASA 3,,,SANTA FELICIDADE,,Domicílio particular,,-0,,4,24,82030240
410690205050143,Urbano,RUA LUIZ STIVAL,13,FRENTE,,,SANTA FELICIDADE,,Domicílio particular,,-0,,4,25,82030240
410690205050143,Urbano,RUA LUIZ STIVAL,13,FUNDOS,,,SANTA FELICIDADE,,Domicílio particular,,-0,,4,25,82030240
410690205050143,Urbano,RUA LUIZ STIVAL,114,CASA 1,,,SANTA FELICIDADE,,Domicílio particular,,-0,,4,25,82030240
410690205050143,Urbano,RUA LUIZ STIVAL,114,CASA 2,,,SANTA FELICIDADE,,Domicílio particular,,-0,,4,25,82030240
410690205050143,Urbano,RUA LUIZ STIVAL,114,CASA 3,,,SANTA FELICIDADE,,Domicílio particular,,-0,,4,25,82030240
410690205050143,Urbano,RUA LUIZ STIVAL,26,CASA b,,,SANTA FELICIDADE,,Domicílio particular,,-0,,4,26,82030240
410690205050143,Urbano,RUA LUIZ STIVAL,26,CASA 2,,,SANTA FELICIDADE,,Domicílio particular,,-0,,4,26,82030240
410690205050143,Urbano,RUA LUIZ STIVAL,26,,,,SANTA FELICIDADE,,Domicílio particular,,-0,,4,26,82030240
410690205050143,Urbano,RUA LUIZ STIVAL,99,,,,SANTA FELICIDADE,,Domicílio particular,,-0,,4,26,82030240
410690205050143,Urbano,RUA LUIZ STIVAL,50,,,,SANTA FELICIDADE,,Domicílio particular,,-0,,4,26,82030240
410690205050143,Urbano,RUA LUIZ STIVAL,96,,,,SANTA FELICIDADE,,Domicílio particular,,-0,,4,26,82030240
410690205050143,Urbano,RUA LUIZ STIVAL,95,,,,SANTA FELICIDADE,,Domicílio particular,,-0,,4,26,82030240
410690205050143,Urbano,RUA LUIZ STIVAL,93,,,,SANTA FELICIDADE,,Domicílio particular,,-0,,4,26,82030240
410690205050143,Urbano,RUA LUIZ STIVAL,6,,,,SANTA FELICIDADE,,Domicílio particular,,-0,,4,26,82030240
410690205050143,Urbano,RUA DOUTOR LEAO MOCELLIN,881,,,,SANTA FELICIDADE,,Domicílio particular,,-0,,4,27,82030230
410690205050143,Urbano,RUA DOUTOR LEAO MOCELLIN,930,,,,SANTA FELICIDADE,,Domicílio particular,,-0,,4,27,82030230
410690205050143,Urbano,RUA DOUTOR LEAO MOCELLIN,980,,,,SANTA FELICIDADE,,Domicílio particular,,-0,,4,27,82030230
410690205050143,Urbano,RUA FREDERICO MENEGUSSO,132,FUNDOS,,,SANTA FELICIDADE,,Domicílio particular,,-0,,4,29,82030245
410690205050143,Urbano,RUA FREDERICO MENEGUSSO,131,,,,SANTA FELICIDADE,,Estabelecimento de outras finalidades,OFICINA MECANICA,Único,,4,29,82030245
410690205050143,Urbano,RUA FREDERICO MENEGUSSO,8,FRENTE,,,SANTA FELICIDADE,,Domicílio particular,,-0,,4,29,82030245
410690205050143,Urbano,RUA FREDERICO MENEGUSSO,8,FUNDOS,,,SANTA FELICIDADE,,Domicílio particular,,-0,,4,29,82030245
410690205050143,Urbano,RUA FREDERICO MENEGUSSO,128,CASA 1,,,SANTA FELICIDADE,,Domicílio particular,,-0,,4,29,82030245
410690205050143,Urbano,RUA FREDERICO MENEGUSSO,128,CASA 2,,,SANTA FELICIDADE,,Domicílio particular,,-0,,4,29,82030245
410690205050143,Urbano,RUA FREDERICO MENEGUSSO,128,CASA 3,,,SANTA FELICIDADE,,Domicílio particular,,-0,,4,29,82030245
410690205050143,Urbano,RUA FREDERICO MENEGUSSO,128,CASA 4,,,SANTA FELICIDADE,,Domicílio particular,,-0,,4,29,82030245
410690205050143,Urbano,RUA FREDERICO MENEGUSSO,128,CASA 5,,,SANTA FELICIDADE,,Domicílio particular,,-0,,4,29,82030245
410690205050143,Urbano,RUA FREDERICO MENEGUSSO,127,FRENTE,,,SANTA FELICIDADE,,Edificação em construção,,-0,,4,29,82030245
410690205050143,Urbano,RUA FREDERICO MENEGUSSO,127,FUNDOS,,,SANTA FELICIDADE,,Domicílio particular,,-0,,4,29,82030245
410690205050143,Urbano,RUA FREDERICO MENEGUSSO,124,,,,SANTA FELICIDADE,,Domicílio particular,,-0,,4,29,82030245
410690205050143,Urbano,RUA FREDERICO MENEGUSSO,125,,,,SANTA FELICIDADE,,Domicílio particular,,-0,,4,29,82030245
410690205050143,Urbano,RUA LORENCO COSTA,24,,,,SANTA FELICIDADE,,Domicílio particular,,-0,,4,30,82020760
410690205050143,Urbano,RUA LORENCO COSTA,123,,,,SANTA FELICIDADE,,Domicílio particular,,-0,,4,30,82020760
410690205050143,Urbano,RUA LORENCO COSTA,SN,CASA 1,,,SANTA FELICIDADE,,Domicílio particular,,-0,,4,30,82020760
410690205050143,Urbano,RUA LORENCO COSTA,SN,CASA 2,,,SANTA FELICIDADE,,Domicílio particular,,-0,,4,30,82020760
410690205050143,Urbano,RUA LORENCO COSTA,SN,CASA 3,,,SANTA FELICIDADE,,Domicílio particular,,-0,,4,30,82020760
410690205050143,Urbano,RUA LORENCO COSTA,SN,CASA 4,,,SANTA FELICIDADE,,Domicílio particular,,-0,,4,30,82020760
410690205050143,Urbano,RUA LORENCO COSTA,SN,CASA 5,,,SANTA FELICIDADE,,Domicílio particular,,-0,,4,30,82020760
410690205050143,Urbano,RUA LORENCO COSTA,109,,,,SANTA FELICIDADE,,Domicílio particular,,-0,,4,30,82020760
410690205050143,Urbano,RUA LORENCO COSTA,91,,,,SANTA FELICIDADE,,Domicílio particular,,-0,,4,30,82020760
410690205050143,Urbano,RUA LORENCO COSTA,73,,,,SANTA FELICIDADE,,Domicílio particular,,-0,,4,30,82020760
410690205050143,Urbano,RUA LORENCO COSTA,12,FRENTE,,,SANTA FELICIDADE,,Domicílio particular,,-0,,4,30,82020760
410690205050143,Urbano,RUA LORENCO COSTA,12,FUNDOS,,,SANTA FELICIDADE,,Domicílio particular,,-0,,4,30,82020760
410690205050143,Urbano,RUA LORENCO COSTA,31,,,,SANTA FELICIDADE,,Domicílio particular,,-0,,4,30,82020760
410690205050143,Urbano,RUA LORENCO COSTA,8,,,,SANTA FELICIDADE,,Domicílio particular,,-0,,4,30,82020760
410690205050143,Urbano,RUA AMALIA TULIO COSTA,252,,,,SANTA FELICIDADE,,Domicílio particular,,-0,,4,31,82020330
410690205050143,Urbano,RUA AMALIA TULIO COSTA,190,,,,SANTA FELICIDADE,,Domicílio particular,,-0,,4,31,82020330
410690205050143,Urbano,RUA AMALIA TULIO COSTA,20,,,,SANTA FELICIDADE,,Domicílio particular,,-0,,4,31,82020330
410690205050143,Urbano,RUA AMALIA TULIO COSTA,22,,,,SANTA FELICIDADE,,Domicílio particular,,-0,,4,31,82020330
410690205050143,Urbano,RUA AMALIA TULIO COSTA,580,,,,SANTA FELICIDADE,,Domicílio particular,,-0,,4,31,82020330
410690205050143,Urbano,RUA DOUTOR LEAO MOCELLIN,25,,,,SANTA FELICIDADE,,Domicílio particular,,-0,,5,1,82030230
410690205050143,Urbano,RUA DOUTOR LEAO MOCELLIN,65,,,,SANTA FELICIDADE,,Estabelecimento de outras finalidades,SALAO DE BELEZA,Único,,5,1,82030230
410690205050143,Urbano,RUA DOUTOR LEAO MOCELLIN,41,,,,SANTA FELICIDADE,,Domicílio particular,,-0,,5,1,82030230
410690205050143,Urbano,RUA DOUTOR LEAO MOCELLIN,1570,SOBRADO,,,SANTA FELICIDADE,,Domicílio particular,,-0,,5,1,82030230
410690205050143,Urbano,RUA DOUTOR LEAO MOCELLIN,1570,TERREO LOJA 1,,,SANTA FELICIDADE,,Estabelecimento de outras finalidades,COMERCIO DE RACOES,Múltiplo,,5,1,82030230
410690205050143,Urbano,RUA DOUTOR LEAO MOCELLIN,1570,TERREO LOJA 2,,,SANTA FELICIDADE,,Estabelecimento de outras finalidades,PAPELARIA,Múltiplo,,5,1,82030230
410690205050143,Urbano,RUA DOUTOR LEAO MOCELLIN,1570,TERREO LOJA 3,,,SANTA FELICIDADE,,Estabelecimento de outras finalidades,SALA COMERCIAL VAGO,Único,,5,1,82030230
410690205050143,Urbano,RUA DOUTOR LEAO MOCELLIN,5613,FRENTE,,,SANTA FELICIDADE,,Domicílio particular,,-0,,5,1,82030230
410690205050143,Urbano,RUA DOUTOR LEAO MOCELLIN,5613,FUNDOS,,,SANTA FELICIDADE,,Domicílio particular,,-0,,5,1,82030230
410690205050143,Urbano,RUA DOUTOR LEAO MOCELLIN,974,,,,SANTA FELICIDADE,,Domicílio particular,,-0,,5,1,82030230
410690205050143,Urbano,RUA DOUTOR LEAO MOCELLIN,1821,SOBRELOJA CONJUNTO 1,,,SANTA FELICIDADE,,Estabelecimento de outras finalidades,CONFECCAO,Único,,5,1,82030230
410690205050143,Urbano,RUA DOUTOR LEAO MOCELLIN,1821,SOBRELOJA CONJUNTO 2,,,SANTA FELICIDADE,,Estabelecimento de outras finalidades,CONFECCAO,Único,,5,1,82030230
410690205050143,Urbano,RUA DOUTOR LEAO MOCELLIN,1821,SOBRELOJA CONJUNTO 3,,,SANTA FELICIDADE,,Estabelecimento de outras finalidades,OTICA,Único,,5,1,82030230
410690205050143,Urbano,RUA DOUTOR LEAO MOCELLIN,1821,SOBRELOJA CONJUNTO 4,,,SANTA FELICIDADE,,Estabelecimento de outras finalidades,DENTISTA,Único,,5,1,82030230
410690205050143,Urbano,RUA DOUTOR LEAO MOCELLIN,1821,SOBRELOJA CONJUNTO 5,,,SANTA FELICIDADE,,Estabelecimento de outras finalidades,DENTISTA,Único,,5,1,82030230
410690205050143,Urbano,RUA DOUTOR LEAO MOCELLIN,1821,SOBRELOJA CONJUNTO 6,,,SANTA FELICIDADE,,Estabelecimento de outras finalidades,COMERCIO DE SEGUROS,Único,,5,1,82030230
410690205050143,Urbano,RUA DOUTOR LEAO MOCELLIN,1821,TERREO LOJA 1,,,SANTA FELICIDADE,,Estabelecimento de outras finalidades,ARMARINHOS,Único,,5,1,82030230
410690205050143,Urbano,RUA DOUTOR LEAO MOCELLIN,1821,TERREO LOJA 2,,,SANTA FELICIDADE,,Estabelecimento de outras finalidades,ARMARINHOS,Único,,5,1,82030230
410690205050143,Urbano,RUA DOUTOR LEAO MOCELLIN,1821,TERREO LOJA 3,,,SANTA FELICIDADE,,Estabelecimento de outras finalidades,OTICA,Único,,5,1,82030230
410690205050143,Urbano,RUA DOUTOR LEAO MOCELLIN,1821,TERREO LOJA 4,,,SANTA FELICIDADE,,Estabelecimento de outras finalidades,SALAO DE BELEZA,Único,,5,1,82030230
410690205050143,Urbano,RUA DOUTOR LEAO MOCELLIN,1821,TERREO LOJA 5,,,SANTA FELICIDADE,,Estabelecimento de outras finalidades,COMERCIO DE INFORMATICA,Único,,5,1,82030230
410690205050143,Urbano,RUA DOUTOR LEAO MOCELLIN,1801,SOBRELOJA 1,,,SANTA FELICIDADE,,Domicílio particular,,-0,,5,1,82030230
410690205050143,Urbano,RUA DOUTOR LEAO MOCELLIN,1801,SOBRELOJA 2,,,SANTA FELICIDADE,,Estabelecimento de outras finalidades,DENTISTA,Único,,5,1,82030230
410690205050143,Urbano,RUA DOUTOR LEAO MOCELLIN,1801,SOBRELOJA 2,,,SANTA FELICIDADE,,Domicílio particular,,-0,,5,1,82030230
410690205050143,Urbano,RUA DOUTOR LEAO MOCELLIN,1801,SOBRELOJA 3,,,SANTA FELICIDADE,,Domicílio particular,,-0,,5,1,82030230
410690205050143,Urbano,RUA DOUTOR LEAO MOCELLIN,1801,SOBRELOJA 4,,,SANTA FELICIDADE,,Domicílio particular,,-0,,5,1,82030230
410690205050143,Urbano,RUA DOUTOR LEAO MOCELLIN,1801,TERREO LOJA 1,,,SANTA FELICIDADE,,Estabelecimento de outras finalidades,VAGO,Único,,5,1,82030230
410690205050143,Urbano,RUA DOUTOR LEAO MOCELLIN,1801,TERREO LOJA 2,,,SANTA FELICIDADE,,Estabelecimento de outras finalidades,LOJA DE ROUPAS,Único,,5,1,82030230
410690205050143,Urbano,RUA DOUTOR LEAO MOCELLIN,1801,TERREO LOJA 3,,,SANTA FELICIDADE,,Estabelecimento de outras finalidades,LANCHONETE,Único,,5,1,82030230
410690205050143,Urbano,RUA DOUTOR LEAO MOCELLIN,1801,TERREO LOJA 4,,,SANTA FELICIDADE,,Estabelecimento de outras finalidades,LOJA DE LOCACAO DE TRAJES,Único,,5,1,82030230
410690205050143,Urbano,RUA DOUTOR LEAO MOCELLIN,1801,CASA 1,,,SANTA FELICIDADE,,Domicílio particular,,-0,,5,1,82030230
410690205050143,Urbano,RUA DOUTOR LEAO MOCELLIN,1801,CASA 2,,,SANTA FELICIDADE,,Domicílio particular,,-0,,5,1,82030230
410690205050143,Urbano,RUA DOUTOR LEAO MOCELLIN,1801,CASA 4,,,SANTA FELICIDADE,,Domicílio particular,,-0,,5,1,82030230
410690205050143,Urbano,RUA DOUTOR LEAO MOCELLIN,1801,CASA 5,,,SANTA FELICIDADE,,Domicílio particular,,-0,,5,1,82030230
410690205050143,Urbano,RUA DOUTOR LEAO MOCELLIN,1801,CASA 6,,,SANTA FELICIDADE,,Domicílio particular,,-0,,5,1,82030230
410690205050143,Urbano,RUA DOUTOR LEAO MOCELLIN,1801,CASA 7,,,SANTA FELICIDADE,,Domicílio particular,,-0,,5,1,82030230
410690205050143,Urbano,RUA DOUTOR LEAO MOCELLIN,1801,CASA 8,,,SANTA FELICIDADE,,Domicílio particular,,-0,,5,1,82030230
410690205050143,Urbano,RUA DOUTOR LEAO MOCELLIN,1801,CASA 9,,,SANTA FELICIDADE,,Domicílio particular,,-0,,5,1,82030230
410690205050143,Urbano,RUA DOUTOR LEAO MOCELLIN,1801,CASA 10,,,SANTA FELICIDADE,,Domicílio particular,,-0,,5,1,82030230
410690205050143,Urbano,RUA DOUTOR LEAO MOCELLIN,1801,CASA 11,,,SANTA FELICIDADE,,Domicílio particular,,-0,,5,1,82030230
410690205050143,Urbano,RUA DOUTOR LEAO MOCELLIN,1801,CASA 12,,,SANTA FELICIDADE,,Domicílio particular,,-0,,5,1,82030230
410690205050143,Urbano,RUA DOUTOR LEAO MOCELLIN,684,,,,SANTA FELICIDADE,,Domicílio particular,,-0,,5,1,82030230
410690205050143,Urbano,RUA DOUTOR LEAO MOCELLIN,1741,,,,SANTA FELICIDADE,,Domicílio particular,,-0,,5,1,82030230
410690205050143,Urbano,RUA BINEM SCHECHTER,SN,CASA,,,SANTA FELICIDADE,,Edificação em construção,,-0,,5,2,82020310
410690205050143,Urbano,RUA BINEM SCHECHTER,58,,,,SANTA FELICIDADE,,Domicílio particular,,-0,,5,2,82020310
410690205050143,Urbano,RUA BINEM SCHECHTER,57,,,,SANTA FELICIDADE,,Domicílio particular,,-0,,5,2,82020310
410690205050143,Urbano,RUA LEAO ZEIGELBOIN,270,,,,SANTA FELICIDADE,,Domicílio particular,,-0,,5,3,82020320
410690205050143,Urbano,RUA LEAO ZEIGELBOIN,321,CASA 3,,,SANTA FELICIDADE,,Domicílio particular,,-0,,5,3,82020320
410690205050143,Urbano,RUA LEAO ZEIGELBOIN,4,,,,SANTA FELICIDADE,,Domicílio particular,,-0,,5,3,82020320
410690205050143,Urbano,RUA LEAO ZEIGELBOIN,321,,,,SANTA FELICIDADE,,Domicílio particular,,-0,,5,4,82020320
410690205050143,Urbano,RUA LEAO ZEIGELBOIN,21,,,,SANTA FELICIDADE,,Domicílio particular,,-0,,5,4,82020320
410690205050143,Urbano,RUA LEAO ZEIGELBOIN,321,,,,SANTA FELICIDADE,,Domicílio particular,,-0,,5,4,82020320
410690205050143,Urbano,RUA LEAO ZEIGELBOIN,301,FRENTE,,,SANTA FELICIDADE,,Estabelecimento de outras finalidades,MOVELEIRO ESCRITORIO,Único,,5,6,82020320
410690205050143,Urbano,RUA LEAO ZEIGELBOIN,301,FUNDOS,,,SANTA FELICIDADE,,Estabelecimento de outras finalidades,MOVELEIRO FABRICA,Único,,5,6,82020320
410690205050143,Urbano,RUA LEAO ZEIGELBOIN,277,,,,SANTA FELICIDADE,,Domicílio particular,,-0,,5,6,82020320
410690205050143,Urbano,RUA AMALIA TULIO COSTA,510,,,,SANTA FELICIDADE,,Domicílio particular,,-0,,5,7,82020330
410690205050143,Urbano,RUA AMALIA TULIO COSTA,162,,,,SANTA FELICIDADE,,Domicílio particular,,-0,,5,7,82020330
410690205050143,Urbano,RUA AMALIA TULIO COSTA,176,,,,SANTA FELICIDADE,,Domicílio particular,,-0,,5,7,82020330
410690205050143,Urbano,RUA LORENCO COSTA,32,,,,SANTA FELICIDADE,,Domicílio particular,,-0,,5,8,82020760
410690205050143,Urbano,RUA LORENCO COSTA,60,,,,SANTA FELICIDADE,,Domicílio particular,,-0,,5,8,82020760
410690205050143,Urbano,RUA LORENCO COSTA,7,,,,SANTA FELICIDADE,,Domicílio particular,,-0,,5,8,82020760
410690205050143,Urbano,RUA LORENCO COSTA,5,,,,SANTA FELICIDADE,,Domicílio particular,,-0,,5,8,82020760
410690205050143,Urbano,RUA LORENCO COSTA,4,FRENTE,,,SANTA FELICIDADE,,Estabelecimento de outras finalidades,OFICINA,Único,,5,8,82020760
410690205050143,Urbano,RUA LORENCO COSTA,4,FUNDOS,,,SANTA FELICIDADE,,Domicílio particular,,-0,,5,8,82020760
410690205050143,Urbano,RUA LORENCO COSTA,117,,,,SANTA FELICIDADE,,Domicílio particular,,-0,,5,8,82020760
410690205050143,Urbano,RUA LORENCO COSTA,20,,,,SANTA FELICIDADE,,Domicílio particular,,-0,,5,8,82020760
410690205050143,Urbano,RUA LORENCO COSTA,980,,,,SANTA FELICIDADE,,Estabelecimento de outras finalidades,SERRALHERIA,Único,,5,8,82020760
410690205050143,Urbano,RUA LORENCO COSTA,121,,,,SANTA FELICIDADE,,Domicílio particular,,-0,,5,8,82020760
410690205050143,Urbano,RUA FREDERICO MENEGUSSO,11,CASA 1 FRENTE,,,SANTA FELICIDADE,,Domicílio particular,,-0,,5,9,82030245
410690205050143,Urbano,RUA FREDERICO MENEGUSSO,11,CASA 1 FUNDOS,,,SANTA FELICIDADE,,Domicílio particular,,-0,,5,9,82030245
410690205050143,Urbano,RUA FREDERICO MENEGUSSO,11,CASA 2 FRENTE,,,SANTA FELICIDADE,,Domicílio particular,,-0,,5,9,82030245
410690205050143,Urbano,RUA FREDERICO MENEGUSSO,1001,,,,SANTA FELICIDADE,,Domicílio particular,,-0,,5,9,82030245
410690205050143,Urbano,RUA FREDERICO MENEGUSSO,100,,,,SANTA FELICIDADE,,Domicílio particular,,-0,,5,9,82030245
410690205050143,Urbano,RUA FREDERICO MENEGUSSO,1000,,,,SANTA FELICIDADE,,Domicílio particular,,-0,,5,9,82030245
410690205050143,Urbano,RUA FREDERICO MENEGUSSO,231,,,,SANTA FELICIDADE,,Domicílio particular,,-0,,5,9,82030245
410690205050143,Urbano,RUA FREDERICO MENEGUSSO,321,FRENTE,,,SANTA FELICIDADE,,Domicílio particular,,-0,,5,9,82030245
410690205050143,Urbano,RUA FREDERICO MENEGUSSO,321,FUNDOS,,,SANTA FELICIDADE,,Domicílio particular,,-0,,5,9,82030245
410690205050143,Urbano,RUA FREDERICO MENEGUSSO,321,,,,SANTA FELICIDADE,,Domicílio particular,,-0,,5,9,82030245
410690205050143,Urbano,RUA FREDERICO MENEGUSSO,65,,,,SANTA FELICIDADE,,Domicílio particular,,-0,,5,9,82030245
410690205050143,Urbano,RUA FREDERICO MENEGUSSO,55,,,,SANTA FELICIDADE,,Domicílio particular,,-0,,5,9,82030245
410690205050143,Urbano,RUA FREDERICO MENEGUSSO,26,,,,SANTA FELICIDADE,,Domicílio particular,,-0,,5,9,82030245
410690205050143,Urbano,RUA LEAO ZEIGELBOIN,4,CASA 1,,,SANTA FELICIDADE,,Domicílio particular,,-0,,5,3,82020320
410690205050143,Urbano,RUA LEAO ZEIGELBOIN,321,CASA 3,,,SANTA FELICIDADE,,Domicílio particular,,-0,,5,3,82020320
410690205050143,Urbano,RUA LEAO ZEIGELBOIN,321,CASA 14,,,SANTA FELICIDADE,,Domicílio particular,,-0,,5,4,82020320
410690205050143,Urbano,RUA AMALIA TULIO COSTA,176,CASA 1,,,SANTA FELICIDADE,,Domicílio particular,,-0,,5,7,82020330
410690205050143,Urbano,RUA AMALIA TULIO COSTA,176,CASA 2,,,SANTA FELICIDADE,,Domicílio particular,,-0,,5,7,82020330
410690205050143,Urbano,RUA LORENCO COSTA,4,CASA 2,,,SANTA FELICIDADE,,Domicílio particular,,-0,,5,8,82020760
410690205050143,Urbano,RUA LORENCO COSTA,4,CASA 2,,,SANTA FELICIDADE,,Domicílio particular,,-0,,5,8,82020760
410690205050143,Urbano,RUA LORENCO COSTA,980,,,,SANTA FELICIDADE,,Domicílio particular,,-0,,5,8,82020760
410690205050143,Urbano,RUA LEAO ZEIGELBOIN,321,CASA 1,,,SANTA FELICIDADE,,Domicílio particular,,-0,,5,3,82020320
410690205050143,Urbano,RUA FREDERICO MENEGUSSO,100,,,,SANTA FELICIDADE,,Domicílio particular,,-0,,5,9,82030245
410690205050143,Urbano,RUA FREDERICO MENEGUSSO,65,,,,SANTA FELICIDADE,,Domicílio particular,,-0,,5,9,82030245
410690205050143,Urbano,RUA FREDERICO MENEGUSSO,26,,,,SANTA FELICIDADE,,Domicílio particular,,-0,,5,9,82030245
410690205050143,Urbano,RUA LEAO ZEIGELBOIN,321,CASA 13,,,SANTA FELICIDADE,,Domicílio particular,,-0,,5,4,82020320
410690205050143,Urbano,RUA AMALIA TULIO COSTA,20,,,,SANTA FELICIDADE,,Estabelecimento de outras finalidades,ARTESANATO,Único,,4,31,82020330
410690205050143,Urbano,RUA FREDERICO MENEGUSSO,131,,,,SANTA FELICIDADE,,Domicílio particular,,-0,,4,29,82030245
410690205050143,Urbano,RUA LORENCO COSTA,31,,,,SANTA FELICIDADE,,Domicílio particular,,-0,,4,30,82020760
410690205050143,Urbano,RUA FREDERICO MENEGUSSO,132,,,,SANTA FELICIDADE,,Domicílio particular,,-0,,4,29,82030245
410690205050143,Urbano,RUA FREDERICO MENEGUSSO,55,,,,SANTA FELICIDADE,,Domicílio particular,,-0,,5,9,82030245
410690205050143,Urbano,RUA FREDERICO MENEGUSSO,133,,,,SANTA FELICIDADE,,Domicílio particular,,-0,,4,29,82030245
410690205050143,Urbano,RUA FREDERICO MENEGUSSO,134,CASA 1,,,SANTA FELICIDADE,,Domicílio particular,,-0,,4,29,82030245
410690205050143,Urbano,RUA FREDERICO MENEGUSSO,134,CASA 2,,,SANTA FELICIDADE,,Domicílio particular,,-0,,4,29,82030245
410690205050143,Urbano,RUA LEAO ZEIGELBOIN,321,CASA 17,,,SANTA FELICIDADE,,Domicílio particular,,-0,,5,4,82020320
410690205050143,Urbano,RUA DOUTOR LEAO MOCELLIN,2053,,,,SANTA FELICIDADE,,Domicílio particular,,-0,,4,27,82030230
410690205050143,Urbano,RUA LUIZ STIVAL,96,CASA 1,,,SANTA FELICIDADE,,Domicílio particular,,-0,,4,26,82030240
410690205050143,Urbano,RUA LUIZ STIVAL,96,CASA 2,,,SANTA FELICIDADE,,Domicílio particular,,-0,,4,26,82030240
410690205050143,Urbano,RUA LUIZ STIVAL,56,CASA 3,,,SANTA FELICIDADE,,Domicílio particular,,-0,,4,23,82030240
410690205050143,Urbano,RUA LUIZ STIVAL,77,,,,SANTA FELICIDADE,,Domicílio particular,,-0,,4,23,82030240
410690205050143,Urbano,RUA LUIZ STIVAL,74,CASA 1,,,SANTA FELICIDADE,,Domicílio particular,,-0,,4,23,82030240
410690205050143,Urbano,RUA LUIZ STIVAL,76,CASA 2,,,SANTA FELICIDADE,,Domicílio particular,,-0,,4,23,82030240
410690205050143,Urbano,RUA LUIZ STIVAL,76,CASA 1,,,SANTA FELICIDADE,,Domicílio particular,,-0,,4,23,82030240
410690205050143,Urbano,RUA LUIZ STIVAL,32,CASA 2,,,SANTA FELICIDADE,,Domicílio particular,,-0,,4,23,82030240
410690205050143,Urbano,RUA LUIZ STIVAL,33,,,,SANTA FELICIDADE,,Domicílio particular,,-0,,4,23,82030240
410690205050143,Urbano,RUA LUIZ STIVAL,33,,,,SANTA FELICIDADE,,Domicílio particular,,-0,,4,23,82030240
410690205050143,Urbano,RUA LUIZ STIVAL,705,,,,SANTA FELICIDADE,,Domicílio particular,,-0,,4,23,82030240
410690205050143,Urbano,RUA LUIZ STIVAL,9,,,,SANTA FELICIDADE,,Domicílio particular,,-0,,4,23,82030240
410690205050143,Urbano,RUA LUIZ STIVAL,67,,,,SANTA FELICIDADE,,Domicílio particular,,-0,,4,23,82030240
410690205050143,Urbano,RUA LUIZ STIVAL,56,,,,SANTA FELICIDADE,,Domicílio particular,,-0,,4,23,82030240
410690205050143,Urbano,RUA LUIZ STIVAL,56,,,,SANTA FELICIDADE,,Domicílio particular,,-0,,4,23,82030240
410690205050143,Urbano,RUA LUIZ STIVAL,26,CASA 2,,,SANTA FELICIDADE,,Domicílio particular,,-0,,4,26,82030240
410690205050143,Urbano,RUA LORENCO COSTA,20,,,,SANTA FELICIDADE,,Domicílio particular,,-0,,5,8,82020760
410690205050143,Urbano,RUA LUIZ STIVAL,120,,,,SANTA FELICIDADE,,Domicílio particular,,-0,,4,25,82030240
410690205050143,Urbano,RUA LUIZ STIVAL,120,,,,SANTA FELICIDADE,,Domicílio particular,,-0,,4,25,82030240
410690205050143,Urbano,RUA LUIZ STIVAL,46,,,,SANTA FELICIDADE,,Domicílio coletivo,,-0,CARMELITAS MISSIONARIAS TEREZI,4,22,82030240
410690205050143,Urbano,RUA DOUTOR LEAO MOCELLIN,950,,,,SANTA FELICIDADE,,Domicílio particular,,-0,,4,18,82030230
410690205050143,Urbano,RUA AUGUSTE COMTE,91,,,,SANTA FELICIDADE,,Domicílio particular,,-0,,4,14,82030250
410690205050143,Urbano,RUA MARCHANJO BIANCHINI,420,,,,SANTA FELICIDADE,,Domicílio particular,,-0,,4,12,82020560
410690205050143,Urbano,RUA MARCHANJO BIANCHINI,354,,,,SANTA FELICIDADE,,Domicílio particular,,-0,,4,9,82020560
410690205050143,Urbano,RUA MARCHANJO BIANCHINI,320,,,,SANTA FELICIDADE,,Domicílio particular,,-0,,4,9,82020560
410690205050143,Urbano,RUA MARCHANJO BIANCHINI,345,CASA 1,,,SANTA FELICIDADE,,Domicílio particular,,-0,,3,3,82020560
410690205050143,Urbano,RUA MARCHANJO BIANCHINI,345,CASA 2,,,SANTA FELICIDADE,,Domicílio particular,,-0,,3,3,82020560
410690205050143,Urbano,RUA MARCHANJO BIANCHINI,345,CASA 3,,,SANTA FELICIDADE,,Domicílio particular,,-0,,3,3,82020560
410690205050143,Urbano,RUA MARCHANJO BIANCHINI,364,CASA 1,,,SANTA FELICIDADE,,Domicílio particular,,-0,,4,9,82020560
410690205050143,Urbano,RUA MARCHANJO BIANCHINI,364,CASA 2,,,SANTA FELICIDADE,,Domicílio particular,,-0,,4,9,82020560
410690205050143,Urbano,RUA MARCHANJO BIANCHINI,364,CASA 3,,,SANTA FELICIDADE,,Domicílio particular,,-0,,4,9,82020560
410690205050143,Urbano,RUA AUGUSTE COMTE,158,,,,SANTA FELICIDADE,,Domicílio particular,,-0,,4,17,82030250
410690205050143,Urbano,RUA MARCHANJO BIANCHINI,321,,,,SANTA FELICIDADE,,Domicílio particular,,-0,,3,3,82020560
410690205050143,Urbano,RUA CORONEL CARLOS VIEIRA DE CAMARGO,358,CASA 2,,,SANTA FELICIDADE,,Domicílio particular,,-0,,3,1,82020590
410690205050143,Urbano,RUA AUGUSTO MOCELLIN,30,CASA 2,,,SANTA FELICIDADE,,Domicílio particular,,-0,,3,2,82020580
410690205050143,Urbano,RUA AUGUSTO MOCELLIN,30,CASA 1,,,SANTA FELICIDADE,,Domicílio particular,,-0,,3,2,82020580
410690205050143,Urbano,RUA AUGUSTO MOCELLIN,81,,,,SANTA FELICIDADE,,Domicílio particular,,-0,,3,2,82020580
410690205050143,Urbano,RUA AUGUSTO MOCELLIN,70,,,,SANTA FELICIDADE,,Domicílio particular,,-0,,1,5,82020580
410690205050143,Urbano,RUA CORONEL CARLOS VIEIRA DE CAMARGO,341,CASA 1,,,SANTA FELICIDADE,,Domicílio particular,,-0,,1,6,82020590
410690205050143,Urbano,RUA CORONEL CARLOS VIEIRA DE CAMARGO,341,CASA 2,,,SANTA FELICIDADE,,Domicílio particular,,-0,,1,6,82020590
410690205050143,Urbano,RUA LUIZ STIVAL,251,CASA 1,,,SANTA FELICIDADE,,Domicílio particular,,-0,,4,23,82030240
410690205050143,Urbano,RUA LUIZ STIVAL,701,,,,SANTA FELICIDADE,,Domicílio particular,,-0,,4,23,82030240
410690205050143,Urbano,RUA LUIZ STIVAL,44,,,,SANTA FELICIDADE,,Domicílio particular,,-0,,4,23,82030240
410690205050143,Urbano,RUA MARCHANJO BIANCHINI,482,,,,SANTA FELICIDADE,,Domicílio particular,,-0,,4,12,82020560
410690205050143,Urbano,RUA TERRA BOA,517,,,,SANTA FELICIDADE,,Domicílio particular,,-0,,1,2,82030260
410690205050143,Urbano,RUA TERRA BOA,15,,,,SANTA FELICIDADE,,Domicílio particular,,-0,,1,2,82030260
410690205050143,Urbano,RUA TERRA BOA,15,,,,SANTA FELICIDADE,,Domicílio particular,,-0,,1,2,82030260
410690205050143,Urbano,RUA TERRA BOA,3,,,,SANTA FELICIDADE,,Domicílio particular,,-0,,1,2,82030260
410690205050143,Urbano,RUA TERRA BOA,515,,,,SANTA FELICIDADE,,Domicílio particular,,-0,,1,2,82030260
410690205050143,Urbano,RUA TERRA BOA,151,,,,SANTA FELICIDADE,,Domicílio particular,,-0,,1,2,82030260
410690205050143,Urbano,RUA TERRA BOA,30,,,,SANTA FELICIDADE,,Domicílio particular,,-0,,1,2,82030260
410690205050143,Urbano,RUA TERRA BOA,2,,,,SANTA FELICIDADE,,Domicílio particular,,-0,,1,2,82030260
410690205050143,Urbano,RUA JOAO BENATO VALLE,800,,,,SANTA FELICIDADE,,Domicílio particular,,-0,,1,1,82030270
410690205050143,Urbano,RUA JOAO BENATO VALLE,820,CASA 1,,,SANTA FELICIDADE,,Domicílio particular,,-0,,1,1,82030270
410690205050143,Urbano,RUA JOAO BENATO VALLE,820,CASA 2,,,SANTA FELICIDADE,,Domicílio particular,,-0,,1,1,82030270
410690205050143,Urbano,RUA JOBAR CASSOU,540,CASA 2,,,SANTA FELICIDADE,,Domicílio particular,,-0,,4,6,82020520
410690205050143,Urbano,RUA JOBAR CASSOU,502,,,,SANTA FELICIDADE,,Domicílio particular,,-0,,4,6,82020520
410690205050143,Urbano,RUA JOBAR CASSOU,500,,,,SANTA FELICIDADE,,Domicílio particular,,-0,,4,6,82020520
410690205050143,Urbano,RUA JOBAR CASSOU,539,,,,SANTA FELICIDADE,,Domicílio particular,,-0,,4,7,82020520
