Código da unidade geográfica,Situação do setor,Logradouro,Número no logradouro,Complemento,Latitude,Longitude,Localidade,Ponto de referência,Espécie de endereço,Tipo de estabelecimento,Indicador de endereço,Identificação domicílio coletivo,Número da quadra,Número da face,CEP
410690205050158,Urbano,RUA JOSE FAUSTINO FERRO,48,CASA,,,BAIRRO BUTIATUVINHA,,Estabelecimento de outras finalidades,TANSPORTADORA,Único,,1,1,82400040
410690205050158,Urbano,RUA JOSE FAUSTINO FERRO,48,CASA,,,BAIRRO BUTIATUVINHA,,Domicílio particular,,-0,,1,1,82400040
410690205050158,Urbano,RUA JOSE FAUSTINO FERRO,48,PORAO,,,BAIRRO BUTIATUVINHA,,Estabelecimento de outras finalidades,TRANSPORTADORA,Único,,1,1,82400040
410690205050158,Urbano,RUA JOSE FAUSTINO FERRO,SN,CASA,,,BAIRRO BUTIATUVINHA,,Domicílio particular,,-0,,1,1,82400040
410690205050158,Urbano,RUA SATURNINO MIRANDA,385,LOJA,,,BAIRRO BUTIATUVINHA,,Estabelecimento de outras finalidades,POSTO DE GASOLINA VIA APPIA,Único,,2,1,82030320
410690205050158,Urbano,RUA SATURNINO MIRANDA,369,LOJA,,,BAIRRO BUTIATUVINHA,,Estabelecimento de outras finalidades,BANCA DE REVISTAS,Único,,2,1,82030320
410690205050158,Urbano,RUA SATURNINO MIRANDA,369,BARRACAO,,,BAIRRO BUTIATUVINHA,,Estabelecimento de outras finalidades,OFICINA MECANICA DE AUTO MOVEIS,Único,,2,1,82030320
410690205050158,Urbano,RUA SATURNINO MIRANDA,369,FUNDOS,,,BAIRRO BUTIATUVINHA,,Domicílio particular,,-0,,2,1,82030320
410690205050158,Urbano,RUA SATURNINO MIRANDA,SN,CASA,,,BAIRRO BUTIATUVINHA,,Domicílio particular,,-0,,2,1,82030320
410690205050158,Urbano,RUA SATURNINO MIRANDA,SN,ANEXO,,,BAIRRO BUTIATUVINHA,,Estabelecimento de outras finalidades,SALAO DE BELEZA,Único,,2,1,82030320
410690205050158,Urbano,RUA SATURNINO MIRANDA,325,SOBRADO,,,BAIRRO BUTIATUVINHA,,Estabelecimento de outras finalidades,LOJA DE VENDA DE PECAS DE AUTOMOVEIS,Único,,2,1,82030320
410690205050158,Urbano,RUA SATURNINO MIRANDA,325,APARTAMENTO,,,BAIRRO BUTIATUVINHA,,Domicílio particular,,-0,,2,1,82030320
410690205050158,Urbano,RUA SATURNINO MIRANDA,325,CASA,,,BAIRRO BUTIATUVINHA,,Domicílio particular,,-0,,2,1,82030320
410690205050158,Urbano,RUA SATURNINO MIRANDA,323,SOBRADO,,,BAIRRO BUTIATUVINHA,,Domicílio particular,,-0,,2,1,82030320
410690205050158,Urbano,RUA SATURNINO MIRANDA,SN,BARRACAO,,,BAIRRO BUTIATUVINHA,,Estabelecimento de outras finalidades,OFICINA MECANICA,Único,,2,1,82030320
410690205050158,Urbano,RUA SATURNINO MIRANDA,315,SOBRADO 1,,,BAIRRO BUTIATUVINHA,,Domicílio particular,,-0,,2,1,82030320
410690205050158,Urbano,RUA SATURNINO MIRANDA,315,SOBRADO 2,,,BAIRRO BUTIATUVINHA,,Domicílio particular,,-0,,2,1,82030320
410690205050158,Urbano,RUA SATURNINO MIRANDA,315,SOBRADO 3,,,BAIRRO BUTIATUVINHA,,Domicílio particular,,-0,,2,1,82030320
410690205050158,Urbano,RUA SATURNINO MIRANDA,315,SOBRADO 4,,,BAIRRO BUTIATUVINHA,,Domicílio particular,,-0,,2,1,82030320
410690205050158,Urbano,RUA SATURNINO MIRANDA,315,SOBRADO 5,,,BAIRRO BUTIATUVINHA,,Domicílio particular,,-0,,2,1,82030320
410690205050158,Urbano,RUA SATURNINO MIRANDA,315,SOBRADO 6,,,BAIRRO BUTIATUVINHA,,Domicílio particular,,-0,,2,1,82030320
410690205050158,Urbano,RUA SATURNINO MIRANDA,315,SOBRADO 7,,,BAIRRO BUTIATUVINHA,,Domicílio particular,,-0,,2,1,82030320
410690205050158,Urbano,RUA SATURNINO MIRANDA,315,SOBRADO 8,,,BAIRRO BUTIATUVINHA,,Domicílio particular,,-0,,2,1,82030320
410690205050158,Urbano,RUA SATURNINO MIRANDA,315,SOBRADO 9,,,BAIRRO BUTIATUVINHA,,Domicílio particular,,-0,,2,1,82030320
410690205050158,Urbano,RUA SATURNINO MIRANDA,315,SOBRADO 10,,,BAIRRO BUTIATUVINHA,,Domicílio particular,,-0,,2,1,82030320
410690205050158,Urbano,RUA SATURNINO MIRANDA,315,SOBRADO 11,,,BAIRRO BUTIATUVINHA,,Domicílio particular,,-0,,2,1,82030320
410690205050158,Urbano,RUA SATURNINO MIRANDA,315,SOBRADO 12,,,BAIRRO BUTIATUVINHA,,Domicílio particular,,-0,,2,1,82030320
410690205050158,Urbano,RUA SATURNINO MIRANDA,315,SOBRADO 13,,,BAIRRO BUTIATUVINHA,,Domicílio particular,,-0,,2,1,82030320
410690205050158,Urbano,RUA SATURNINO MIRANDA,315,SOBRADO 15,,,BAIRRO BUTIATUVINHA,,Domicílio particular,,-0,,2,1,82030320
410690205050158,Urbano,RUA SATURNINO MIRANDA,315,SOBRADO 16,,,BAIRRO BUTIATUVINHA,,Domicílio particular,,-0,,2,1,82030320
410690205050158,Urbano,RUA SATURNINO MIRANDA,315,SOBRADO 17,,,BAIRRO BUTIATUVINHA,,Domicílio particular,,-0,,2,1,82030320
410690205050158,Urbano,RUA SATURNINO MIRANDA,315,SOBRADO 18,,,BAIRRO BUTIATUVINHA,,Domicílio particular,,-0,,2,1,82030320
410690205050158,Urbano,RUA SATURNINO MIRANDA,315,SOBRADO 19,,,BAIRRO BUTIATUVINHA,,Domicílio particular,,-0,,2,1,82030320
410690205050158,Urbano,RUA SATURNINO MIRANDA,315,SOBRADO 20,,,BAIRRO BUTIATUVINHA,,Domicílio particular,,-0,,2,1,82030320
410690205050158,Urbano,RUA SATURNINO MIRANDA,315,SOBRADO 21,,,BAIRRO BUTIATUVINHA,,Domicílio particular,,-0,,2,1,82030320
410690205050158,Urbano,RUA SATURNINO MIRANDA,315,SOBRADO 22,,,BAIRRO BUTIATUVINHA,,Domicílio particular,,-0,,2,1,82030320
410690205050158,Urbano,RUA SATURNINO MIRANDA,315,SOBRADO 23,,,BAIRRO BUTIATUVINHA,,Domicílio particular,,-0,,2,1,82030320
410690205050158,Urbano,RUA SATURNINO MIRANDA,315,SOBRADO 24,,,BAIRRO BUTIATUVINHA,,Domicílio particular,,-0,,2,1,82030320
410690205050158,Urbano,RUA SATURNINO MIRANDA,315,SOBRADO 25,,,BAIRRO BUTIATUVINHA,,Domicílio particular,,-0,,2,1,82030320
410690205050158,Urbano,RUA SATURNINO MIRANDA,315,SOBRADO 26,,,BAIRRO BUTIATUVINHA,,Domicílio particular,,-0,,2,1,82030320
410690205050158,Urbano,RUA SATURNINO MIRANDA,287,CASA,,,BAIRRO BUTIATUVINHA,,Domicílio particular,,-0,,2,1,82030320
410690205050158,Urbano,RUA SATURNINO MIRANDA,219,CASA,,,BAIRRO BUTIATUVINHA,,Domicílio particular,,-0,,2,1,82030320
410690205050158,Urbano,RUA SATURNINO MIRANDA,215,CASA,,,BAIRRO BUTIATUVINHA,,Domicílio particular,,-0,,2,1,82030320
410690205050158,Urbano,RUA SATURNINO MIRANDA,251,CASA,,,BAIRRO BUTIATUVINHA,,Estabelecimento de ensino,CRECHE COM ENSINO PRE ESCOLAR,Único,,2,1,82030320
410690205050158,Urbano,RUA SATURNINO MIRANDA,235,SOBRADO,,,BAIRRO BUTIATUVINHA,,Estabelecimento de outras finalidades,VENDA E COLOCACAO DE SOM AUTOMOTIVO,Único,,2,1,82030320
410690205050158,Urbano,RUA SATURNINO MIRANDA,235,APARTAMENTO,,,BAIRRO BUTIATUVINHA,,Domicílio particular,,-0,,2,1,82030320
410690205050158,Urbano,RUA SATURNINO MIRANDA,221,,,,BAIRRO BUTIATUVINHA,,Estabelecimento de outras finalidades,OFICINA MECANICA AUTO MOTIVA,Único,,2,1,82030320
410690205050158,Urbano,RUA SATURNINO MIRANDA,195,CASA,,,BAIRRO BUTIATUVINHA,,Domicílio particular,,-0,,2,1,82030320
410690205050158,Urbano,RUA VIA VENETO,1740,SOBRADO,,,BAIRRO BUTIATUVINHA,,Estabelecimento de outras finalidades,REVENDEDORA DE CARROS,Único,,2,2,82400020
410690205050158,Urbano,RUA VIA VENETO,1778,SOBRADO,,,BAIRRO BUTIATUVINHA,,Estabelecimento de outras finalidades,ESCRITORIO DE CONTABILIDADE,Único,,2,2,82400020
410690205050158,Urbano,RUA VIA VENETO,1800,SOBRADO,,,BAIRRO BUTIATUVINHA,,Estabelecimento de outras finalidades,LOJA DE MATERIAIS PARA CONSTRUCAO CIVIL,Único,,2,2,82400020
410690205050158,Urbano,RUA VIA VENETO,1846,,,,BAIRRO BUTIATUVINHA,,Domicílio particular,,-0,,2,2,82400020
410690205050158,Urbano,RUA VIA VENETO,1890,,,,BAIRRO BUTIATUVINHA,,Domicílio particular,,-0,,2,2,82400020
410690205050158,Urbano,RUA VIA VENETO,1900,DEPOSITO,,,BAIRRO BUTIATUVINHA,,Estabelecimento de outras finalidades,DEOOSITO DE UMA EMPRESA DE GAS DE COSINH,Único,,2,2,82400020
410690205050158,Urbano,RUA VIA VENETO,1950,SOBRADO b,,,BAIRRO BUTIATUVINHA,,Estabelecimento de outras finalidades,1EMPRESA DE FABRICACAO DE PAPEIS2ESCRITO,Único,,2,2,82400020
410690205050158,Urbano,RUA VIA VENETO,SN,SOBRADO,,,BAIRRO BUTIATUVINHA,,Estabelecimento de outras finalidades,ESTA VAGO,Único,,2,2,82400020
410690205050158,Urbano,RUA VIA VENETO,2012,SOBRADO,,,BAIRRO BUTIATUVINHA,,Estabelecimento de outras finalidades,REVENDA E CNSERTO DE CARROS,Único,,2,2,82400020
410690205050158,Urbano,RUA VIA VENETO,2050,BARRACAO,,,BAIRRO BUTIATUVINHA,,Estabelecimento de outras finalidades,DISTRIBUIDORA DE BEBIDAS,Único,,2,2,82400020
410690205050158,Urbano,RUA VIA VENETO,2050,CASA,,,BAIRRO BUTIATUVINHA,,Estabelecimento de outras finalidades,DISTRI BEBIDAS VENETO,Único,,2,2,82400020
410690205050158,Urbano,RUA VIA VENETO,2066,SOBRADO,,,BAIRRO BUTIATUVINHA,,Estabelecimento de outras finalidades,MATERIAIS PARA CONSTRUCAO CIVIL,Único,,2,2,82400020
410690205050158,Urbano,RUA SATURNINO MIRANDA,627,CASA,,,BAIRRO BUTIATUVINHA,,Domicílio particular,,-0,,1,2,82030320
410690205050158,Urbano,RUA SATURNINO MIRANDA,625,CASA,,,BAIRRO BUTIATUVINHA,,Domicílio particular,,-0,,1,2,82030320
410690205050158,Urbano,RUA SATURNINO MIRANDA,625,LADO,,,BAIRRO BUTIATUVINHA,,Domicílio particular,,-0,,1,2,82030320
410690205050158,Urbano,RUA SATURNINO MIRANDA,625,FUNDOS,,,BAIRRO BUTIATUVINHA,,Domicílio particular,,-0,,1,2,82030320
410690205050158,Urbano,RUA SATURNINO MIRANDA,605,CASA,,,BAIRRO BUTIATUVINHA,,Domicílio particular,,-0,,1,2,82030320
410690205050158,Urbano,RUA ISIDORO DURIGAN,44,SOBRADO,,,BAIRRO BUTIATUVINHA,,Estabelecimento de saúde,SIAME,Único,,1,3,82400030
410690205050158,Urbano,RUA ISIDORO DURIGAN,32,CASA,,,BAIRRO BUTIATUVINHA,,Domicílio particular,,-0,,1,3,82400030
410690205050158,Urbano,RUA ISIDORO DURIGAN,34,CASA,,,BAIRRO BUTIATUVINHA,,Domicílio particular,,-0,,1,3,82400030
410690205050158,Urbano,RUA ISIDORO DURIGAN,34,SOBRADO,,,BAIRRO BUTIATUVINHA,,Domicílio particular,,-0,,1,3,82400030
410690205050158,Urbano,RUA ISIDORO DURIGAN,36,SOBRADO 1,,,BAIRRO BUTIATUVINHA,,Domicílio particular,,-0,,1,3,82400030
410690205050158,Urbano,RUA ISIDORO DURIGAN,36,SOBRADO 2,,,BAIRRO BUTIATUVINHA,,Domicílio particular,,-0,,1,3,82400030
410690205050158,Urbano,RUA ISIDORO DURIGAN,36,CASA,,,BAIRRO BUTIATUVINHA,,Domicílio particular,,-0,,1,3,82400030
410690205050158,Urbano,RUA ISIDORO DURIGAN,38,CASA,,,BAIRRO BUTIATUVINHA,,Domicílio particular,,-0,,1,3,82400030
410690205050158,Urbano,RUA ANTONIO STIVAL,240,CASA,,,BAIRRO BUTIATUVINHA,,Domicílio particular,,-0,,1,4,82400060
410690205050158,Urbano,RUA ANTONIO STIVAL,242,CASA,,,BAIRRO BUTIATUVINHA,,Domicílio particular,,-0,,1,4,82400060
410690205050158,Urbano,RUA ANTONIO STIVAL,320,CASA,,,BAIRRO BUTIATUVINHA,,Domicílio particular,,-0,,1,4,82400060
410690205050158,Urbano,RUA ANTONIO STIVAL,330,CASA,,,BAIRRO BUTIATUVINHA,,Domicílio particular,,-0,,1,4,82400060
410690205050158,Urbano,RUA ANTONIO STIVAL,162,SOBRADO,,,BAIRRO BUTIATUVINHA,,Domicílio particular,,-0,,2,3,82400060
410690205050158,Urbano,RUA ANTONIO STIVAL,196,SOBRADO,,,BAIRRO BUTIATUVINHA,,Domicílio particular,,-0,,2,3,82400060
410690205050158,Urbano,RUA ANTONIO STIVAL,160,CASA,,,BAIRRO BUTIATUVINHA,,Domicílio particular,,-0,,2,3,82400060
410690205050158,Urbano,RUA ANTONIO STIVAL,170,CASA,,,BAIRRO BUTIATUVINHA,,Domicílio particular,,-0,,2,3,82400060
410690205050158,Urbano,RUA ANTONIO STIVAL,246,CASA,,,BAIRRO BUTIATUVINHA,,Domicílio particular,,-0,,2,3,82400060
410690205050158,Urbano,RUA ISIDORO DURIGAN,249,PREDIO 1,,,BAIRRO BUTIATUVINHA,,Estabelecimento de outras finalidades,EMPRESA DE ENERGIA ELETRICA,Múltiplo,,2,4,82400030
410690205050158,Urbano,RUA ISIDORO DURIGAN,249,PREDIO 2,,,BAIRRO BUTIATUVINHA,,Estabelecimento de outras finalidades,EMPRESA DE ENERGIA ELETRICA,Múltiplo,,2,4,82400030
410690205050158,Urbano,RUA ISIDORO DURIGAN,SN,SOBRADO,,,BAIRRO BUTIATUVINHA,,Domicílio particular,,-0,,2,4,82400030
410690205050158,Urbano,RUA ISIDORO DURIGAN,149,SOBRADO 1,,,BAIRRO BUTIATUVINHA,,Domicílio particular,,-0,,2,4,82400030
410690205050158,Urbano,RUA ISIDORO DURIGAN,149,SOBRADO 2,,,BAIRRO BUTIATUVINHA,,Domicílio particular,,-0,,2,4,82400030
410690205050158,Urbano,RUA ISIDORO DURIGAN,149,SOBRADO 3,,,BAIRRO BUTIATUVINHA,,Domicílio particular,,-0,,2,4,82400030
410690205050158,Urbano,RUA ISIDORO DURIGAN,149,SOBRADO 4,,,BAIRRO BUTIATUVINHA,,Domicílio particular,,-0,,2,4,82400030
410690205050158,Urbano,RUA ISIDORO DURIGAN,149,SOBRADO 5,,,BAIRRO BUTIATUVINHA,,Domicílio particular,,-0,,2,4,82400030
410690205050158,Urbano,RUA ISIDORO DURIGAN,149,SOBRADO 6,,,BAIRRO BUTIATUVINHA,,Domicílio particular,,-0,,2,4,82400030
410690205050158,Urbano,RUA ISIDORO DURIGAN,149,SOBRADO 7,,,BAIRRO BUTIATUVINHA,,Domicílio particular,,-0,,2,4,82400030
410690205050158,Urbano,RUA ISIDORO DURIGAN,149,SOBRADO 8,,,BAIRRO BUTIATUVINHA,,Domicílio particular,,-0,,2,4,82400030
410690205050158,Urbano,RUA ISIDORO DURIGAN,149,SOBRADO 10,,,BAIRRO BUTIATUVINHA,,Domicílio particular,,-0,,2,4,82400030
410690205050158,Urbano,RUA ISIDORO DURIGAN,149,SOBRADO 11,,,BAIRRO BUTIATUVINHA,,Domicílio particular,,-0,,2,4,82400030
410690205050158,Urbano,RUA ISIDORO DURIGAN,149,SOBRADO 12,,,BAIRRO BUTIATUVINHA,,Domicílio particular,,-0,,2,4,82400030
410690205050158,Urbano,RUA ISIDORO DURIGAN,149,SOBRADO 13,,,BAIRRO BUTIATUVINHA,,Domicílio particular,,-0,,2,4,82400030
410690205050158,Urbano,RUA ISIDORO DURIGAN,149,SOBRADO 14,,,BAIRRO BUTIATUVINHA,,Domicílio particular,,-0,,2,4,82400030
410690205050158,Urbano,RUA ISIDORO DURIGAN,149,SOBRADO 15,,,BAIRRO BUTIATUVINHA,,Domicílio particular,,-0,,2,4,82400030
410690205050158,Urbano,RUA SATURNINO MIRANDA,537,CASA 09,,,BAIRRO BUTIATUVINHA,,Domicílio particular,,-0,,1,2,82030320
410690205050158,Urbano,RUA SATURNINO MIRANDA,537,CASA,,,BAIRRO BUTIATUVINHA,,Domicílio particular,,-0,,1,2,82030320
410690205050158,Urbano,RUA SATURNINO MIRANDA,537,FUNDOS,,,BAIRRO BUTIATUVINHA,,Domicílio particular,,-0,,1,2,82030320
410690205050158,Urbano,RUA SATURNINO MIRANDA,537,LADO,,,BAIRRO BUTIATUVINHA,,Domicílio particular,,-0,,1,2,82030320
410690205050158,Urbano,RUA SATURNINO MIRANDA,535,CASA,,,BAIRRO BUTIATUVINHA,,Domicílio particular,,-0,,1,2,82030320
410690205050158,Urbano,RUA SATURNINO MIRANDA,535,LOJA,,,BAIRRO BUTIATUVINHA,,Estabelecimento de outras finalidades,LOJA VAGA,Único,,1,2,82030320
410690205050158,Urbano,RUA SATURNINO MIRANDA,535,LOJA,,,BAIRRO BUTIATUVINHA,,Estabelecimento de outras finalidades,LOJA ESPECIALIZADA EM BICICLETAS,Único,,1,2,82030320
410690205050158,Urbano,RUA SATURNINO MIRANDA,535,BARRACAO,,,BAIRRO BUTIATUVINHA,,Estabelecimento de outras finalidades,OFICINA MECANICA DE CARROS,Único,,1,2,82030320
410690205050158,Urbano,RUA SATURNINO MIRANDA,499,SOBRADO,,,BAIRRO BUTIATUVINHA,,Domicílio particular,,-0,,1,2,82030320
410690205050158,Urbano,RUA SATURNINO MIRANDA,499,ANEXO,,,BAIRRO BUTIATUVINHA,,Estabelecimento de outras finalidades,FUNDOS DO BAR CELTRA,Único,,1,2,82030320
410690205050158,Urbano,RUA SATURNINO MIRANDA,499,CASA,,,BAIRRO BUTIATUVINHA,,Domicílio particular,,-0,,1,2,82030320
410690205050158,Urbano,RUA SATURNINO MIRANDA,475,CASA,,,BAIRRO BUTIATUVINHA,,Domicílio particular,,-0,,1,2,82030320
410690205050158,Urbano,RUA SATURNINO MIRANDA,475,BARRACAO,,,BAIRRO BUTIATUVINHA,,Estabelecimento de outras finalidades,OFICINA DE FABRICACAO DE PLACAS,Único,,1,2,82030320
410690205050158,Urbano,RUA SATURNINO MIRANDA,475,CASA a,,,BAIRRO BUTIATUVINHA,,Domicílio particular,,-0,,1,2,82030320
410690205050158,Urbano,RUA SATURNINO MIRANDA,431,CASA,,,BAIRRO BUTIATUVINHA,,Domicílio particular,,-0,,1,2,82030320
410690205050158,Urbano,RUA ISIDORO DURIGAN,38,CASA,,,BAIRRO BUTIATUVINHA,,Domicílio particular,,-0,,1,3,82400030
410690205050158,Urbano,RUA ISIDORO DURIGAN,38,CASA,,,BAIRRO BUTIATUVINHA,,Domicílio particular,,-0,,1,3,82400030
410690205050158,Urbano,RUA ISIDORO DURIGAN,38,CASA,,,BAIRRO BUTIATUVINHA,,Domicílio particular,,-0,,1,3,82400030
410690205050158,Urbano,RUA ISIDORO DURIGAN,100,CASA,,,BAIRRO BUTIATUVINHA,,Domicílio particular,,-0,,1,3,82400030
410690205050158,Urbano,RUA ISIDORO DURIGAN,100,BARRACAO,,,BAIRRO BUTIATUVINHA,,Estabelecimento de outras finalidades,FABRICA DE ESTOFADOS,Único,,1,3,82400030
410690205050158,Urbano,RUA ISIDORO DURIGAN,100,CASA,,,BAIRRO BUTIATUVINHA,,Domicílio particular,,-0,,1,3,82400030
410690205050158,Urbano,RUA ISIDORO DURIGAN,100,CASA,,,BAIRRO BUTIATUVINHA,,Domicílio particular,,-0,,1,3,82400030
410690205050158,Urbano,RUA ISIDORO DURIGAN,100,CASA,,,BAIRRO BUTIATUVINHA,,Domicílio particular,,-0,,1,3,82400030
410690205050158,Urbano,RUA ISIDORO DURIGAN,270,CASA,,,BAIRRO BUTIATUVINHA,,Domicílio particular,,-0,,1,3,82400030
410690205050158,Urbano,RUA SATURNINO MIRANDA,101,SOBRADO 1,,,BAIRRO BUTIATUVINHA,,Domicílio particular,,-0,,3,1,82030320
410690205050158,Urbano,RUA SATURNINO MIRANDA,101,SOBRADO 2,,,BAIRRO BUTIATUVINHA,,Estabelecimento de outras finalidades,ESCRITORIO DE PROJETOS DE  ENGENHARIA,Único,,3,1,82030320
410690205050158,Urbano,RUA SATURNINO MIRANDA,101,SOBRADO 3,,,BAIRRO BUTIATUVINHA,,Domicílio particular,,-0,,3,1,82030320
410690205050158,Urbano,RUA SATURNINO MIRANDA,101,SOBRADO 4,,,BAIRRO BUTIATUVINHA,,Domicílio particular,,-0,,3,1,82030320
410690205050158,Urbano,RUA SATURNINO MIRANDA,73,CASA,,,BAIRRO BUTIATUVINHA,,Estabelecimento de outras finalidades,ESCOLA DE INGLES,Único,,3,1,82030320
410690205050158,Urbano,RUA SATURNINO MIRANDA,73,FUNDOS,,,BAIRRO BUTIATUVINHA,,Domicílio particular,,-0,,3,1,82030320
410690205050158,Urbano,RUA SATURNINO MIRANDA,51,BARRACAO,,,BAIRRO BUTIATUVINHA,,Estabelecimento de outras finalidades,REVENDA DE CARROS,Único,,3,1,82030320
410690205050158,Urbano,RUA SATURNINO MIRANDA,23,SOBRADO,,,BAIRRO BUTIATUVINHA,,Domicílio particular,,-0,,3,1,82030320
410690205050158,Urbano,AVENIDA MANOEL RIBAS,6720,BARRACAO,,,BAIRRO BUTIATUVINHA,,Estabelecimento de outras finalidades,RESTAURANTE,Único,,3,2,82400000
410690205050158,Urbano,AVENIDA MANOEL RIBAS,6764,SOBRADO,,,BAIRRO BUTIATUVINHA,,Estabelecimento de outras finalidades,FARMACIA E REVISTARIA,Único,,3,2,82400000
410690205050158,Urbano,AVENIDA MANOEL RIBAS,6764,APARTAMENTO 1,,,BAIRRO BUTIATUVINHA,,Domicílio particular,,-0,,3,2,82400000
410690205050158,Urbano,AVENIDA MANOEL RIBAS,6764,APARTAMENTO 2,,,BAIRRO BUTIATUVINHA,,Domicílio particular,,-0,,3,2,82400000
410690205050158,Urbano,AVENIDA MANOEL RIBAS,6760,APARTAMENTO,,,BAIRRO BUTIATUVINHA,,Estabelecimento de outras finalidades,ESCRITORIO DE ADVOCACIA,Único,,3,2,82400000
410690205050158,Urbano,AVENIDA MANOEL RIBAS,6760,TERREO,,,BAIRRO BUTIATUVINHA,,Domicílio particular,,-0,,3,2,82400000
410690205050158,Urbano,AVENIDA MANOEL RIBAS,6776,CASA,,,BAIRRO BUTIATUVINHA,,Domicílio particular,,-0,,3,2,82400000
410690205050158,Urbano,AVENIDA MANOEL RIBAS,6820,BARRACAO,,,BAIRRO BUTIATUVINHA,,Estabelecimento de outras finalidades,LOJA DE RODAS PARA CARR,Único,,3,2,82400000
410690205050158,Urbano,AVENIDA MANOEL RIBAS,6820,BARRACAO,,,BAIRRO BUTIATUVINHA,,Estabelecimento de outras finalidades,LAVADRA DE CARROS,Único,,3,2,82400000
410690205050158,Urbano,AVENIDA MANOEL RIBAS,6820,CASA,,,BAIRRO BUTIATUVINHA,,Domicílio particular,,-0,,3,2,82400000
410690205050158,Urbano,AVENIDA MANOEL RIBAS,6812,CASA,,,BAIRRO BUTIATUVINHA,,Domicílio particular,,-0,,3,2,82400000
410690205050158,Urbano,AVENIDA MANOEL RIBAS,6826,BARRACAO,,,BAIRRO BUTIATUVINHA,,Estabelecimento de outras finalidades,VIDRACARIA,Único,,3,2,82400000
410690205050158,Urbano,AVENIDA MANOEL RIBAS,6850,CASA,,,BAIRRO BUTIATUVINHA,,Domicílio particular,,-0,,3,2,82400000
410690205050158,Urbano,AVENIDA MANOEL RIBAS,6850,SOBRADO,,,BAIRRO BUTIATUVINHA,,Domicílio particular,,-0,,3,2,82400000
410690205050158,Urbano,AVENIDA MANOEL RIBAS,6860,PAVIMENTO,,,BAIRRO BUTIATUVINHA,,Estabelecimento de outras finalidades,RESTAURANTE,Único,,3,2,82400000
410690205050158,Urbano,AVENIDA MANOEL RIBAS,6952,CASA,,,BAIRRO BUTIATUVINHA,,Estabelecimento de outras finalidades,OFICINA MECANICA,Único,,3,2,82400000
410690205050158,Urbano,AVENIDA MANOEL RIBAS,6972,MANSAO,,,BAIRRO BUTIATUVINHA,,Estabelecimento de outras finalidades,CASA PARA EVENTOS,Único,,3,2,82400000
410690205050158,Urbano,AVENIDA MANOEL RIBAS,SN,CASA,,,BAIRRO BUTIATUVINHA,,Estabelecimento de outras finalidades,ADEGA,Único,,3,2,82400000
410690205050158,Urbano,AVENIDA MANOEL RIBAS,SN,FUNDOS,,,BAIRRO BUTIATUVINHA,,Domicílio particular,,-0,,3,2,82400000
410690205050158,Urbano,AVENIDA MANOEL RIBAS,7028,SOBRADO,,,BAIRRO BUTIATUVINHA,,Estabelecimento de outras finalidades,VENDEDORA DE MOVEIS,Único,,3,2,82400000
410690205050158,Urbano,AVENIDA MANOEL RIBAS,7028,APARTAMENTO 1,,,BAIRRO BUTIATUVINHA,,Domicílio particular,,-0,,3,2,82400000
410690205050158,Urbano,AVENIDA MANOEL RIBAS,7028,APARTAMENTO 2,,,BAIRRO BUTIATUVINHA,,Domicílio particular,,-0,,3,2,82400000
410690205050158,Urbano,AVENIDA MANOEL RIBAS,7066,SOBRADO,,,BAIRRO BUTIATUVINHA,,Estabelecimento de outras finalidades,ESCRITORIO DE CONSTRUTORA,Único,,3,2,82400000
410690205050158,Urbano,AVENIDA MANOEL RIBAS,7066,APARTAMENTO 1,,,BAIRRO BUTIATUVINHA,,Domicílio particular,,-0,,3,2,82400000
410690205050158,Urbano,AVENIDA MANOEL RIBAS,7066,APARTAMENTO 2,,,BAIRRO BUTIATUVINHA,,Domicílio particular,,-0,,3,2,82400000
410690205050158,Urbano,AVENIDA MANOEL RIBAS,7062,CASA,,,BAIRRO BUTIATUVINHA,,Domicílio particular,,-0,,3,2,82400000
410690205050158,Urbano,AVENIDA MANOEL RIBAS,7062,CASA,,,BAIRRO BUTIATUVINHA,,Domicílio particular,,-0,,3,2,82400000
410690205050158,Urbano,AVENIDA MANOEL RIBAS,7062,CASA,,,BAIRRO BUTIATUVINHA,,Domicílio particular,,-0,,3,2,82400000
410690205050158,Urbano,AVENIDA MANOEL RIBAS,7062,SOBRADO,,,BAIRRO BUTIATUVINHA,,Domicílio particular,,-0,,3,2,82400000
410690205050158,Urbano,AVENIDA MANOEL RIBAS,7080,BARRACAO,,,BAIRRO BUTIATUVINHA,,Estabelecimento de outras finalidades,VENDEDORA DE PNEUS,Único,,3,2,82400000
410690205050158,Urbano,AVENIDA MANOEL RIBAS,7100,CASA,,,BAIRRO BUTIATUVINHA,,Domicílio particular,,-0,,3,2,82400000
410690205050158,Urbano,AVENIDA MANOEL RIBAS,7100,SOBRADO,,,BAIRRO BUTIATUVINHA,,Domicílio particular,,-0,,3,2,82400000
410690205050158,Urbano,AVENIDA MANOEL RIBAS,7100,SOBRADO,,,BAIRRO BUTIATUVINHA,,Domicílio particular,,-0,,3,2,82400000
410690205050158,Urbano,AVENIDA MANOEL RIBAS,7002,BARRACAO loja 1,,,BAIRRO BUTIATUVINHA,,Estabelecimento de outras finalidades,AVIARIO,Único,,3,2,82400000
410690205050158,Urbano,AVENIDA MANOEL RIBAS,7002,BARRACAO loja 2,,,BAIRRO BUTIATUVINHA,,Estabelecimento de outras finalidades,ACOUQUE,Único,,3,2,82400000
410690205050158,Urbano,AVENIDA MANOEL RIBAS,7002,SOBRADO,,,BAIRRO BUTIATUVINHA,,Domicílio particular,,-0,,3,2,82400000
410690205050158,Urbano,AVENIDA MANOEL RIBAS,7092,CASA,,,BAIRRO BUTIATUVINHA,,Estabelecimento de outras finalidades,VENDAS DE ROUPAS,Único,,3,2,82400000
410690205050158,Urbano,AVENIDA MANOEL RIBAS,7092,CASA,,,BAIRRO BUTIATUVINHA,,Domicílio particular,,-0,,3,2,82400000
410690205050158,Urbano,AVENIDA MANOEL RIBAS,7130,SOBRADO,,,BAIRRO BUTIATUVINHA,,Domicílio particular,,-0,,3,2,82400000
410690205050158,Urbano,AVENIDA MANOEL RIBAS,7128,CASA,,,BAIRRO BUTIATUVINHA,,Domicílio particular,,-0,,3,2,82400000
410690205050158,Urbano,AVENIDA MANOEL RIBAS,7158,,,,BAIRRO BUTIATUVINHA,,Estabelecimento de outras finalidades,VENDEDORA DE CARROS,Único,,3,2,82400000
410690205050158,Urbano,RUA ANTONIO STIVAL,28,CASA,,,BAIRRO BUTIATUVINHA,,Domicílio particular,,-0,,3,3,82400060
410690205050158,Urbano,RUA ANTONIO STIVAL,40,BARRACAO,,,BAIRRO BUTIATUVINHA,,Estabelecimento de outras finalidades,BAR,Único,,3,3,82400060
410690205050158,Urbano,RUA ANTONIO STIVAL,40,CASA,,,BAIRRO BUTIATUVINHA,,Domicílio particular,,-0,,3,3,82400060
410690205050158,Urbano,RUA ANTONIO STIVAL,62,CASA,,,BAIRRO BUTIATUVINHA,,Domicílio particular,,-0,,3,3,82400060
410690205050158,Urbano,RUA ANTONIO STIVAL,78,CASA,,,BAIRRO BUTIATUVINHA,,Domicílio particular,,-0,,3,3,82400060
410690205050158,Urbano,RUA ANTONIO STIVAL,SN,CASA,,,BAIRRO BUTIATUVINHA,,Domicílio particular,,-0,,3,3,82400060
410690205050158,Urbano,RUA ANTONIO STIVAL,102,CASA,,,BAIRRO BUTIATUVINHA,,Domicílio particular,,-0,,3,3,82400060
410690205050158,Urbano,RUA ANTONIO STIVAL,125,CASA,,,BAIRRO BUTIATUVINHA,,Domicílio particular,,-0,,3,3,82400060
410690205050158,Urbano,RUA ANTONIO STIVAL,130,CASA,,,BAIRRO BUTIATUVINHA,,Estabelecimento de outras finalidades,EMRESA DE TELEFONIA,Único,,3,3,82400060
410690205050158,Urbano,AVENIDA MANOEL RIBAS,7174,,,,BAIRRO BUTIATUVINHA,,Estabelecimento de outras finalidades,MATERIAIS DE CONSTRUCAO CIVL,Único,,4,1,82400000
410690205050158,Urbano,AVENIDA MANOEL RIBAS,7262,CASA,,,BAIRRO BUTIATUVINHA,,Domicílio particular,,-0,,4,1,82400000
410690205050158,Urbano,RUA GERONIMO MURARO,52,SOBRADO,,,BAIRRO BUTIATUVINHA,,Estabelecimento de outras finalidades,LOJA DE ROUPAS FEM MAS,Único,,4,2,82400070
410690205050158,Urbano,RUA GERONIMO MURARO,52,CASA,,,BAIRRO BUTIATUVINHA,,Domicílio particular,,-0,,4,2,82400070
410690205050158,Urbano,RUA GERONIMO MURARO,56,CASA,,,BAIRRO BUTIATUVINHA,,Domicílio particular,,-0,,4,2,82400070
410690205050158,Urbano,RUA GERONIMO MURARO,56,FUNDOS,,,BAIRRO BUTIATUVINHA,,Domicílio particular,,-0,,4,2,82400070
410690205050158,Urbano,RUA GERONIMO MURARO,56,SOBRADO,,,BAIRRO BUTIATUVINHA,,Domicílio particular,,-0,,4,2,82400070
410690205050158,Urbano,RUA GERONIMO MURARO,98,SOBRADO,,,BAIRRO BUTIATUVINHA,,Estabelecimento de outras finalidades,ESCRITORIO DE COSTURA,Único,,4,2,82400070
410690205050158,Urbano,RUA GERONIMO MURARO,98,APARTAMENTO,,,BAIRRO BUTIATUVINHA,,Domicílio particular,,-0,,4,2,82400070
410690205050158,Urbano,RUA GERONIMO MURARO,110,CASA,,,BAIRRO BUTIATUVINHA,,Domicílio particular,,-0,,4,2,82400070
410690205050158,Urbano,RUA GERONIMO MURARO,116,BARRACAO,,,BAIRRO BUTIATUVINHA,,Estabelecimento de outras finalidades,LANCHONETE,Único,,4,2,82400070
410690205050158,Urbano,RUA GERONIMO MURARO,116,CASA,,,BAIRRO BUTIATUVINHA,,Domicílio particular,,-0,,4,2,82400070
410690205050158,Urbano,RUA GERONIMO MURARO,130,SOBRADO,,,BAIRRO BUTIATUVINHA,,Domicílio particular,,-0,,4,2,82400070
410690205050158,Urbano,RUA VIA VENETO,2241,CASA,,,BAIRRO BUTIATUVINHA,,Domicílio coletivo,,-0,MORADA FELIZ,4,3,82400020
410690205050158,Urbano,RUA ANTONIO STIVAL,129,CASA,,,BAIRRO BUTIATUVINHA,,Domicílio particular,,-0,,4,4,82400060
410690205050158,Urbano,RUA ANTONIO STIVAL,127,CASA,,,BAIRRO BUTIATUVINHA,,Domicílio particular,,-0,,4,4,82400060
410690205050158,Urbano,RUA ANTONIO STIVAL,97,CHALE,,,BAIRRO BUTIATUVINHA,,Estabelecimento de outras finalidades,LOCADORA DE VIDEOS,Único,,4,4,82400060
410690205050158,Urbano,RUA ANTONIO STIVAL,97,APARTAMENTO,,,BAIRRO BUTIATUVINHA,,Domicílio particular,,-0,,4,4,82400060
410690205050158,Urbano,RUA ANTONIO STIVAL,97,CASA,,,BAIRRO BUTIATUVINHA,,Domicílio particular,,-0,,4,4,82400060
410690205050158,Urbano,RUA ANTONIO STIVAL,83,CASA,,,BAIRRO BUTIATUVINHA,,Estabelecimento de outras finalidades,ESCRITORIO DA EMPRESA DE LOCACAO DE MAQU,Único,,4,4,82400060
410690205050158,Urbano,RUA ANTONIO STIVAL,83,FUNDOS,,,BAIRRO BUTIATUVINHA,,Estabelecimento de outras finalidades,LOCADORA DE MAQUINAS COPIADORAS,Único,,4,4,82400060
410690205050158,Urbano,RUA ANTONIO STIVAL,71,,,,BAIRRO BUTIATUVINHA,,Estabelecimento de saúde,CLINICA MEDICA SEM INTERNACAO,Único,,4,4,82400060
410690205050158,Urbano,RUA ANTONIO STIVAL,55,CASA,,,BAIRRO BUTIATUVINHA,,Estabelecimento de outras finalidades,CLINICA PARA EXAMES PSICOLOGICOS,Único,,4,4,82400060
410690205050158,Urbano,RUA ANTONIO STIVAL,25,CASA,,,BAIRRO BUTIATUVINHA,,Estabelecimento de outras finalidades,SEGURANCA,Único,,4,4,82400060
410690205050158,Urbano,AVENIDA MANOEL RIBAS,SN,SOBRADO,,,BAIRRO BUTIATUVINHA,,Estabelecimento de outras finalidades,EMPRESA DE CONFECCAO,Único,,5,1,82400000
410690205050158,Urbano,AVENIDA MANOEL RIBAS,7320,SOBRADO loja 1,,,BAIRRO BUTIATUVINHA,,Estabelecimento de outras finalidades,LOJA VAGA,Único,,5,1,82400000
410690205050158,Urbano,AVENIDA MANOEL RIBAS,7320,SOBRADO loja 2,,,BAIRRO BUTIATUVINHA,,Estabelecimento de outras finalidades,LOJA DE MATERIAIS DE CONSTRUCAO CIVIL,Único,,5,1,82400000
410690205050158,Urbano,AVENIDA MANOEL RIBAS,7320,APARTAMENTO 1,,,BAIRRO BUTIATUVINHA,,Domicílio particular,,-0,,5,1,82400000
410690205050158,Urbano,AVENIDA MANOEL RIBAS,7320,APARTAMENTO 2,,,BAIRRO BUTIATUVINHA,,Domicílio particular,,-0,,5,1,82400000
410690205050158,Urbano,AVENIDA MANOEL RIBAS,7354,BARRACAO,,,BAIRRO BUTIATUVINHA,,Estabelecimento de outras finalidades,PIZZARIA,Único,,5,1,82400000
410690205050158,Urbano,AVENIDA MANOEL RIBAS,7354,,,,BAIRRO BUTIATUVINHA,,Estabelecimento de outras finalidades,OFICINA DE MOTOS,Único,,5,1,82400000
410690205050158,Urbano,AVENIDA MANOEL RIBAS,7354,BARRACAO,,,BAIRRO BUTIATUVINHA,,Estabelecimento de outras finalidades,BARRACAO DE PECAS DE OFICINA MECANICA,Único,,5,1,82400000
410690205050158,Urbano,RUA ANGELO STIVAL,50,CASA,,,BAIRRO BUTIATUVINHA,,Estabelecimento de outras finalidades,DEPOSITO DO RESTAURANTE,Único,,5,2,82400080
410690205050158,Urbano,RUA ANGELO STIVAL,50,BARRACAO,,,BAIRRO BUTIATUVINHA,,Estabelecimento de outras finalidades,RESTAURANTE,Único,,5,2,82400080
410690205050158,Urbano,RUA ANGELO STIVAL,100,APARTAMENTO 1,,,BAIRRO BUTIATUVINHA,,Domicílio particular,,-0,,5,2,82400080
410690205050158,Urbano,RUA ANGELO STIVAL,100,APARTAMENTO 2,,,BAIRRO BUTIATUVINHA,,Domicílio particular,,-0,,5,2,82400080
410690205050158,Urbano,RUA ANGELO STIVAL,128,BARRACAO,,,BAIRRO BUTIATUVINHA,,Estabelecimento de outras finalidades,FABRICA DE FIBRAS NATURAIS,Único,,5,2,82400080
410690205050158,Urbano,RUA VIA VENETO,SN,SOBRADO terreo,,,BAIRRO BUTIATUVINHA,,Estabelecimento de outras finalidades,ALFAIATE,Único,,5,3,82400020
410690205050158,Urbano,RUA VIA VENETO,SN,APARTAMENTO,,,BAIRRO BUTIATUVINHA,,Domicílio particular,,-0,,5,3,82400020
410690205050158,Urbano,RUA VIA VENETO,2349,CASA,,,BAIRRO BUTIATUVINHA,,Domicílio particular,,-0,,5,3,82400020
410690205050158,Urbano,RUA GERONIMO MURARO,131,CASA,,,BAIRRO BUTIATUVINHA,,Domicílio particular,,-0,,5,4,82400070
410690205050158,Urbano,RUA GERONIMO MURARO,121,CASA,,,BAIRRO BUTIATUVINHA,,Domicílio particular,,-0,,5,4,82400070
410690205050158,Urbano,RUA GERONIMO MURARO,101,CASA,,,BAIRRO BUTIATUVINHA,,Domicílio particular,,-0,,5,4,82400070
410690205050158,Urbano,RUA GERONIMO MURARO,75,CASA,,,BAIRRO BUTIATUVINHA,,Domicílio particular,,-0,,5,4,82400070
410690205050158,Urbano,RUA GERONIMO MURARO,69,BARRACAO,,,BAIRRO BUTIATUVINHA,,Estabelecimento de outras finalidades,ESTOFARIA DE MOVEIS E AUTOMOVEIS,Único,,5,4,82400070
410690205050158,Urbano,RUA GERONIMO MURARO,69,CASA,,,BAIRRO BUTIATUVINHA,,Domicílio particular,,-0,,5,4,82400070
410690205050158,Urbano,RUA GERONIMO MURARO,53,CASA,,,BAIRRO BUTIATUVINHA,,Domicílio particular,,-0,,5,4,82400070
410690205050158,Urbano,RUA ANGELO STIVAL,224,CASA,,,BAIRRO BUTIATUVINHA,,Domicílio particular,,-0,,6,1,82400080
410690205050158,Urbano,RUA ANGELO STIVAL,112,CASA,,,BAIRRO BUTIATUVINHA,,Domicílio particular,,-0,,6,1,82400080
410690205050158,Urbano,RUA ANGELO STIVAL,252,CASA,,,BAIRRO BUTIATUVINHA,,Domicílio particular,,-0,,6,1,82400080
410690205050158,Urbano,RUA ANGELO STIVAL,268,CASA,,,BAIRRO BUTIATUVINHA,,Domicílio particular,,-0,,6,1,82400080
410690205050158,Urbano,RUA ISIDORO DURIGAN,477,SOBRADO,,,BAIRRO BUTIATUVINHA,,Domicílio particular,,-0,,6,2,82400030
410690205050158,Urbano,RUA GERONIMO MURARO,265,CASA,,,BAIRRO BUTIATUVINHA,,Domicílio particular,,-0,,6,3,82400070
410690205050158,Urbano,RUA GERONIMO MURARO,247,CASA,,,BAIRRO BUTIATUVINHA,,Edificação em construção,,-0,,6,3,82400070
410690205050158,Urbano,RUA GERONIMO MURARO,247,CASA,,,BAIRRO BUTIATUVINHA,,Domicílio particular,,-0,,6,3,82400070
410690205050158,Urbano,RUA GERONIMO MURARO,235,CASA,,,BAIRRO BUTIATUVINHA,,Domicílio particular,,-0,,6,3,82400070
410690205050158,Urbano,RUA GERONIMO MURARO,225,CASA,,,BAIRRO BUTIATUVINHA,,Domicílio particular,,-0,,6,3,82400070
410690205050158,Urbano,RUA GERONIMO MURARO,225,FUNDOS,,,BAIRRO BUTIATUVINHA,,Domicílio particular,,-0,,6,3,82400070
410690205050158,Urbano,RUA GERONIMO MURARO,211,CASA,,,BAIRRO BUTIATUVINHA,,Domicílio particular,,-0,,6,3,82400070
410690205050158,Urbano,RUA GERONIMO MURARO,211,FUNDOS,,,BAIRRO BUTIATUVINHA,,Domicílio particular,,-0,,6,3,82400070
410690205050158,Urbano,RUA VIA VENETO,2308,PAVIMENTO,,,BAIRRO BUTIATUVINHA,,Estabelecimento de outras finalidades,ESCOLA DE DANCA LATINA,Único,,6,4,82400020
410690205050158,Urbano,RUA VIA VENETO,2340,SOBRADO ap 1,,,BAIRRO BUTIATUVINHA,,Domicílio particular,,-0,,6,4,82400020
410690205050158,Urbano,RUA VIA VENETO,2340,SOBRADO ap 2,,,BAIRRO BUTIATUVINHA,,Domicílio particular,,-0,,6,4,82400020
410690205050158,Urbano,RUA ISIDORO DURIGAN,421,SOBRADO,,,BAIRRO BUTIATUVINHA,,Domicílio particular,,-0,,7,1,82400030
410690205050158,Urbano,RUA ISIDORO DURIGAN,399,CASA,,,BAIRRO BUTIATUVINHA,,Domicílio particular,,-0,,7,1,82400030
410690205050158,Urbano,RUA ISIDORO DURIGAN,379,CASA,,,BAIRRO BUTIATUVINHA,,Domicílio particular,,-0,,7,1,82400030
410690205050158,Urbano,RUA ISIDORO DURIGAN,365,SOBRADO,,,BAIRRO BUTIATUVINHA,,Edificação em construção,,-0,,7,1,82400030
410690205050158,Urbano,RUA ISIDORO DURIGAN,351,CASA,,,BAIRRO BUTIATUVINHA,,Domicílio particular,,-0,,7,1,82400030
410690205050158,Urbano,RUA ISIDORO DURIGAN,335,CASA,,,BAIRRO BUTIATUVINHA,,Domicílio particular,,-0,,7,1,82400030
410690205050158,Urbano,RUA ANTONIO STIVAL,207,CASA,,,BAIRRO BUTIATUVINHA,,Domicílio particular,,-0,,7,2,82400060
410690205050158,Urbano,RUA ANTONIO STIVAL,239,CASA,,,BAIRRO BUTIATUVINHA,,Domicílio particular,,-0,,7,2,82400060
410690205050158,Urbano,RUA ANTONIO STIVAL,197,CASA,,,BAIRRO BUTIATUVINHA,,Domicílio particular,,-0,,7,2,82400060
410690205050158,Urbano,RUA ANTONIO STIVAL,197,FUNDOS,,,BAIRRO BUTIATUVINHA,,Domicílio particular,,-0,,7,2,82400060
410690205050158,Urbano,RUA ANTONIO STIVAL,195,CASA,,,BAIRRO BUTIATUVINHA,,Estabelecimento de outras finalidades,PRESTADORA DE SERVICOS,Único,,7,2,82400060
410690205050158,Urbano,RUA VIA VENETO,2200,CASA,,,BAIRRO BUTIATUVINHA,,Domicílio particular,,-0,,7,3,82400020
410690205050158,Urbano,RUA VIA VENETO,2204,CASA,,,BAIRRO BUTIATUVINHA,,Estabelecimento de outras finalidades,CORRETORA DE SEGUROS,Único,,7,3,82400020
410690205050158,Urbano,RUA VIA VENETO,2226,CASA,,,BAIRRO BUTIATUVINHA,,Domicílio particular,,-0,,7,3,82400020
410690205050158,Urbano,RUA VIA VENETO,2262,CHALE,,,BAIRRO BUTIATUVINHA,,Estabelecimento de outras finalidades,EMPRESA DE ARTES GRAFICAS,Único,,7,3,82400020
410690205050158,Urbano,RUA VIA VENETO,SN,CASA,,,BAIRRO BUTIATUVINHA,,Domicílio particular,,-0,,7,3,82400020
410690205050158,Urbano,RUA VIA VENETO,1778,LOJA,,,BAIRRO BUTIATUVINHA,,Estabelecimento de outras finalidades,ESCRITORIO DE ADVOCACIA,Único,,2,2,82400020
410690205050158,Urbano,RUA VIA VENETO,1778,LADO,,,BAIRRO BUTIATUVINHA,,Estabelecimento de outras finalidades,CONSULTORIO DE FISIOTERAPIA,Único,,2,2,82400020
410690205050158,Urbano,AVENIDA MANOEL RIBAS,7100,,,,BAIRRO BUTIATUVINHA,,Domicílio particular,,-0,,3,2,82400000
410690205050158,Urbano,RUA VIA VENETO,2109,CASA,,,BAIRRO BUTIATUVINHA,,Domicílio particular,,-0,,3,4,82400020
410690205050158,Urbano,RUA VIA VENETO,2111,,,,BAIRRO BUTIATUVINHA,,Estabelecimento agropecuário,CULTIVO DE ORQUIDIAS,-0,,3,4,82400020
410690205050158,Urbano,RUA VIA VENETO,2103,,,,BAIRRO BUTIATUVINHA,,Estabelecimento de outras finalidades,LAVADOR DE AUTOMOVEIS,Único,,3,4,82400020
410690205050158,Urbano,RUA VIA VENETO,2081,,,,BAIRRO BUTIATUVINHA,,Estabelecimento de outras finalidades,RESTAURANTE,Único,,3,4,82400020
410690205050158,Urbano,RUA VIA VENETO,2063,LOJA 1,,,BAIRRO BUTIATUVINHA,,Estabelecimento de outras finalidades,LOJA VAGA,Múltiplo,,3,4,82400020
410690205050158,Urbano,RUA VIA VENETO,2063,LOJA 2,,,BAIRRO BUTIATUVINHA,,Estabelecimento de outras finalidades,LOJA VAGA,Múltiplo,,3,4,82400020
410690205050158,Urbano,RUA VIA VENETO,2063,APARTAMENTO 1,,,BAIRRO BUTIATUVINHA,,Domicílio particular,,-0,,3,4,82400020
410690205050158,Urbano,RUA VIA VENETO,2063,APARTAMENTO 2,,,BAIRRO BUTIATUVINHA,,Domicílio coletivo,,-0,,3,4,82400020
410690205050158,Urbano,RUA VIA VENETO,2063,APARTAMENTO 3,,,BAIRRO BUTIATUVINHA,,Domicílio particular,,-0,,3,4,82400020
410690205050158,Urbano,RUA VIA VENETO,2063,APARTAMENTO 4,,,BAIRRO BUTIATUVINHA,,Domicílio particular,,-0,,3,4,82400020
410690205050158,Urbano,RUA VIA VENETO,2063,APARTAMENTO 5,,,BAIRRO BUTIATUVINHA,,Domicílio particular,,-0,,3,4,82400020
410690205050158,Urbano,RUA VIA VENETO,2063,APARTAMENTO 6,,,BAIRRO BUTIATUVINHA,,Domicílio particular,,-0,,3,4,82400020
410690205050158,Urbano,RUA VIA VENETO,2063,APARTAMENTO 7,,,BAIRRO BUTIATUVINHA,,Domicílio particular,,-0,,3,4,82400020
410690205050158,Urbano,RUA VIA VENETO,2063,APARTAMENTO 8,,,BAIRRO BUTIATUVINHA,,Domicílio particular,,-0,,3,4,82400020
410690205050158,Urbano,RUA VIA VENETO,2063,APARTAMENTO 9,,,BAIRRO BUTIATUVINHA,,Domicílio particular,,-0,,3,4,82400020
410690205050158,Urbano,RUA VIA VENETO,2063,APARTAMENTO 10,,,BAIRRO BUTIATUVINHA,,Domicílio particular,,-0,,3,4,82400020
410690205050158,Urbano,RUA VIA VENETO,2063,APARTAMENTO 11,,,BAIRRO BUTIATUVINHA,,Domicílio particular,,-0,,3,4,82400020
410690205050158,Urbano,RUA VIA VENETO,2063,APARTAMENTO 12,,,BAIRRO BUTIATUVINHA,,Domicílio particular,,-0,,3,4,82400020
410690205050158,Urbano,RUA VIA VENETO,278,BARRACAO,,,BAIRRO BUTIATUVINHA,,Estabelecimento de outras finalidades,DEPOSITO DE MATERIAIS DE CONTRUCAO,Único,,3,4,82400020
410690205050158,Urbano,RUA VIA VENETO,2001,BARRACAO,,,BAIRRO BUTIATUVINHA,,Estabelecimento de outras finalidades,COMERCIO DE PEDRAS,Único,,3,4,82400020
410690205050158,Urbano,RUA VIA VENETO,SN,BARRACAO,,,BAIRRO BUTIATUVINHA,,Estabelecimento de outras finalidades,CASA DE JOGOS E SALAO DE FESTAS,Único,,3,4,82400020
410690205050158,Urbano,RUA VIA VENETO,SN,,,,BAIRRO BUTIATUVINHA,,Estabelecimento de outras finalidades,RESTAURANTE,Único,,3,4,82400020
410690205050158,Urbano,RUA VIA VENETO,SN,SOBRADO,,,BAIRRO BUTIATUVINHA,,Estabelecimento de outras finalidades,ESCRITORIO DA VIDRACARIA,Único,,3,4,82400020
410690205050158,Urbano,RUA VIA VENETO,1781,,,,BAIRRO BUTIATUVINHA,,Estabelecimento de outras finalidades,ESCRITORIOS,Único,,3,4,82400020
410690205050158,Urbano,AVENIDA MANOEL RIBAS,1730,BARRACAO,,,BAIRRO BUTIATUVINHA,,Estabelecimento de outras finalidades,MARCENARIA,Único,,3,2,82400000
410690205050158,Urbano,AVENIDA MANOEL RIBAS,7186,BARRACAO,,,BAIRRO BUTIATUVINHA,,Estabelecimento de outras finalidades,ARMAZENAMENTO DE MAT DE CONSTRUCAO CIVIL,Único,,4,1,82400000
410690205050158,Urbano,AVENIDA MANOEL RIBAS,7222,TERREO,,,BAIRRO BUTIATUVINHA,,Estabelecimento de outras finalidades,VENDA DE FRUTAS E VERDURAS,Único,,4,1,82400000
410690205050158,Urbano,AVENIDA MANOEL RIBAS,7222,APARTAMENTO 2,,,BAIRRO BUTIATUVINHA,,Estabelecimento de outras finalidades,LOJA DE ROUPAS FEMININAS MAS INFANTIL,Único,,4,1,82400000
410690205050158,Urbano,RUA GERONIMO MURARO,56,,,,BAIRRO BUTIATUVINHA,,Domicílio particular,,-0,,4,2,82400070
410690205050158,Urbano,RUA GERONIMO MURARO,56,,,,BAIRRO BUTIATUVINHA,,Domicílio particular,,-0,,4,2,82400070
410690205050158,Urbano,RUA VIA VENETO,2269,,,,BAIRRO BUTIATUVINHA,,Estabelecimento de outras finalidades,LOJA DE UNIFORMES EM GERAL,Único,,4,3,82400020
410690205050158,Urbano,RUA VIA VENETO,2269,,,,BAIRRO BUTIATUVINHA,,Estabelecimento de outras finalidades,VENDA DE CARNE ASSADA,Único,,4,3,82400020
410690205050158,Urbano,RUA VIA VENETO,2329,CASA,,,BAIRRO BUTIATUVINHA,,Domicílio particular,,-0,,5,3,82400020
410690205050158,Urbano,RUA ANGELO STIVAL,220,CASA,,,BAIRRO BUTIATUVINHA,,Domicílio particular,,-0,,6,1,82400080
410690205050158,Urbano,RUA ANGELO STIVAL,220,FUNDOS,,,BAIRRO BUTIATUVINHA,,Domicílio particular,,-0,,6,1,82400080
410690205050158,Urbano,RUA VIA VENETO,2320,CASA,,,BAIRRO BUTIATUVINHA,,Domicílio particular,,-0,,6,4,82400020
410690205050158,Urbano,RUA GERONIMO MURARO,200,CASA,,,BAIRRO BUTIATUVINHA,,Domicílio particular,,-0,,7,4,82400070
410690205050158,Urbano,RUA GERONIMO MURARO,222,CASA,,,BAIRRO BUTIATUVINHA,,Domicílio particular,,-0,,7,4,82400070
410690205050158,Urbano,RUA GERONIMO MURARO,232,CASA,,,BAIRRO BUTIATUVINHA,,Domicílio particular,,-0,,7,4,82400070
410690205050158,Urbano,RUA GERONIMO MURARO,264,CASA 4,,,BAIRRO BUTIATUVINHA,,Domicílio particular,,-0,,7,4,82400070
410690205050158,Urbano,RUA GERONIMO MURARO,264,CASA 3,,,BAIRRO BUTIATUVINHA,,Domicílio particular,,-0,,7,4,82400070
410690205050158,Urbano,RUA GERONIMO MURARO,264,CASA 2,,,BAIRRO BUTIATUVINHA,,Domicílio particular,,-0,,7,4,82400070
410690205050158,Urbano,RUA GERONIMO MURARO,222,FUNDOS,,,BAIRRO BUTIATUVINHA,,Domicílio particular,,-0,,7,4,82400070
410690205050158,Urbano,RUA JOSE FAUSTINO FERRO,627,FUNDOS,,,BAIRRO BUTIATUVINHA,,Domicílio particular,,-0,,1,1,82400040
410690205050158,Urbano,RUA JOSE FAUSTINO FERRO,627,SOBRADO,,,BAIRRO BUTIATUVINHA,,Domicílio particular,,-0,,1,1,82400040
410690205050158,Urbano,RUA VIA VENETO,2360,CASA,,,BAIRRO BUTIATUVINHA,,Domicílio particular,,-0,,6,4,82400020
410690205050158,Urbano,RUA ANTONIO STIVAL,130,CASA,,,BAIRRO BUTIATUVINHA,,Domicílio particular,,-0,,3,3,82400060
410690205050158,Urbano,RUA VIA VENETO,2131,CASA,,,BAIRRO BUTIATUVINHA,,Domicílio particular,,-0,,3,4,82400020
