Código da unidade geográfica,Situação do setor,Logradouro,Número no logradouro,Complemento,Latitude,Longitude,Localidade,Ponto de referência,Espécie de endereço,Tipo de estabelecimento,Indicador de endereço,Identificação domicílio coletivo,Número da quadra,Número da face,CEP
410690205050177,Urbano,RUA ANGELINA BRAGA CORTEZZI,488,FUNDOS,,,SANTA FELICIDADE,,Domicílio particular,,-0,,4,3,82410220
410690205050177,Urbano,RUA ANGELINA BRAGA CORTEZZI,498,CASA 2,,,SANTA FELICIDADE,,Domicílio particular,,-0,,4,3,82410220
410690205050177,Urbano,RUA ANGELINA BRAGA CORTEZZI,498,CASA 3 FUNDOS,,,SANTA FELICIDADE,,Domicílio particular,,-0,,4,3,82410220
410690205050177,Urbano,RUA PADRE COLBACCHINI,984,CASA 1 FUNDOS,,,SANTA FELICIDADE,,Domicílio particular,,-0,,4,4,82410310
410690205050177,Urbano,RUA ANGELINA BRAGA CORTEZZI,476,CASA,,,SANTA FELICIDADE,,Domicílio particular,,-0,,4,3,82410220
410690205050177,Urbano,RUA PADRE COLBACCHINI,998,CASA FUNDOS,,,SANTA FELICIDADE,,Domicílio particular,,-0,,4,4,82410310
410690205050177,Urbano,RUA EDSON CAMPOS MATESICH,551,SOBRADO 1,,,SANTA FELICIDADE,,Domicílio particular,,-0,,4,2,82410370
410690205050177,Urbano,RUA EDSON CAMPOS MATESICH,537,LOJA,,,SANTA FELICIDADE,,Estabelecimento de outras finalidades,LAN HOUSE,Único,,4,2,82410370
410690205050177,Urbano,RUA EDSON CAMPOS MATESICH,525,CASA,,,SANTA FELICIDADE,,Domicílio particular,,-0,,4,2,82410370
410690205050177,Urbano,RUA ROMULO CEZAR ALVES,63C,SOBRELOJA,,,SANTA FELICIDADE,,Domicílio particular,,-0,,4,1,82410230
410690205050177,Urbano,RUA EDSON CAMPOS MATESICH,499,LOJA 2,,,SANTA FELICIDADE,,Estabelecimento de outras finalidades,PET SHOP,Único,,4,2,82410370
410690205050177,Urbano,RUA EDSON CAMPOS MATESICH,499,LOJA 1,,,SANTA FELICIDADE,,Estabelecimento de outras finalidades,LOJA DE PRESENTES,Único,,4,2,82410370
410690205050177,Urbano,RUA EDSON CAMPOS MATESICH,513,CASA,,,SANTA FELICIDADE,,Domicílio particular,,-0,,4,2,82410370
410690205050177,Urbano,RUA EDSON CAMPOS MATESICH,537,FUNDOS,,,SANTA FELICIDADE,,Domicílio particular,,-0,,4,2,82410370
410690205050177,Urbano,RUA EDSON CAMPOS MATESICH,551,SOBRADO,,,SANTA FELICIDADE,,Domicílio particular,,-0,,4,2,82410370
410690205050177,Urbano,RUA EDSON CAMPOS MATESICH,551,LOJA 2,,,SANTA FELICIDADE,,Domicílio particular,,-0,,4,2,82410370
410690205050177,Urbano,RUA EDSON CAMPOS MATESICH,551,SOBRELOJA,,,SANTA FELICIDADE,,Estabelecimento de outras finalidades,IGREJA,Único,,4,2,82410370
410690205050177,Urbano,RUA EDSON CAMPOS MATESICH,551,,,,SANTA FELICIDADE,,Estabelecimento de outras finalidades,LOJA DE ROUPA INFANTIL,Único,,4,2,82410370
410690205050177,Urbano,RUA EDSON CAMPOS MATESICH,567,,,,SANTA FELICIDADE,,Estabelecimento de outras finalidades,PADARIA,Único,,4,2,82410370
410690205050177,Urbano,RUA ROMULO CEZAR ALVES,29,SOBRADO 1,,,SANTA FELICIDADE,,Domicílio particular,,-0,,4,1,82410230
410690205050177,Urbano,RUA ROMULO CEZAR ALVES,29,SOBRADO 2,,,SANTA FELICIDADE,,Domicílio particular,,-0,,4,1,82410230
410690205050177,Urbano,RUA ROMULO CEZAR ALVES,51,SOBRADO 2,,,SANTA FELICIDADE,,Domicílio particular,,-0,,4,1,82410230
410690205050177,Urbano,RUA ROMULO CEZAR ALVES,51,SOBRADO 3,,,SANTA FELICIDADE,,Domicílio particular,,-0,,4,1,82410230
410690205050177,Urbano,RUA ROMULO CEZAR ALVES,51,SOBRADO 4,,,SANTA FELICIDADE,,Domicílio particular,,-0,,4,1,82410230
410690205050177,Urbano,RUA ROMULO CEZAR ALVES,51A,SOBRADO,,,SANTA FELICIDADE,,Domicílio particular,,-0,,4,1,82410230
410690205050177,Urbano,RUA ROMULO CEZAR ALVES,63C,,,,SANTA FELICIDADE,,Domicílio particular,,-0,,4,1,82410230
410690205050177,Urbano,RUA ROMULO CEZAR ALVES,77,SOBRELOJA,,,SANTA FELICIDADE,,Domicílio particular,,-0,,4,1,82410230
410690205050177,Urbano,RUA ROMULO CEZAR ALVES,77,,,,SANTA FELICIDADE,,Estabelecimento de outras finalidades,MERCEARIA,Único,,4,1,82410230
410690205050177,Urbano,RUA ROMULO CEZAR ALVES,91,CASA 1,,,SANTA FELICIDADE,,Domicílio particular,,-0,,4,1,82410230
410690205050177,Urbano,RUA ROMULO CEZAR ALVES,91,CASA 2,,,SANTA FELICIDADE,,Domicílio particular,,-0,,4,1,82410230
410690205050177,Urbano,RUA ROMULO CEZAR ALVES,91,CASA 3,,,SANTA FELICIDADE,,Domicílio particular,,-0,,4,1,82410230
410690205050177,Urbano,RUA EDSON CAMPOS MATESICH,639,CASA,,,SANTA FELICIDADE,,Domicílio particular,,-0,,3,2,82410370
410690205050177,Urbano,RUA PADRE COLBACCHINI,1094,CASA,,,SANTA FELICIDADE,,Domicílio particular,,-0,,3,4,82410240
410690205050177,Urbano,RUA PADRE COLBACCHINI,1082,CASA,,,SANTA FELICIDADE,,Domicílio particular,,-0,,3,4,82410240
410690205050177,Urbano,RUA PADRE COLBACCHINI,1070,CASA,,,SANTA FELICIDADE,,Domicílio particular,,-0,,3,4,82410240
410690205050177,Urbano,RUA PADRE COLBACCHINI,1058,CASA,,,SANTA FELICIDADE,,Domicílio particular,,-0,,3,4,82410240
410690205050177,Urbano,RUA PADRE COLBACCHINI,1046,SOBRADO,,,SANTA FELICIDADE,,Domicílio particular,,-0,,3,4,82410240
410690205050177,Urbano,RUA ROMULO CEZAR ALVES,74,CASA 4,,,SANTA FELICIDADE,,Domicílio particular,,-0,,3,3,82410230
410690205050177,Urbano,RUA ROMULO CEZAR ALVES,74,CASA 2 TERREO,,,SANTA FELICIDADE,,Domicílio particular,,-0,,3,3,82410230
410690205050177,Urbano,RUA ROMULO CEZAR ALVES,74,CASA 1,,,SANTA FELICIDADE,,Domicílio particular,,-0,,3,3,82410230
410690205050177,Urbano,RUA EDSON CAMPOS MATESICH,627,FUNDOS,,,SANTA FELICIDADE,,Domicílio particular,,-0,,3,2,82410370
410690205050177,Urbano,RUA EDSON CAMPOS MATESICH,613,FUNDOS,,,SANTA FELICIDADE,,Domicílio particular,,-0,,3,2,82410370
410690205050177,Urbano,RUA PADRE COLBACCHINI,1200,CASA,,,SANTA FELICIDADE,,Domicílio particular,,-0,,2,4,82410310
410690205050177,Urbano,RUA PADRE COLBACCHINI,1156,TERREO,,,SANTA FELICIDADE,,Domicílio particular,,-0,,2,4,82410310
410690205050177,Urbano,RUA PAULO J BUSO,71,FUNDOS,,,SANTA FELICIDADE,,Domicílio particular,,-0,,1,1,82410260
410690205050177,Urbano,RUA OSIRES PAIXAO GONCALVES,124,TERREO,,,SANTA FELICIDADE,,Domicílio particular,,-0,,1,3,82410250
410690205050177,Urbano,RUA OSIRES PAIXAO GONCALVES,124,FUNDOS 2,,,SANTA FELICIDADE,,Domicílio particular,,-0,,1,3,82410250
410690205050177,Urbano,RUA OSIRES PAIXAO GONCALVES,124,FUNDOS 1,,,SANTA FELICIDADE,,Domicílio particular,,-0,,1,3,82410250
410690205050177,Urbano,RUA OSIRES PAIXAO GONCALVES,124,ANDAR 1,,,SANTA FELICIDADE,,Domicílio particular,,-0,,1,3,82410250
410690205050177,Urbano,RUA PAULO J BUSO,59,CASA 1 FUNDOS,,,SANTA FELICIDADE,,Domicílio particular,,-0,,1,1,82410260
410690205050177,Urbano,RUA PAULO J BUSO,65,CASA 2 FUNDOS,,,SANTA FELICIDADE,,Domicílio particular,,-0,,1,1,82410260
410690205050177,Urbano,RUA PAULO J BUSO,65,CASA 4 FUNDOS,,,SANTA FELICIDADE,,Domicílio particular,,-0,,1,1,82410260
410690205050177,Urbano,RUA EDSON CAMPOS MATESICH,869,FUNDOS,,,SANTA FELICIDADE,,Domicílio particular,,-0,,1,2,82410370
410690205050177,Urbano,RUA EDSON CAMPOS MATESICH,823,CASA FUNDOS,,,SANTA FELICIDADE,,Domicílio particular,,-0,,1,2,82410370
410690205050177,Urbano,RUA OSIRES PAIXAO GONCALVES,148,TERREO FUNDOS,,,SANTA FELICIDADE,,Estabelecimento de outras finalidades,FABRICACAO DE SALGADINHOS,Único,,1,3,82410250
410690205050177,Urbano,RUA EDSON CAMPOS MATESICH,823,APARTAMENTO FUNDOS,,,SANTA FELICIDADE,,Estabelecimento de outras finalidades,ESCRITORIO DE ENGENHARIA,Único,,1,2,82410370
410690205050177,Urbano,RUA OSIRES PAIXAO GONCALVES,148,TERREO FRENTE,,,SANTA FELICIDADE,,Domicílio particular,,-0,,1,3,82410250
410690205050177,Urbano,RUA OSIRES PAIXAO GONCALVES,148,APARTAMENTO FRENTE,,,SANTA FELICIDADE,,Domicílio particular,,-0,,1,3,82410250
410690205050177,Urbano,RUA OSIRES PAIXAO GONCALVES,108FUNDOS,CASA 4,,,SANTA FELICIDADE,,Domicílio particular,,-0,,1,3,82410250
410690205050177,Urbano,RUA OSIRES PAIXAO GONCALVES,108FUNDOS,CASA 3,,,SANTA FELICIDADE,,Domicílio particular,,-0,,1,3,82410250
410690205050177,Urbano,RUA EDSON CAMPOS MATESICH,823,TERREO FUNDOS,,,SANTA FELICIDADE,,Domicílio particular,,-0,,1,2,82410370
410690205050177,Urbano,RUA PAULO J BUSO,1002FUNDOS,,,,SANTA FELICIDADE,,Domicílio particular,,-0,,1,1,82410260
410690205050177,Urbano,RUA PAULO J BUSO,45FUNDOS,,,,SANTA FELICIDADE,,Domicílio particular,,-0,,1,1,82410260
410690205050177,Urbano,RUA PAULO J BUSO,109FUNDOS,,,,SANTA FELICIDADE,,Domicílio particular,,-0,,1,1,82410260
410690205050177,Urbano,RUA ANGELINA BRAGA CORTEZZI,593,,,,SANTA FELICIDADE,,Domicílio particular,,-0,,7,1,82410220
410690205050177,Urbano,RUA ANGELINA BRAGA CORTEZZI,593,CASA,,,SANTA FELICIDADE,,Domicílio particular,,-0,,7,1,82410220
410690205050177,Urbano,RUA ANGELINA BRAGA CORTEZZI,629,CASA,,,SANTA FELICIDADE,,Domicílio particular,,-0,,7,1,82410220
410690205050177,Urbano,RUA ANGELINA BRAGA CORTEZZI,639,CASA,,,SANTA FELICIDADE,,Domicílio particular,,-0,,7,1,82410220
410690205050177,Urbano,RUA ANGELINA BRAGA CORTEZZI,651,CASA,,,SANTA FELICIDADE,,Domicílio particular,,-0,,7,1,82410220
410690205050177,Urbano,RUA ANGELINA BRAGA CORTEZZI,663,CASA,,,SANTA FELICIDADE,,Domicílio particular,,-0,,7,1,82410220
410690205050177,Urbano,RUA ANGELINA BRAGA CORTEZZI,701,CASA,,,SANTA FELICIDADE,,Domicílio particular,,-0,,7,1,82410220
410690205050177,Urbano,RUA PADRE JOSE MARTINI,1310,SOBRADO,,,SANTA FELICIDADE,,Domicílio particular,,-0,,10,4,82410300
410690205050177,Urbano,RUA PADRE JOSE MARTINI,1300,FUNDOS,,,SANTA FELICIDADE,,Domicílio particular,,-0,,10,4,82410300
410690205050177,Urbano,RUA PADRE JOSE MARTINI,1300,FRENTE,,,SANTA FELICIDADE,,Domicílio particular,,-0,,10,4,82410300
410690205050177,Urbano,RUA PADRE JOSE MARTINI,1288,CASA,,,SANTA FELICIDADE,,Domicílio particular,,-0,,10,4,82410300
410690205050177,Urbano,RUA PADRE JOSE MARTINI,1276,CASA,,,SANTA FELICIDADE,,Domicílio particular,,-0,,10,4,82410300
410690205050177,Urbano,RUA PADRE JOSE MARTINI,547,,,,SANTA FELICIDADE,,Estabelecimento de outras finalidades,LANCHONETE,Único,,10,4,82410300
410690205050177,Urbano,RUA SAO CARLOS,216,,,,SANTA FELICIDADE,,Estabelecimento de outras finalidades,MATERIAIS DE LIMPEZACOMERCIO DE,Único,,10,3,82410240
410690205050177,Urbano,RUA SAO CARLOS,194,CASA,,,SANTA FELICIDADE,,Domicílio particular,,-0,,10,3,82410240
410690205050177,Urbano,RUA SAO CARLOS,182,CASA,,,SANTA FELICIDADE,,Domicílio particular,,-0,,10,3,82410240
410690205050177,Urbano,RUA SAO CARLOS,158,CASA,,,SANTA FELICIDADE,,Domicílio particular,,-0,,10,3,82410240
410690205050177,Urbano,RUA SAO CARLOS,146,CASA,,,SANTA FELICIDADE,,Domicílio particular,,-0,,10,3,82410240
410690205050177,Urbano,RUA SAO CARLOS,108,,,,SANTA FELICIDADE,,Estabelecimento de outras finalidades,IGREJA SANTA HELENA,Único,,10,3,82410240
410690205050177,Urbano,RUA PADRE COLBACCHINI,1179,CASA,,,SANTA FELICIDADE,,Domicílio particular,,-0,,10,2,82410310
410690205050177,Urbano,RUA PADRE COLBACCHINI,1191,,,,SANTA FELICIDADE,,Domicílio particular,,-0,,10,2,82410310
410690205050177,Urbano,RUA PADRE COLBACCHINI,1191,CASA FRENTE,,,SANTA FELICIDADE,,Domicílio particular,,-0,,10,2,82410310
410690205050177,Urbano,RUA PADRE COLBACCHINI,1205,CASA,,,SANTA FELICIDADE,,Domicílio particular,,-0,,10,2,82410310
410690205050177,Urbano,RUA PADRE JOSE MARTINI,1228,CASA,,,SANTA FELICIDADE,,Domicílio particular,,-0,,9,4,82410300
410690205050177,Urbano,RUA PADRE JOSE MARTINI,1214,CASA,,,SANTA FELICIDADE,,Domicílio particular,,-0,,9,4,82410300
410690205050177,Urbano,RUA PADRE JOSE MARTINI,1200,CASA,,,SANTA FELICIDADE,,Domicílio particular,,-0,,9,4,82410300
410690205050177,Urbano,RUA PADRE JOSE MARTINI,1188,CASA,,,SANTA FELICIDADE,,Domicílio particular,,-0,,9,4,82410300
410690205050177,Urbano,RUA ROMULO CEZAR ALVES,256,LOJA 3,,,SANTA FELICIDADE,,Estabelecimento de outras finalidades,CONSTRUCAO CIVIL,Único,,9,3,82410230
410690205050177,Urbano,RUA ROMULO CEZAR ALVES,256,LOJA 2,,,SANTA FELICIDADE,,Estabelecimento de outras finalidades,LOJA DE ROUPAS,Único,,9,3,82410230
410690205050177,Urbano,RUA ROMULO CEZAR ALVES,256,LOJA,,,SANTA FELICIDADE,,Estabelecimento de outras finalidades,PANIFICADORA E MERCEARIA,Único,,9,3,82410230
410690205050177,Urbano,RUA ROMULO CEZAR ALVES,256,SOBRADO A,,,SANTA FELICIDADE,,Domicílio particular,,-0,,9,3,82410230
410690205050177,Urbano,RUA ROMULO CEZAR ALVES,256,SOBRADO B,,,SANTA FELICIDADE,,Domicílio particular,,-0,,9,3,82410230
410690205050177,Urbano,RUA ROMULO CEZAR ALVES,236,CASA,,,SANTA FELICIDADE,,Domicílio particular,,-0,,9,3,82410230
410690205050177,Urbano,RUA ROMULO CEZAR ALVES,224,CASA,,,SANTA FELICIDADE,,Domicílio particular,,-0,,9,3,82410230
410690205050177,Urbano,RUA ROMULO CEZAR ALVES,210,FRENTE,,,SANTA FELICIDADE,,Domicílio particular,,-0,,9,3,82410230
410690205050177,Urbano,RUA ROMULO CEZAR ALVES,186,CASA,,,SANTA FELICIDADE,,Domicílio particular,,-0,,9,3,82410230
410690205050177,Urbano,RUA ROMULO CEZAR ALVES,174,FUNDOS,,,SANTA FELICIDADE,,Domicílio particular,,-0,,9,3,82410230
410690205050177,Urbano,RUA ROMULO CEZAR ALVES,174,CASA FRENTE,,,SANTA FELICIDADE,,Domicílio particular,,-0,,9,3,82410230
410690205050177,Urbano,RUA ROMULO CEZAR ALVES,140,CASA,,,SANTA FELICIDADE,,Domicílio particular,,-0,,9,3,82410230
410690205050177,Urbano,RUA ROMULO CEZAR ALVES,1045,CASA,,,SANTA FELICIDADE,,Domicílio particular,,-0,,9,3,82410230
410690205050177,Urbano,RUA PADRE COLBACCHINI,1057,CASA,,,SANTA FELICIDADE,,Domicílio particular,,-0,,9,2,82410310
410690205050177,Urbano,RUA PADRE COLBACCHINI,1069,CASA,,,SANTA FELICIDADE,,Domicílio particular,,-0,,9,2,82410310
410690205050177,Urbano,RUA PADRE COLBACCHINI,1081,CASA,,,SANTA FELICIDADE,,Domicílio particular,,-0,,9,2,82410310
410690205050177,Urbano,RUA ANGELINA BRAGA CORTEZZI,700,CASA,,,SANTA FELICIDADE,,Domicílio particular,,-0,,8,3,82410220
410690205050177,Urbano,RUA ANGELINA BRAGA CORTEZZI,674,CASA,,,SANTA FELICIDADE,,Domicílio particular,,-0,,8,3,82410220
410690205050177,Urbano,RUA ANGELINA BRAGA CORTEZZI,660,CASA FRENTE,,,SANTA FELICIDADE,,Domicílio particular,,-0,,8,3,82410220
410690205050177,Urbano,RUA ANGELINA BRAGA CORTEZZI,648,CASA 03 FUNDOS,,,SANTA FELICIDADE,,Domicílio particular,,-0,,8,3,82410220
410690205050177,Urbano,RUA ANGELINA BRAGA CORTEZZI,648,CASA 02 FUNDOS,,,SANTA FELICIDADE,,Domicílio particular,,-0,,8,3,82410220
410690205050177,Urbano,RUA ANGELINA BRAGA CORTEZZI,648,CASA 01 FUNDOS,,,SANTA FELICIDADE,,Domicílio particular,,-0,,8,3,82410220
410690205050177,Urbano,RUA ANGELINA BRAGA CORTEZZI,648,CASA,,,SANTA FELICIDADE,,Estabelecimento de outras finalidades,OFICINA MECANICA,Único,,8,3,82410220
410690205050177,Urbano,RUA ANGELINA BRAGA CORTEZZI,648,CASA,,,SANTA FELICIDADE,,Domicílio particular,,-0,,8,3,82410220
410690205050177,Urbano,RUA PADRE JOSE MARTINI,1128,SOBRADO,,,SANTA FELICIDADE,,Domicílio particular,,-0,,8,4,82410300
410690205050177,Urbano,RUA PADRE JOSE MARTINI,1112,SOBRADO,,,SANTA FELICIDADE,,Domicílio particular,,-0,,8,4,82410300
410690205050177,Urbano,RUA PADRE JOSE MARTINI,1100,CASA,,,SANTA FELICIDADE,,Domicílio particular,,-0,,8,4,82410300
410690205050177,Urbano,RUA PADRE JOSE MARTINI,1090,CASA FRENTE,,,SANTA FELICIDADE,,Domicílio particular,,-0,,8,4,82410300
410690205050177,Urbano,RUA PADRE JOSE MARTINI,1078,CASA,,,SANTA FELICIDADE,,Domicílio particular,,-0,,8,4,82410300
410690205050177,Urbano,RUA PADRE JOSE MARTINI,1108,CASA,,,SANTA FELICIDADE,,Domicílio particular,,-0,,8,4,82410300
410690205050177,Urbano,RUA ANGELINA BRAGA CORTEZZI,636,CASA FUNDOS,,,SANTA FELICIDADE,,Domicílio particular,,-0,,8,3,82410220
410690205050177,Urbano,RUA ANGELINA BRAGA CORTEZZI,636,CASA FRENTE,,,SANTA FELICIDADE,,Domicílio particular,,-0,,8,3,82410220
410690205050177,Urbano,RUA ANGELINA BRAGA CORTEZZI,626,CASA,,,SANTA FELICIDADE,,Domicílio particular,,-0,,8,3,82410220
410690205050177,Urbano,RUA ANGELINA BRAGA CORTEZZI,612,CASA,,,SANTA FELICIDADE,,Domicílio particular,,-0,,8,3,82410220
410690205050177,Urbano,RUA ANGELINA BRAGA CORTEZZI,590,,,,SANTA FELICIDADE,,Domicílio particular,,-0,,8,3,82410220
410690205050177,Urbano,RUA ANGELINA BRAGA CORTEZZI,590,CASA,,,SANTA FELICIDADE,,Domicílio particular,,-0,,8,3,82410220
410690205050177,Urbano,RUA PADRE COLBACCHINI,959,CASA,,,SANTA FELICIDADE,,Domicílio particular,,-0,,8,2,82410310
410690205050177,Urbano,RUA PADRE COLBACCHINI,971,CASA,,,SANTA FELICIDADE,,Domicílio particular,,-0,,8,2,82410310
410690205050177,Urbano,RUA PADRE COLBACCHINI,983,CASA,,,SANTA FELICIDADE,,Domicílio particular,,-0,,8,2,82410310
410690205050177,Urbano,RUA PADRE COLBACCHINI,1011,CASA,,,SANTA FELICIDADE,,Domicílio particular,,-0,,8,2,82410310
410690205050177,Urbano,RUA ROMULO CEZAR ALVES,177,CASA 02,,,SANTA FELICIDADE,,Domicílio particular,,-0,,8,1,82410230
410690205050177,Urbano,RUA ROMULO CEZAR ALVES,177,CASA 01,,,SANTA FELICIDADE,,Domicílio particular,,-0,,8,1,82410230
410690205050177,Urbano,RUA ROMULO CEZAR ALVES,189,CASA,,,SANTA FELICIDADE,,Domicílio particular,,-0,,8,1,82410230
410690205050177,Urbano,RUA ROMULO CEZAR ALVES,201,CASA FUNDOS,,,SANTA FELICIDADE,,Domicílio particular,,-0,,8,1,82410230
410690205050177,Urbano,RUA ROMULO CEZAR ALVES,201,CASA FRENTE,,,SANTA FELICIDADE,,Domicílio particular,,-0,,8,1,82410230
410690205050177,Urbano,RUA ROMULO CEZAR ALVES,213,CASA,,,SANTA FELICIDADE,,Domicílio particular,,-0,,8,1,82410230
410690205050177,Urbano,RUA ROMULO CEZAR ALVES,225,CASA,,,SANTA FELICIDADE,,Domicílio particular,,-0,,8,1,82410230
410690205050177,Urbano,RUA ROMULO CEZAR ALVES,237,CASA,,,SANTA FELICIDADE,,Estabelecimento de outras finalidades,LOJA DE ROUPAS USADAS,Único,,8,1,82410230
410690205050177,Urbano,RUA ROMULO CEZAR ALVES,237,CASA,,,SANTA FELICIDADE,,Domicílio particular,,-0,,8,1,82410230
410690205050177,Urbano,RUA ROMULO CEZAR ALVES,255,SOBRADO A,,,SANTA FELICIDADE,,Domicílio particular,,-0,,8,1,82410230
410690205050177,Urbano,RUA ROMULO CEZAR ALVES,255,SOBRADO B,,,SANTA FELICIDADE,,Domicílio particular,,-0,,8,1,82410230
410690205050177,Urbano,RUA ROMULO CEZAR ALVES,255,SOBRADO C,,,SANTA FELICIDADE,,Domicílio particular,,-0,,8,1,82410230
410690205050177,Urbano,RUA PADRE JOSE MARTINI,110,CASA,,,SANTA FELICIDADE,,Domicílio particular,,-0,,7,4,82410300
410690205050177,Urbano,RUA PADRE COLBACCHINI,1500,CASA,,,SANTA FELICIDADE,,Domicílio particular,,-0,,7,2,82410310
410690205050177,Urbano,RUA PADRE COLBACCHINI,859,CASA 01 FRENTE,,,SANTA FELICIDADE,,Domicílio particular,,-0,,7,2,82410310
410690205050177,Urbano,RUA PADRE COLBACCHINI,871,CASA,,,SANTA FELICIDADE,,Domicílio particular,,-0,,7,2,82410310
410690205050177,Urbano,RUA PADRE COLBACCHINI,897,FUNDOS 02,,,SANTA FELICIDADE,,Domicílio particular,,-0,,7,2,82410310
410690205050177,Urbano,RUA PADRE COLBACCHINI,897,FRENTE,,,SANTA FELICIDADE,,Domicílio particular,,-0,,7,2,82410310
410690205050177,Urbano,RUA PADRE COLBACCHINI,118,CASA FRENTE,,,SANTA FELICIDADE,,Domicílio particular,,-0,,6,4,82410310
410690205050177,Urbano,RUA PADRE COLBACCHINI,886,CASA 03,,,SANTA FELICIDADE,,Domicílio particular,,-0,,6,4,82410310
410690205050177,Urbano,RUA PADRE COLBACCHINI,886,CASA 02,,,SANTA FELICIDADE,,Domicílio particular,,-0,,6,4,82410310
410690205050177,Urbano,RUA PADRE COLBACCHINI,886,CASA 01,,,SANTA FELICIDADE,,Domicílio particular,,-0,,6,4,82410310
410690205050177,Urbano,RUA ARTHUR BELACHE,118,CASA FUNDOS,,,SANTA FELICIDADE,,Domicílio particular,,-0,,6,3,82410320
410690205050177,Urbano,RUA ARTHUR BELACHE,118,CASA 01 FRENTE,,,SANTA FELICIDADE,,Domicílio particular,,-0,,6,3,82410320
410690205050177,Urbano,RUA ARTHUR BELACHE,36,CASA,,,SANTA FELICIDADE,,Domicílio particular,,-0,,6,3,82410320
410690205050177,Urbano,RUA ARTHUR BELACHE,92,SOBRADO 02 FUNDOS,,,SANTA FELICIDADE,,Domicílio particular,,-0,,6,3,82410320
410690205050177,Urbano,RUA ARTHUR BELACHE,92,SOBRADO 01,,,SANTA FELICIDADE,,Domicílio particular,,-0,,6,3,82410320
410690205050177,Urbano,RUA ABOUD KHALIL,699,CASA,,,SANTA FELICIDADE,,Domicílio particular,,-0,,6,2,82410350
410690205050177,Urbano,RUA ABOUD KHALIL,713,SOBRADO 02,,,SANTA FELICIDADE,,Domicílio particular,,-0,,6,2,82410350
410690205050177,Urbano,RUA ABOUD KHALIL,713,SOBRADO 01,,,SANTA FELICIDADE,,Domicílio particular,,-0,,6,2,82410350
410690205050177,Urbano,RUA ABOUD KHALIL,725,CASA,,,SANTA FELICIDADE,,Domicílio particular,,-0,,6,2,82410350
410690205050177,Urbano,RUA ABOUD KHALIL,739,CASA FUNDOS,,,SANTA FELICIDADE,,Estabelecimento de outras finalidades,EMPRESA DE CESTA BASICA,Único,,6,2,82410350
410690205050177,Urbano,RUA ABOUD KHALIL,739,FRENTE,,,SANTA FELICIDADE,,Domicílio particular,,-0,,6,2,82410350
410690205050177,Urbano,RUA ABOUD KHALIL,769,BARRACAO,,,SANTA FELICIDADE,,Estabelecimento de outras finalidades,CENTRAL DE COMUNICACAO,Único,,6,2,82410350
410690205050177,Urbano,RUA ANGELINA BRAGA CORTEZZI,463,CASA,,,SANTA FELICIDADE,,Domicílio particular,,-0,,6,1,82410220
410690205050177,Urbano,RUA ANGELINA BRAGA CORTEZZI,465,CASA 02,,,SANTA FELICIDADE,,Domicílio particular,,-0,,6,1,82410220
410690205050177,Urbano,RUA ANGELINA BRAGA CORTEZZI,465,CASA 01,,,SANTA FELICIDADE,,Domicílio particular,,-0,,6,1,82410220
410690205050177,Urbano,RUA ANGELINA BRAGA CORTEZZI,487,CASA 02 FUNDOS,,,SANTA FELICIDADE,,Domicílio particular,,-0,,6,1,82410220
410690205050177,Urbano,RUA ANGELINA BRAGA CORTEZZI,487,CASA 01,,,SANTA FELICIDADE,,Domicílio particular,,-0,,6,1,82410220
410690205050177,Urbano,RUA ANGELINA BRAGA CORTEZZI,501,CASA 01,,,SANTA FELICIDADE,,Domicílio particular,,-0,,6,1,82410220
410690205050177,Urbano,RUA ANGELINA BRAGA CORTEZZI,501,CASA 02,,,SANTA FELICIDADE,,Domicílio particular,,-0,,6,1,82410220
410690205050177,Urbano,RUA PADRE COLBACCHINI,1200,CASA,,,SANTA FELICIDADE,,Domicílio particular,,-0,,2,4,82410310
410690205050177,Urbano,RUA PADRE COLBACCHINI,1180,CASA,,,SANTA FELICIDADE,,Domicílio particular,,-0,,2,4,82410310
410690205050177,Urbano,RUA OSIRES PAIXAO GONCALVES,SN,CASA,,,SANTA FELICIDADE,,Domicílio particular,,-0,,2,1,82410250
410690205050177,Urbano,RUA OSIRES PAIXAO GONCALVES,5,CASA,,,SANTA FELICIDADE,,Domicílio particular,,-0,,2,1,82410250
410690205050177,Urbano,RUA OSIRES PAIXAO GONCALVES,9,CASA,,,SANTA FELICIDADE,,Domicílio particular,,-0,,2,1,82410250
410690205050177,Urbano,RUA PADRE COLBACCHINI,998,CASA FRENTE,,,SANTA FELICIDADE,,Domicílio particular,,-0,,4,4,82410310
410690205050177,Urbano,RUA PADRE COLBACCHINI,500,CASA FUNDOS,,,SANTA FELICIDADE,,Domicílio particular,,-0,,4,4,82410310
410690205050177,Urbano,RUA PADRE COLBACCHINI,984,FRENTE,,,SANTA FELICIDADE,,Domicílio particular,,-0,,4,4,82410310
410690205050177,Urbano,RUA PADRE COLBACCHINI,972,CASA FUNDOS,,,SANTA FELICIDADE,,Domicílio particular,,-0,,4,4,82410310
410690205050177,Urbano,RUA PADRE COLBACCHINI,972,CASA,,,SANTA FELICIDADE,,Domicílio particular,,-0,,4,4,82410310
410690205050177,Urbano,RUA PADRE COLBACCHINI,960,CASA 3,,,SANTA FELICIDADE,,Domicílio particular,,-0,,4,4,82410310
410690205050177,Urbano,RUA PADRE COLBACCHINI,960,CASA 2,,,SANTA FELICIDADE,,Domicílio particular,,-0,,4,4,82410310
410690205050177,Urbano,RUA PADRE COLBACCHINI,960,CASA 1,,,SANTA FELICIDADE,,Domicílio particular,,-0,,4,4,82410310
410690205050177,Urbano,RUA ANGELINA BRAGA CORTEZZI,510,CASA,,,SANTA FELICIDADE,,Domicílio particular,,-0,,4,3,82410220
410690205050177,Urbano,RUA ANGELINA BRAGA CORTEZZI,498,CASA,,,SANTA FELICIDADE,,Domicílio particular,,-0,,4,3,82410220
410690205050177,Urbano,RUA ANGELINA BRAGA CORTEZZI,488,CASA,,,SANTA FELICIDADE,,Domicílio particular,,-0,,4,3,82410220
410690205050177,Urbano,RUA ANGELINA BRAGA CORTEZZI,462,CASA 1 FUNDOS,,,SANTA FELICIDADE,,Domicílio particular,,-0,,4,3,82410220
410690205050177,Urbano,RUA ANGELINA BRAGA CORTEZZI,462,CASA,,,SANTA FELICIDADE,,Domicílio particular,,-0,,4,3,82410220
410690205050177,Urbano,RUA ANGELINA BRAGA CORTEZZI,430,CASA,,,SANTA FELICIDADE,,Domicílio particular,,-0,,4,3,82410220
410690205050177,Urbano,RUA ANGELINA BRAGA CORTEZZI,420,CASA,,,SANTA FELICIDADE,,Domicílio particular,,-0,,4,3,82410220
410690205050177,Urbano,RUA ANGELINA BRAGA CORTEZZI,400,CASA,,,SANTA FELICIDADE,,Domicílio particular,,-0,,4,3,82410220
410690205050177,Urbano,RUA ROMULO CEZAR ALVES,90,CASA LADO,,,SANTA FELICIDADE,,Domicílio particular,,-0,,3,3,82410230
410690205050177,Urbano,RUA ROMULO CEZAR ALVES,90,CASA FRENTE,,,SANTA FELICIDADE,,Domicílio particular,,-0,,3,3,82410230
410690205050177,Urbano,RUA ROMULO CEZAR ALVES,74,CASA 3,,,SANTA FELICIDADE,,Domicílio particular,,-0,,3,3,82410230
410690205050177,Urbano,RUA ROMULO CEZAR ALVES,74,CASA 2,,,SANTA FELICIDADE,,Domicílio particular,,-0,,3,3,82410230
410690205050177,Urbano,RUA ROMULO CEZAR ALVES,40,SOBRADO C1,,,SANTA FELICIDADE,,Domicílio particular,,-0,,3,3,82410230
410690205050177,Urbano,RUA ROMULO CEZAR ALVES,40,SOBRADO C5,,,SANTA FELICIDADE,,Domicílio particular,,-0,,3,3,82410230
410690205050177,Urbano,RUA EDSON CAMPOS MATESICH,597,TERREO,,,SANTA FELICIDADE,,Estabelecimento de outras finalidades,LOCADORA DE DVD,Único,,3,2,82410370
410690205050177,Urbano,RUA EDSON CAMPOS MATESICH,597,SOBRADO,,,SANTA FELICIDADE,,Domicílio particular,,-0,,3,2,82410370
410690205050177,Urbano,RUA EDSON CAMPOS MATESICH,613,CASA,,,SANTA FELICIDADE,,Domicílio particular,,-0,,3,2,82410370
410690205050177,Urbano,RUA EDSON CAMPOS MATESICH,627,CASA,,,SANTA FELICIDADE,,Domicílio particular,,-0,,3,2,82410370
410690205050177,Urbano,RUA EDSON CAMPOS MATESICH,653,CASA,,,SANTA FELICIDADE,,Domicílio particular,,-0,,3,2,82410370
410690205050177,Urbano,RUA SAO CARLOS,21,CASA,,,SANTA FELICIDADE,,Domicílio particular,,-0,,3,1,82410240
410690205050177,Urbano,RUA SAO CARLOS,55,CASA,,,SANTA FELICIDADE,,Domicílio particular,,-0,,3,1,82410240
410690205050177,Urbano,RUA PADRE COLBACCHINI,180,CASA,,,SANTA FELICIDADE,,Domicílio particular,,-0,,2,4,82410310
410690205050177,Urbano,RUA PADRE COLBACCHINI,1168,CASA,,,SANTA FELICIDADE,,Domicílio particular,,-0,,2,4,82410310
410690205050177,Urbano,RUA PADRE COLBACCHINI,1156,CASA,,,SANTA FELICIDADE,,Domicílio particular,,-0,,2,4,82410310
410690205050177,Urbano,RUA PADRE COLBACCHINI,SN,LOJA,,,SANTA FELICIDADE,,Estabelecimento de outras finalidades,DOMICILIO COMERCIAL VAGO,Único,,2,4,82410310
410690205050177,Urbano,RUA SAO CARLOS,548,SOBRADO 01,,,SANTA FELICIDADE,,Domicílio particular,,-0,,2,3,82410240
410690205050177,Urbano,RUA SAO CARLOS,548,SOBRADO 02,,,SANTA FELICIDADE,,Domicílio particular,,-0,,2,3,82410240
410690205050177,Urbano,RUA SAO CARLOS,548,SOBRADO 03,,,SANTA FELICIDADE,,Domicílio particular,,-0,,2,3,82410240
410690205050177,Urbano,RUA SAO CARLOS,548,SOBRADO 04,,,SANTA FELICIDADE,,Domicílio particular,,-0,,2,3,82410240
410690205050177,Urbano,RUA SAO CARLOS,548,SOBRADO 05,,,SANTA FELICIDADE,,Estabelecimento de outras finalidades,SALAO DE BELEZA,Único,,2,3,82410240
410690205050177,Urbano,RUA SAO CARLOS,548,SOBRADO 05,,,SANTA FELICIDADE,,Domicílio particular,,-0,,2,3,82410240
410690205050177,Urbano,RUA EDSON CAMPOS MATESICH,SN,LOJA,,,SANTA FELICIDADE,,Estabelecimento de outras finalidades,LOJA FECHADA,Único,,2,2,82410370
410690205050177,Urbano,RUA EDSON CAMPOS MATESICH,727,,,,SANTA FELICIDADE,,Estabelecimento de outras finalidades,ESCRITORIO DE ENGENHARIA ELETRICA,Único,,2,2,82410370
410690205050177,Urbano,RUA EDSON CAMPOS MATESICH,741,,,,SANTA FELICIDADE,,Estabelecimento de outras finalidades,IGREJA,Único,,2,2,82410370
410690205050177,Urbano,RUA EDSON CAMPOS MATESICH,753,CASA,,,SANTA FELICIDADE,,Domicílio particular,,-0,,2,2,82410370
410690205050177,Urbano,RUA EDSON CAMPOS MATESICH,773,CASA,,,SANTA FELICIDADE,,Domicílio particular,,-0,,2,2,82410370
410690205050177,Urbano,RUA EDSON CAMPOS MATESICH,775,CASA,,,SANTA FELICIDADE,,Domicílio particular,,-0,,2,2,82410370
410690205050177,Urbano,RUA PADRE JOSE MARTINI,1412,SOBRADO B,,,SANTA FELICIDADE,,Domicílio particular,,-0,,1,4,82410300
410690205050177,Urbano,RUA PADRE JOSE MARTINI,1412,SOBRADO A,,,SANTA FELICIDADE,,Domicílio particular,,-0,,1,4,82410300
410690205050177,Urbano,RUA PADRE JOSE MARTINI,1400,SOBRADO B,,,SANTA FELICIDADE,,Domicílio particular,,-0,,1,4,82410300
410690205050177,Urbano,RUA PADRE JOSE MARTINI,1400,SOBRADO A,,,SANTA FELICIDADE,,Domicílio particular,,-0,,1,4,82410300
410690205050177,Urbano,RUA PADRE JOSE MARTINI,1386,SOBRADO B,,,SANTA FELICIDADE,,Domicílio particular,,-0,,1,4,82410300
410690205050177,Urbano,RUA PADRE JOSE MARTINI,1386,SOBRADO A,,,SANTA FELICIDADE,,Domicílio particular,,-0,,1,4,82410300
410690205050177,Urbano,RUA PADRE JOSE MARTINI,1374,SOBRADO B,,,SANTA FELICIDADE,,Domicílio particular,,-0,,1,4,82410300
410690205050177,Urbano,RUA PADRE JOSE MARTINI,1374,SOBRADO A,,,SANTA FELICIDADE,,Domicílio particular,,-0,,1,4,82410300
410690205050177,Urbano,RUA OSIRES PAIXAO GONCALVES,170,SOBRADO 04,,,SANTA FELICIDADE,,Domicílio particular,,-0,,1,3,82410250
410690205050177,Urbano,RUA OSIRES PAIXAO GONCALVES,170,SOBRADO 03,,,SANTA FELICIDADE,,Domicílio particular,,-0,,1,3,82410250
410690205050177,Urbano,RUA OSIRES PAIXAO GONCALVES,170,SOBRADO 02,,,SANTA FELICIDADE,,Domicílio particular,,-0,,1,3,82410250
410690205050177,Urbano,RUA OSIRES PAIXAO GONCALVES,170,SOBRADO 01,,,SANTA FELICIDADE,,Domicílio particular,,-0,,1,3,82410250
410690205050177,Urbano,RUA OSIRES PAIXAO GONCALVES,148,CASA,,,SANTA FELICIDADE,,Domicílio particular,,-0,,1,3,82410250
410690205050177,Urbano,RUA OSIRES PAIXAO GONCALVES,136,CASA,,,SANTA FELICIDADE,,Domicílio particular,,-0,,1,3,82410250
410690205050177,Urbano,RUA OSIRES PAIXAO GONCALVES,108,CASA 02 FUNDOS,,,SANTA FELICIDADE,,Domicílio particular,,-0,,1,3,82410250
410690205050177,Urbano,RUA OSIRES PAIXAO GONCALVES,108,CASA 01 FRENTE,,,SANTA FELICIDADE,,Domicílio particular,,-0,,1,3,82410250
410690205050177,Urbano,RUA OSIRES PAIXAO GONCALVES,96,CASA 02 FUNDOS,,,SANTA FELICIDADE,,Domicílio particular,,-0,,1,3,82410250
410690205050177,Urbano,RUA OSIRES PAIXAO GONCALVES,96,CASA 01 FRENTE,,,SANTA FELICIDADE,,Domicílio particular,,-0,,1,3,82410250
410690205050177,Urbano,RUA OSIRES PAIXAO GONCALVES,58,CASA,,,SANTA FELICIDADE,,Domicílio particular,,-0,,1,3,82410250
410690205050177,Urbano,RUA EDSON CAMPOS MATESICH,823,CASA,,,SANTA FELICIDADE,,Domicílio particular,,-0,,1,2,82410370
410690205050177,Urbano,RUA EDSON CAMPOS MATESICH,857,CASA B,,,SANTA FELICIDADE,,Domicílio particular,,-0,,1,2,82410370
410690205050177,Urbano,RUA EDSON CAMPOS MATESICH,857,CASA A,,,SANTA FELICIDADE,,Domicílio particular,,-0,,1,2,82410370
410690205050177,Urbano,RUA EDSON CAMPOS MATESICH,869,CASA,,,SANTA FELICIDADE,,Domicílio particular,,-0,,1,2,82410370
410690205050177,Urbano,RUA PAULO J BUSO,1002,CASA,,,SANTA FELICIDADE,,Domicílio particular,,-0,,1,1,82410260
410690205050177,Urbano,RUA PAULO J BUSO,21,CASA,,,SANTA FELICIDADE,,Domicílio particular,,-0,,1,1,82410260
410690205050177,Urbano,RUA PAULO J BUSO,45,CASA,,,SANTA FELICIDADE,,Domicílio particular,,-0,,1,1,82410260
410690205050177,Urbano,RUA PAULO J BUSO,59,CASA 02 FUNDOS,,,SANTA FELICIDADE,,Domicílio particular,,-0,,1,1,82410260
410690205050177,Urbano,RUA PAULO J BUSO,59,CASA 01 FRENTE,,,SANTA FELICIDADE,,Domicílio particular,,-0,,1,1,82410260
410690205050177,Urbano,RUA PAULO J BUSO,65,CASA 03 FUNDOS,,,SANTA FELICIDADE,,Domicílio particular,,-0,,1,1,82410260
410690205050177,Urbano,RUA PAULO J BUSO,65,CASA 02 FUNDOS,,,SANTA FELICIDADE,,Domicílio particular,,-0,,1,1,82410260
410690205050177,Urbano,RUA PAULO J BUSO,65,CASA 01 FRENTE,,,SANTA FELICIDADE,,Domicílio particular,,-0,,1,1,82410260
410690205050177,Urbano,RUA PAULO J BUSO,71,CASA,,,SANTA FELICIDADE,,Domicílio particular,,-0,,1,1,82410260
410690205050177,Urbano,RUA PAULO J BUSO,83,CASA,,,SANTA FELICIDADE,,Domicílio particular,,-0,,1,1,82410260
410690205050177,Urbano,RUA PAULO J BUSO,95,CASA,,,SANTA FELICIDADE,,Domicílio particular,,-0,,1,1,82410260
410690205050177,Urbano,RUA PAULO J BUSO,109,CASA,,,SANTA FELICIDADE,,Domicílio particular,,-0,,1,1,82410260
410690205050177,Urbano,RUA PAULO J BUSO,135,SOBRADO 01,,,SANTA FELICIDADE,,Domicílio particular,,-0,,1,1,82410260
410690205050177,Urbano,RUA PAULO J BUSO,135,SOBRADO 02,,,SANTA FELICIDADE,,Domicílio particular,,-0,,1,1,82410260
410690205050177,Urbano,RUA PAULO J BUSO,135,SOBRADO 03,,,SANTA FELICIDADE,,Domicílio particular,,-0,,1,1,82410260
410690205050177,Urbano,RUA PAULO J BUSO,135,SOBRADO 04,,,SANTA FELICIDADE,,Domicílio particular,,-0,,1,1,82410260
410690205050177,Urbano,RUA ANGELINA BRAGA CORTEZZI,465,CASA 3 FUNDOS,,,SANTA FELICIDADE,,Domicílio particular,,-0,,6,1,82410220
410690205050177,Urbano,RUA ANGELINA BRAGA CORTEZZI,679,CASA FUNDOS,,,SANTA FELICIDADE,,Domicílio particular,,-0,,7,1,82410220
410690205050177,Urbano,RUA ANGELINA BRAGA CORTEZZI,679,FRENTE,,,SANTA FELICIDADE,,Domicílio particular,,-0,,7,1,82410220
410690205050177,Urbano,RUA ANGELINA BRAGA CORTEZZI,663,FUNDOS 2,,,SANTA FELICIDADE,,Domicílio particular,,-0,,7,1,82410220
410690205050177,Urbano,RUA ANGELINA BRAGA CORTEZZI,663,FUNDOS 1,,,SANTA FELICIDADE,,Domicílio particular,,-0,,7,1,82410220
410690205050177,Urbano,RUA ANGELINA BRAGA CORTEZZI,513,FRENTE,,,SANTA FELICIDADE,,Domicílio particular,,-0,,6,1,82410220
410690205050177,Urbano,RUA ANGELINA BRAGA CORTEZZI,513,LADO,,,SANTA FELICIDADE,,Domicílio particular,,-0,,6,1,82410220
410690205050177,Urbano,RUA ANGELINA BRAGA CORTEZZI,513,FUNDOS 1,,,SANTA FELICIDADE,,Domicílio particular,,-0,,6,1,82410220
410690205050177,Urbano,RUA ROMULO CEZAR ALVES,40C,SOBRADO 2,,,SANTA FELICIDADE,,Domicílio particular,,-0,,3,3,82410230
410690205050177,Urbano,RUA ROMULO CEZAR ALVES,40C,SOBRADO 3,,,SANTA FELICIDADE,,Domicílio particular,,-0,,3,3,82410230
410690205050177,Urbano,RUA ANGELINA BRAGA CORTEZZI,510,FRENTE,,,SANTA FELICIDADE,,Domicílio particular,,-0,,6,1,82410220
410690205050177,Urbano,RUA ANGELINA BRAGA CORTEZZI,510,FUNDOS,,,SANTA FELICIDADE,,Domicílio particular,,-0,,6,1,82410220
410690205050177,Urbano,RUA ANGELINA BRAGA CORTEZZI,535B,CASA,,,SANTA FELICIDADE,,Domicílio particular,,-0,,6,1,82410220
410690205050177,Urbano,RUA ANGELINA BRAGA CORTEZZI,629,FUNDOS,,,SANTA FELICIDADE,,Domicílio particular,,-0,,7,1,82410220
410690205050177,Urbano,RUA ANGELINA BRAGA CORTEZZI,639,FUNDOS,,,SANTA FELICIDADE,,Domicílio particular,,-0,,7,1,82410220
410690205050177,Urbano,RUA ANGELINA BRAGA CORTEZZI,593,CASA 1,,,SANTA FELICIDADE,,Domicílio particular,,-0,,7,1,82410220
410690205050177,Urbano,RUA ANGELINA BRAGA CORTEZZI,593,CASA 1 FUNDOS,,,SANTA FELICIDADE,,Domicílio particular,,-0,,7,1,82410220
410690205050177,Urbano,RUA ANGELINA BRAGA CORTEZZI,593,CASA 2,,,SANTA FELICIDADE,,Edificação em construção,,-0,,7,1,82410220
410690205050177,Urbano,RUA PADRE JOSE MARTINI,994,CASA,,,SANTA FELICIDADE,,Domicílio particular,,-0,,7,4,82410300
410690205050177,Urbano,RUA PADRE JOSE MARTINI,980,CASA,,,SANTA FELICIDADE,,Domicílio particular,,-0,,7,4,82410300
410690205050177,Urbano,RUA PADRE JOSE MARTINI,980,CASA 2,,,SANTA FELICIDADE,,Domicílio particular,,-0,,7,4,82410300
410690205050177,Urbano,RUA PADRE JOSE MARTINI,980,CASA FRENTE,,,SANTA FELICIDADE,,Domicílio particular,,-0,,7,4,82410300
410690205050177,Urbano,RUA ANGELINA BRAGA CORTEZZI,651A,FUNDOS,,,SANTA FELICIDADE,,Domicílio particular,,-0,,7,1,82410220
410690205050177,Urbano,RUA ANGELINA BRAGA CORTEZZI,651B,CASA FUNDOS,,,SANTA FELICIDADE,,Domicílio particular,,-0,,7,1,82410220
410690205050177,Urbano,RUA ANGELINA BRAGA CORTEZZI,593,CASA 4,,,SANTA FELICIDADE,,Domicílio particular,,-0,,7,1,82410220
410690205050177,Urbano,RUA ANGELINA BRAGA CORTEZZI,535A,,,,SANTA FELICIDADE,,Domicílio particular,,-0,,6,1,82410220
410690205050177,Urbano,RUA PADRE COLBACCHINI,948,FRENTE,,,SANTA FELICIDADE,,Domicílio particular,,-0,,4,4,82410310
410690205050177,Urbano,RUA ANGELINA BRAGA CORTEZZI,476,CASA 1 FUNDOS,,,SANTA FELICIDADE,,Domicílio particular,,-0,,4,3,82410220
410690205050177,Urbano,RUA ANGELINA BRAGA CORTEZZI,476,FUNDOS 2,,,SANTA FELICIDADE,,Domicílio particular,,-0,,4,3,82410220
410690205050177,Urbano,RUA PADRE COLBACCHINI,984,LADO FUNDOS,,,SANTA FELICIDADE,,Domicílio particular,,-0,,4,4,82410310
410690205050177,Urbano,RUA ANGELINA BRAGA CORTEZZI,513,FUNDOS 2,,,SANTA FELICIDADE,,Domicílio particular,,-0,,6,1,82410220
410690205050177,Urbano,RUA ROMULO CEZAR ALVES,225,CASA 1 FUNDOS,,,SANTA FELICIDADE,,Domicílio particular,,-0,,8,1,82410230
410690205050177,Urbano,RUA ROMULO CEZAR ALVES,213,CASA 2,,,SANTA FELICIDADE,,Domicílio particular,,-0,,8,1,82410230
410690205050177,Urbano,RUA ROMULO CEZAR ALVES,213,CASA 4 FUNDOS,,,SANTA FELICIDADE,,Domicílio particular,,-0,,8,1,82410230
410690205050177,Urbano,RUA ROMULO CEZAR ALVES,213,CASA 3 FUNDOS,,,SANTA FELICIDADE,,Domicílio particular,,-0,,8,1,82410230
410690205050177,Urbano,RUA ROMULO CEZAR ALVES,189,CASA 2,,,SANTA FELICIDADE,,Domicílio particular,,-0,,8,1,82410230
410690205050177,Urbano,RUA PADRE COLBACCHINI,997,CASA 1,,,SANTA FELICIDADE,,Domicílio particular,,-0,,8,2,82410310
410690205050177,Urbano,RUA PADRE COLBACCHINI,997,CASA 2,,,SANTA FELICIDADE,,Domicílio particular,,-0,,8,2,82410310
410690205050177,Urbano,RUA PADRE COLBACCHINI,950,,,,SANTA FELICIDADE,,Domicílio particular,,-0,,8,2,82410310
410690205050177,Urbano,RUA ANGELINA BRAGA CORTEZZI,590,CASA 3,,,SANTA FELICIDADE,,Domicílio particular,,-0,,8,3,82410220
410690205050177,Urbano,RUA ANGELINA BRAGA CORTEZZI,626,FUNDOS,,,SANTA FELICIDADE,,Domicílio particular,,-0,,8,3,82410220
410690205050177,Urbano,RUA ANGELINA BRAGA CORTEZZI,660,FUNDOS,,,SANTA FELICIDADE,,Domicílio particular,,-0,,8,3,82410220
410690205050177,Urbano,RUA ANGELINA BRAGA CORTEZZI,674,CASA 2 FUNDOS,,,SANTA FELICIDADE,,Domicílio particular,,-0,,8,3,82410220
410690205050177,Urbano,RUA ANGELINA BRAGA CORTEZZI,674,CASA 3 FUNDOS,,,SANTA FELICIDADE,,Domicílio particular,,-0,,8,3,82410220
410690205050177,Urbano,RUA ROMULO CEZAR ALVES,213,CASA 2 FRENTE,,,SANTA FELICIDADE,,Domicílio particular,,-0,,8,1,82410230
410690205050177,Urbano,RUA ROMULO CEZAR ALVES,225,CASA FUNDOS,,,SANTA FELICIDADE,,Domicílio particular,,-0,,8,1,82410230
410690205050177,Urbano,RUA ROMULO CEZAR ALVES,237,FUNDOS,,,SANTA FELICIDADE,,Domicílio particular,,-0,,8,1,82410230
410690205050177,Urbano,RUA PADRE JOSE MARTINI,1176,CASA,,,SANTA FELICIDADE,,Domicílio particular,,-0,,9,4,82410300
410690205050177,Urbano,RUA OSIRES PAIXAO GONCALVES,58,FUNDOS,,,SANTA FELICIDADE,,Domicílio particular,,-0,,1,3,82410250
410690205050177,Urbano,RUA PADRE COLBACCHINI,SN,CASA,,,SANTA FELICIDADE,,Domicílio particular,,-0,,9,2,82410310
410690205050177,Urbano,RUA SAO CARLOS,SN,,,,SANTA FELICIDADE,,Domicílio particular,,-0,,9,1,82410240
410690205050177,Urbano,RUA SAO CARLOS,105,,,,SANTA FELICIDADE,,Domicílio particular,,-0,,9,1,82410240
410690205050177,Urbano,RUA SAO CARLOS,133,FUNDOS,,,SANTA FELICIDADE,,Domicílio particular,,-0,,9,1,82410240
410690205050177,Urbano,RUA SAO CARLOS,133,CASA,,,SANTA FELICIDADE,,Domicílio particular,,-0,,9,1,82410240
410690205050177,Urbano,RUA SAO CARLOS,145,,,,SANTA FELICIDADE,,Domicílio particular,,-0,,9,1,82410240
410690205050177,Urbano,RUA SAO CARLOS,157,,,,SANTA FELICIDADE,,Domicílio particular,,-0,,9,1,82410240
410690205050177,Urbano,RUA SAO CARLOS,171,,,,SANTA FELICIDADE,,Domicílio particular,,-0,,9,1,82410240
410690205050177,Urbano,RUA SAO CARLOS,183,,,,SANTA FELICIDADE,,Domicílio particular,,-0,,9,1,82410240
410690205050177,Urbano,RUA SAO CARLOS,195,,,,SANTA FELICIDADE,,Domicílio particular,,-0,,9,1,82410240
410690205050177,Urbano,RUA SAO CARLOS,195,CASA 1 FUNDOS,,,SANTA FELICIDADE,,Domicílio particular,,-0,,9,1,82410240
410690205050177,Urbano,RUA SAO CARLOS,195,FUNDOS 2,,,SANTA FELICIDADE,,Domicílio particular,,-0,,9,1,82410240
410690205050177,Urbano,RUA SAO CARLOS,299,CASA,,,SANTA FELICIDADE,,Domicílio particular,,-0,,9,1,82410240
410690205050177,Urbano,RUA SAO CARLOS,299,BARRACAO,,,SANTA FELICIDADE,,Estabelecimento de outras finalidades,MARCENARIA,Único,,9,1,82410240
410690205050177,Urbano,RUA SAO CARLOS,299,LADO FUNDOS,,,SANTA FELICIDADE,,Domicílio particular,,-0,,9,1,82410240
410690205050177,Urbano,RUA PADRE JOSE MARTINI,1214,FUNDOS,,,SANTA FELICIDADE,,Estabelecimento de outras finalidades,MARCENARIA,Único,,9,4,82410300
410690205050177,Urbano,RUA PADRE JOSE MARTINI,1200,FUNDOS,,,SANTA FELICIDADE,,Domicílio particular,,-0,,9,4,82410300
410690205050177,Urbano,RUA OSIRES PAIXAO GONCALVES,171,SOBRADO,,,SANTA FELICIDADE,,Domicílio particular,,-0,,10,1,82410250
410690205050177,Urbano,RUA OSIRES PAIXAO GONCALVES,171,SOBRADO,,,SANTA FELICIDADE,,Estabelecimento de outras finalidades,MECANICA,Único,,10,1,82410250
410690205050177,Urbano,RUA OSIRES PAIXAO GONCALVES,171,LADO,,,SANTA FELICIDADE,,Domicílio particular,,-0,,10,1,82410250
410690205050177,Urbano,RUA OSIRES PAIXAO GONCALVES,151,CASA,,,SANTA FELICIDADE,,Domicílio particular,,-0,,10,1,82410250
410690205050177,Urbano,RUA OSIRES PAIXAO GONCALVES,151,LADO,,,SANTA FELICIDADE,,Domicílio particular,,-0,,10,1,82410250
410690205050177,Urbano,RUA OSIRES PAIXAO GONCALVES,137,,,,SANTA FELICIDADE,,Domicílio particular,,-0,,10,1,82410250
410690205050177,Urbano,RUA SAO CARLOS,171,FUNDOS,,,SANTA FELICIDADE,,Domicílio particular,,-0,,9,1,82410240
410690205050177,Urbano,RUA SAO CARLOS,157,FUNDOS 2,,,SANTA FELICIDADE,,Domicílio particular,,-0,,9,1,82410240
410690205050177,Urbano,RUA SAO CARLOS,157,FUNDOS 1,,,SANTA FELICIDADE,,Domicílio particular,,-0,,9,1,82410240
410690205050177,Urbano,RUA PADRE COLBACCHINI,1057,FUNDOS,,,SANTA FELICIDADE,,Domicílio particular,,-0,,9,2,82410310
410690205050177,Urbano,RUA PADRE JOSE MARTINI,1100,FUNDOS,,,SANTA FELICIDADE,,Domicílio particular,,-0,,8,4,82410300
410690205050177,Urbano,RUA ARTHUR BELACHE,280,CASA,,,SANTA FELICIDADE,,Domicílio particular,,-0,,7,3,82410320
410690205050177,Urbano,RUA ARTHUR BELACHE,92,SOBRADO 3,,,SANTA FELICIDADE,,Domicílio particular,,-0,,6,3,82410320
410690205050177,Urbano,RUA ARTHUR BELACHE,92,SOBRADO 4,,,SANTA FELICIDADE,,Domicílio particular,,-0,,6,3,82410320
410690205050177,Urbano,RUA ARTHUR BELACHE,110,CASA,,,SANTA FELICIDADE,,Domicílio particular,,-0,,7,3,82410320
410690205050177,Urbano,RUA ARTHUR BELACHE,256,,,,SANTA FELICIDADE,,Domicílio particular,,-0,,7,3,82410320
410690205050177,Urbano,RUA ARTHUR BELACHE,256,FUNDOS,,,SANTA FELICIDADE,,Domicílio particular,,-0,,7,3,82410320
410690205050177,Urbano,RUA ARTHUR BELACHE,268,CASA,,,SANTA FELICIDADE,,Domicílio particular,,-0,,7,3,82410320
410690205050177,Urbano,RUA ARTHUR BELACHE,268,FUNDOS,,,SANTA FELICIDADE,,Domicílio particular,,-0,,7,3,82410320
410690205050177,Urbano,RUA ARTHUR BELACHE,292,CASA,,,SANTA FELICIDADE,,Domicílio particular,,-0,,7,3,82410320
410690205050177,Urbano,RUA ARTHUR BELACHE,292,CASA,,,SANTA FELICIDADE,,Estabelecimento de outras finalidades,COMERCIO VARIEDADES,Único,,7,3,82410320
410690205050177,Urbano,RUA ARTHUR BELACHE,292,FUNDOS,,,SANTA FELICIDADE,,Domicílio particular,,-0,,7,3,82410320
410690205050177,Urbano,RUA ARTHUR BELACHE,304,SOBRADO,,,SANTA FELICIDADE,,Domicílio particular,,-0,,7,3,82410320
410690205050177,Urbano,RUA ARTHUR BELACHE,318,,,,SANTA FELICIDADE,,Edificação em construção,,-0,,7,3,82410320
410690205050177,Urbano,RUA ARTHUR BELACHE,318,FUNDOS,,,SANTA FELICIDADE,,Domicílio particular,,-0,,7,3,82410320
410690205050177,Urbano,RUA ARTHUR BELACHE,100,CASA,,,SANTA FELICIDADE,,Domicílio particular,,-0,,7,3,82410320
410690205050177,Urbano,RUA ARTHUR BELACHE,100,BARRACAO,,,SANTA FELICIDADE,,Estabelecimento de outras finalidades,TRANSPORTADORA,Único,,7,3,82410320
410690205050177,Urbano,RUA PADRE COLBACCHINI,1179,FUNDOS,,,SANTA FELICIDADE,,Domicílio particular,,-0,,10,2,82410310
410690205050177,Urbano,RUA PADRE COLBACCHINI,1191,FUNDOS 2,,,SANTA FELICIDADE,,Domicílio particular,,-0,,10,2,82410310
410690205050177,Urbano,RUA OSIRES PAIXAO GONCALVES,89,CASA FRENTE,,,SANTA FELICIDADE,,Domicílio particular,,-0,,10,1,82410250
410690205050177,Urbano,RUA OSIRES PAIXAO GONCALVES,89,CASA 2 FUNDOS,,,SANTA FELICIDADE,,Domicílio particular,,-0,,10,1,82410250
410690205050177,Urbano,RUA OSIRES PAIXAO GONCALVES,89,CASA 3 FUNDOS,,,SANTA FELICIDADE,,Domicílio particular,,-0,,10,1,82410250
410690205050177,Urbano,RUA OSIRES PAIXAO GONCALVES,115,FRENTE,,,SANTA FELICIDADE,,Domicílio particular,,-0,,10,1,82410250
410690205050177,Urbano,RUA OSIRES PAIXAO GONCALVES,115,CASA 2,,,SANTA FELICIDADE,,Domicílio particular,,-0,,10,1,82410250
410690205050177,Urbano,RUA OSIRES PAIXAO GONCALVES,115,CASA 3,,,SANTA FELICIDADE,,Domicílio particular,,-0,,10,1,82410250
410690205050177,Urbano,RUA OSIRES PAIXAO GONCALVES,115,CASA 2,,,SANTA FELICIDADE,,Domicílio particular,,-0,,10,1,82410250
410690205050177,Urbano,RUA OSIRES PAIXAO GONCALVES,137,SOBRADO,,,SANTA FELICIDADE,,Domicílio particular,,-0,,10,1,82410250
410690205050177,Urbano,RUA OSIRES PAIXAO GONCALVES,137,FUNDOS 1,,,SANTA FELICIDADE,,Domicílio particular,,-0,,10,1,82410250
410690205050177,Urbano,RUA OSIRES PAIXAO GONCALVES,137,FUNDOS 2,,,SANTA FELICIDADE,,Domicílio particular,,-0,,10,1,82410250
410690205050177,Urbano,RUA OSIRES PAIXAO GONCALVES,137,FUNDOS 3,,,SANTA FELICIDADE,,Domicílio particular,,-0,,10,1,82410250
410690205050177,Urbano,RUA SAO CARLOS,170,,,,SANTA FELICIDADE,,Domicílio particular,,-0,,10,3,82410240
410690205050177,Urbano,RUA SAO CARLOS,158,FUNDOS,,,SANTA FELICIDADE,,Domicílio particular,,-0,,10,3,82410240
410690205050177,Urbano,RUA PADRE COLBACCHINI,897,FUNDOS 03,,,SANTA FELICIDADE,,Domicílio particular,,-0,,7,2,82410310
410690205050177,Urbano,RUA PADRE COLBACCHINI,984,FRENTE LADO,,,SANTA FELICIDADE,,Domicílio particular,,-0,,4,4,82410310
410690205050177,Urbano,RUA ROMULO CEZAR ALVES,198,SOBRADO 2,,,SANTA FELICIDADE,,Edificação em construção,,-0,,9,3,82410230
410690205050177,Urbano,RUA ROMULO CEZAR ALVES,198,SOBRADO 3,,,SANTA FELICIDADE,,Edificação em construção,,-0,,9,3,82410230
410690205050177,Urbano,RUA ROMULO CEZAR ALVES,198,SOBRADO 4,,,SANTA FELICIDADE,,Edificação em construção,,-0,,9,3,82410230
410690205050177,Urbano,RUA OSIRES PAIXAO GONCALVES,85,CASA A,,,SANTA FELICIDADE,,Domicílio particular,,-0,,10,1,82410250
410690205050177,Urbano,RUA ROMULO CEZAR ALVES,236,FUNDOS,,,SANTA FELICIDADE,,Domicílio particular,,-0,,9,3,82410230
410690205050177,Urbano,RUA ROMULO CEZAR ALVES,210,FUNDOS 2,,,SANTA FELICIDADE,,Domicílio particular,,-0,,9,3,82410230
410690205050177,Urbano,RUA OSIRES PAIXAO GONCALVES,85,CASA,,,SANTA FELICIDADE,,Estabelecimento de outras finalidades,MANICURE,Único,,10,1,82410250
410690205050177,Urbano,RUA OSIRES PAIXAO GONCALVES,85,CASA,,,SANTA FELICIDADE,,Domicílio particular,,-0,,10,1,82410250
410690205050177,Urbano,RUA OSIRES PAIXAO GONCALVES,103,CASA,,,SANTA FELICIDADE,,Domicílio particular,,-0,,10,1,82410250
410690205050177,Urbano,RUA OSIRES PAIXAO GONCALVES,103,CASA 2,,,SANTA FELICIDADE,,Domicílio particular,,-0,,10,1,82410250
410690205050177,Urbano,RUA PADRE JOSE MARTINI,1312,CASA,,,SANTA FELICIDADE,,Domicílio particular,,-0,,10,4,82410300
410690205050177,Urbano,RUA ROMULO CEZAR ALVES,201,FUNDOS 2,,,SANTA FELICIDADE,,Domicílio particular,,-0,,8,1,82410230
410690205050177,Urbano,RUA PADRE COLBACCHINI,885,CASA,,,SANTA FELICIDADE,,Domicílio particular,,-0,,7,2,82410310
410690205050177,Urbano,RUA PADRE COLBACCHINI,885,FUNDOS,,,SANTA FELICIDADE,,Domicílio particular,,-0,,7,2,82410310
410690205050177,Urbano,RUA SAO CARLOS,182,FUNDOS,,,SANTA FELICIDADE,,Domicílio particular,,-0,,10,3,82410240
410690205050177,Urbano,RUA ROMULO CEZAR ALVES,198,SOBRADO 1,,,SANTA FELICIDADE,,Edificação em construção,,-0,,9,3,82410230
410690205050177,Urbano,RUA SAO CARLOS,146,FUNDOS 1,,,SANTA FELICIDADE,,Domicílio particular,,-0,,10,3,82410240
410690205050177,Urbano,RUA SAO CARLOS,146,FUNDOS 2,,,SANTA FELICIDADE,,Domicílio particular,,-0,,10,3,82410240
410690205050177,Urbano,RUA PADRE JOSE MARTINI,1300,FRENTE 2,,,SANTA FELICIDADE,,Domicílio particular,,-0,,10,4,82410300
410690205050177,Urbano,RUA PADRE COLBACCHINI,859,,,,SANTA FELICIDADE,,Domicílio particular,,-0,,7,2,82410310
410690205050177,Urbano,RUA ROMULO CEZAR ALVES,224,FUNDOS 1,,,SANTA FELICIDADE,,Domicílio particular,,-0,,9,3,82410230
410690205050177,Urbano,RUA ROMULO CEZAR ALVES,224,FUNDOS 2,,,SANTA FELICIDADE,,Domicílio particular,,-0,,9,3,82410230
410690205050177,Urbano,RUA PADRE COLBACCHINI,898,FUNDOS,,,SANTA FELICIDADE,,Domicílio particular,,-0,,6,4,82410310
410690205050177,Urbano,RUA ARTHUR BELACHE,118,CASA 2 FUNDOS,,,SANTA FELICIDADE,,Domicílio particular,,-0,,6,3,82410320
410690205050177,Urbano,RUA ARTHUR BELACHE,130,CASA,,,SANTA FELICIDADE,,Domicílio particular,,-0,,6,3,82410320
