Código da unidade geográfica,Situação do setor,Logradouro,Número no logradouro,Complemento,Latitude,Longitude,Localidade,Ponto de referência,Espécie de endereço,Tipo de estabelecimento,Indicador de endereço,Identificação domicílio coletivo,Número da quadra,Número da face,CEP
410690205050147,Urbano,RUA JOAO TODESCHINI,137,,,,CURITIBA,,Domicílio particular,,-0,,3,1,82320180
410690205050147,Urbano,RUA LEVIR LUIZ TOALDO,834,CASA 5,,,CURITIBA,,Domicílio particular,,-0,,6,3,82320090
410690205050147,Urbano,RUA LEVIR LUIZ TOALDO,834,CASA 4,,,CURITIBA,,Domicílio particular,,-0,,6,3,82320090
410690205050147,Urbano,RUA LEVIR LUIZ TOALDO,834,CASA 3,,,CURITIBA,,Domicílio particular,,-0,,6,3,82320090
410690205050147,Urbano,RUA LEVIR LUIZ TOALDO,662,CASA 7,,,CURITIBA,,Domicílio particular,,-0,,6,3,82320090
410690205050147,Urbano,RUA LEVIR LUIZ TOALDO,662,CASA 6,,,CURITIBA,,Domicílio particular,,-0,,6,3,82320090
410690205050147,Urbano,RUA LEVIR LUIZ TOALDO,662,CASA 5,,,CURITIBA,,Domicílio particular,,-0,,6,3,82320090
410690205050147,Urbano,RUA LEVIR LUIZ TOALDO,662,CASA 4,,,CURITIBA,,Domicílio particular,,-0,,6,3,82320090
410690205050147,Urbano,RUA LEVIR LUIZ TOALDO,662,CASA 3,,,CURITIBA,,Domicílio particular,,-0,,6,3,82320090
410690205050147,Urbano,RUA LEVIR LUIZ TOALDO,662,CASA 2,,,CURITIBA,,Domicílio particular,,-0,,6,3,82320090
410690205050147,Urbano,RUA LEVIR LUIZ TOALDO,662,CASA 1,,,CURITIBA,,Domicílio particular,,-0,,6,3,82320090
410690205050147,Urbano,RUA LEVIR LUIZ TOALDO,SN,LOTE,,,CURITIBA,,Edificação em construção,,-0,,6,4,82320090
410690205050147,Urbano,RUA LEVIR LUIZ TOALDO,569,CASA 2,,,CURITIBA,,Domicílio particular,,-0,,6,4,82320090
410690205050147,Urbano,RUA LEVIR LUIZ TOALDO,569,CASA 1,,,CURITIBA,,Domicílio particular,,-0,,6,4,82320090
410690205050147,Urbano,RUA LEVIR LUIZ TOALDO,547,,,,CURITIBA,,Domicílio particular,,-0,,6,4,82320090
410690205050147,Urbano,RUA LEVIR LUIZ TOALDO,463,SOBRADO 4,,,CURITIBA,,Domicílio particular,,-0,,9,1,82320090
410690205050147,Urbano,RUA LEVIR LUIZ TOALDO,463,SOBRADO 3,,,CURITIBA,,Domicílio particular,,-0,,9,1,82320090
410690205050147,Urbano,RUA LEVIR LUIZ TOALDO,463,SOBRADO 2,,,CURITIBA,,Domicílio particular,,-0,,9,1,82320090
410690205050147,Urbano,RUA LEVIR LUIZ TOALDO,463,SOBRADO 1,,,CURITIBA,,Domicílio particular,,-0,,9,1,82320090
410690205050147,Urbano,RUA LEVIR LUIZ TOALDO,439,,,,CURITIBA,,Domicílio particular,,-0,,9,1,82320090
410690205050147,Urbano,RUA LEVIR LUIZ TOALDO,417,SOBRADO d,,,CURITIBA,,Domicílio particular,,-0,,9,1,82320090
410690205050147,Urbano,RUA LEVIR LUIZ TOALDO,417,SOBRADO c,,,CURITIBA,,Domicílio particular,,-0,,9,1,82320090
410690205050147,Urbano,RUA LEVIR LUIZ TOALDO,417,SOBRADO b,,,CURITIBA,,Domicílio particular,,-0,,9,1,82320090
410690205050147,Urbano,RUA LEVIR LUIZ TOALDO,417,SOBRADO a,,,CURITIBA,,Domicílio particular,,-0,,9,1,82320090
410690205050147,Urbano,RUA INACIO SLOMPO,116,,,,CURITIBA,,Domicílio particular,,-0,,9,2,82320070
410690205050147,Urbano,RUA INACIO SLOMPO,130,,,,CURITIBA,,Domicílio particular,,-0,,9,2,82320070
410690205050147,Urbano,RUA INACIO SLOMPO,142,,,,CURITIBA,,Domicílio particular,,-0,,9,2,82320070
410690205050147,Urbano,RUA INACIO SLOMPO,170,,,,CURITIBA,,Domicílio particular,,-0,,9,2,82320070
410690205050147,Urbano,RUA SANTO TULIO,402,,,,CURITIBA,,Domicílio particular,,-0,,9,3,82320100
410690205050147,Urbano,RUA SANTO TULIO,426,SOBRADO 4,,,CURITIBA,,Domicílio particular,,-0,,9,3,82320100
410690205050147,Urbano,RUA SANTO TULIO,426,SOBRADO 3,,,CURITIBA,,Domicílio particular,,-0,,9,3,82320100
410690205050147,Urbano,RUA SANTO TULIO,426,SOBRADO 2,,,CURITIBA,,Domicílio particular,,-0,,9,3,82320100
410690205050147,Urbano,RUA SANTO TULIO,426,SOBRADO 1,,,CURITIBA,,Domicílio particular,,-0,,9,3,82320100
410690205050147,Urbano,RUA AUGUSTINHO LUCCA,177,,,,CURITIBA,,Domicílio particular,,-0,,9,4,82320080
410690205050147,Urbano,RUA LEVIR LUIZ TOALDO,834,CASA 6,,,CURITIBA,,Domicílio particular,,-0,,6,3,82320090
410690205050147,Urbano,RUA LEVIR LUIZ TOALDO,834,CASA 7,,,CURITIBA,,Domicílio particular,,-0,,6,3,82320090
410690205050147,Urbano,RUA LEVIR LUIZ TOALDO,834,CASA 8,,,CURITIBA,,Domicílio particular,,-0,,6,3,82320090
410690205050147,Urbano,RUA LEVIR LUIZ TOALDO,834,CASA 9,,,CURITIBA,,Domicílio particular,,-0,,6,3,82320090
410690205050147,Urbano,RUA LEVIR LUIZ TOALDO,834,CASA 10,,,CURITIBA,,Domicílio particular,,-0,,6,3,82320090
410690205050147,Urbano,RUA LEVIR LUIZ TOALDO,834,CASA 11,,,CURITIBA,,Domicílio particular,,-0,,6,3,82320090
410690205050147,Urbano,RUA LEVIR LUIZ TOALDO,834,CASA 12,,,CURITIBA,,Domicílio particular,,-0,,6,3,82320090
410690205050147,Urbano,RUA LEVIR LUIZ TOALDO,834,CASA 13,,,CURITIBA,,Domicílio particular,,-0,,6,3,82320090
410690205050147,Urbano,RUA LEVIR LUIZ TOALDO,834,CASA 14,,,CURITIBA,,Domicílio particular,,-0,,6,3,82320090
410690205050147,Urbano,RUA LEVIR LUIZ TOALDO,834,CASA 1,,,CURITIBA,,Domicílio particular,,-0,,6,3,82320090
410690205050147,Urbano,RUA LEVIR LUIZ TOALDO,834,CASA 2,,,CURITIBA,,Domicílio particular,,-0,,6,3,82320090
410690205050147,Urbano,RUA LEVIR LUIZ TOALDO,612,,,,CURITIBA,,Domicílio particular,,-0,,6,3,82320090
410690205050147,Urbano,RUA LEVIR LUIZ TOALDO,576,,,,CURITIBA,,Estabelecimento de outras finalidades,BORRACHARIA,Único,,6,3,82320090
410690205050147,Urbano,RUA LEVIR LUIZ TOALDO,152,,,,CURITIBA,,Domicílio particular,,-0,,6,3,82320090
410690205050147,Urbano,RUA LEVIR LUIZ TOALDO,150,,,,CURITIBA,,Domicílio particular,,-0,,6,3,82320090
410690205050147,Urbano,RUA LEVIR LUIZ TOALDO,526,SOBRADO 1,,,CURITIBA,,Domicílio particular,,-0,,6,3,82320090
410690205050147,Urbano,RUA LEVIR LUIZ TOALDO,526,SOBRADO 2,,,CURITIBA,,Domicílio particular,,-0,,6,3,82320090
410690205050147,Urbano,RUA AUGUSTINHO LUCCA,70,SOBRADO 1,,,CURITIBA,,Domicílio particular,,-0,,6,2,82320080
410690205050147,Urbano,RUA AUGUSTINHO LUCCA,70,SOBRADO 2,,,CURITIBA,,Estabelecimento de outras finalidades,ESCRITORIO DE REPRESENTACAO,Único,,6,2,82320080
410690205050147,Urbano,RUA AUGUSTINHO LUCCA,70,SOBRADO 2,,,CURITIBA,,Domicílio particular,,-0,,6,2,82320080
410690205050147,Urbano,RUA AUGUSTINHO LUCCA,70,SOBRADO 3,,,CURITIBA,,Domicílio particular,,-0,,6,2,82320080
410690205050147,Urbano,RUA AUGUSTINHO LUCCA,70,SOBRADO 4,,,CURITIBA,,Domicílio particular,,-0,,6,2,82320080
410690205050147,Urbano,RUA AUGUSTINHO LUCCA,30,SOBRADO 7,,,CURITIBA,,Domicílio particular,,-0,,6,2,82320080
410690205050147,Urbano,RUA AUGUSTINHO LUCCA,30,SOBRADO 8,,,CURITIBA,,Domicílio particular,,-0,,6,2,82320080
410690205050147,Urbano,RUA AUGUSTINHO LUCCA,30,SOBRADO 9,,,CURITIBA,,Domicílio particular,,-0,,6,2,82320080
410690205050147,Urbano,RUA AUGUSTINHO LUCCA,30,SOBRADO 10,,,CURITIBA,,Domicílio particular,,-0,,6,2,82320080
410690205050147,Urbano,RUA AUGUSTINHO LUCCA,30,SOBRADO 11,,,CURITIBA,,Domicílio particular,,-0,,6,2,82320080
410690205050147,Urbano,RUA AUGUSTINHO LUCCA,30,SOBRADO 12,,,CURITIBA,,Domicílio particular,,-0,,6,2,82320080
410690205050147,Urbano,RUA AUGUSTINHO LUCCA,30,SOBRADO 13,,,CURITIBA,,Domicílio particular,,-0,,6,2,82320080
410690205050147,Urbano,RUA LEVIR LUIZ TOALDO,464,,,,CURITIBA,,Domicílio particular,,-0,,8,3,82320090
410690205050147,Urbano,RUA LEVIR LUIZ TOALDO,446,,,,CURITIBA,,Domicílio particular,,-0,,8,3,82320090
410690205050147,Urbano,RUA LEVIR LUIZ TOALDO,434,,,,CURITIBA,,Domicílio particular,,-0,,8,3,82320090
410690205050147,Urbano,RUA LEVIR LUIZ TOALDO,216,,,,CURITIBA,,Domicílio particular,,-0,,8,3,82320090
410690205050147,Urbano,RUA INACIO SLOMPO,32,,,,CURITIBA,,Domicílio particular,,-0,,8,2,82320070
410690205050147,Urbano,RUA PROFESSOR FRANCISCO ZARDO,187,,,,CURITIBA,,Estabelecimento de outras finalidades,ADVOCACIA,Único,,8,1,82320000
410690205050147,Urbano,RUA PROFESSOR FRANCISCO ZARDO,187,,,,CURITIBA,,Domicílio particular,,-0,,8,1,82320000
410690205050147,Urbano,RUA PROFESSOR FRANCISCO ZARDO,189,,,,CURITIBA,,Domicílio particular,,-0,,8,1,82320000
410690205050147,Urbano,RUA PROFESSOR FRANCISCO ZARDO,199,,,,CURITIBA,,Domicílio particular,,-0,,8,1,82320000
410690205050147,Urbano,RUA PROFESSOR FRANCISCO ZARDO,213,,,,CURITIBA,,Domicílio particular,,-0,,8,1,82320000
410690205050147,Urbano,RUA PROFESSOR FRANCISCO ZARDO,225,,,,CURITIBA,,Domicílio particular,,-0,,8,1,82320000
410690205050147,Urbano,RUA PROFESSOR FRANCISCO ZARDO,272,TERREO,,,CURITIBA,,Estabelecimento de outras finalidades,ARMAZEM TRICOT,Único,,7,3,82320000
410690205050147,Urbano,RUA PROFESSOR FRANCISCO ZARDO,272,COBERTURA,,,CURITIBA,,Domicílio particular,,-0,,7,3,82320000
410690205050147,Urbano,RUA PROFESSOR FRANCISCO ZARDO,104,,,,CURITIBA,,Domicílio particular,,-0,,7,3,82320000
410690205050147,Urbano,RUA PROFESSOR FRANCISCO ZARDO,101,,,,CURITIBA,,Domicílio particular,,-0,,7,3,82320000
410690205050147,Urbano,RUA PROFESSOR FRANCISCO ZARDO,241,,,,CURITIBA,,Estabelecimento de outras finalidades,SALAO DE BELEZA,Único,,7,3,82320000
410690205050147,Urbano,RUA PROFESSOR FRANCISCO ZARDO,241,,,,CURITIBA,,Domicílio particular,,-0,,7,3,82320000
410690205050147,Urbano,RUA PROFESSOR FRANCISCO ZARDO,255,,,,CURITIBA,,Domicílio particular,,-0,,7,3,82320000
410690205050147,Urbano,RUA PROFESSOR FRANCISCO ZARDO,194,,,,CURITIBA,,Domicílio particular,,-0,,7,3,82320000
410690205050147,Urbano,RUA ANGELO VENDRAMIN,17,,,,CURITIBA,,Domicílio particular,,-0,,7,2,82320050
410690205050147,Urbano,RUA ANGELO VENDRAMIN,19,,,,CURITIBA,,Domicílio particular,,-0,,7,2,82320050
410690205050147,Urbano,RUA ANGELO VENDRAMIN,22,,,,CURITIBA,,Domicílio particular,,-0,,7,2,82320050
410690205050147,Urbano,RUA JOSE SIGISMUNDO VENDRAMIN,10,,,,CURITIBA,,Domicílio particular,,-0,,7,1,82320060
410690205050147,Urbano,RUA JOSE SIGISMUNDO VENDRAMIN,12,,,,CURITIBA,,Domicílio particular,,-0,,7,1,82320060
410690205050147,Urbano,RUA JOSE SIGISMUNDO VENDRAMIN,14,,,,CURITIBA,,Domicílio particular,,-0,,7,1,82320060
410690205050147,Urbano,RUA JOSE SIGISMUNDO VENDRAMIN,18,,,,CURITIBA,,Domicílio particular,,-0,,7,1,82320060
410690205050147,Urbano,RUA JOSE SIGISMUNDO VENDRAMIN,22,,,,CURITIBA,,Domicílio particular,,-0,,7,1,82320060
410690205050147,Urbano,RUA JOSE SIGISMUNDO VENDRAMIN,201,CASA 1,,,CURITIBA,,Domicílio particular,,-0,,7,1,82320060
410690205050147,Urbano,RUA PROFESSOR FRANCISCO ZARDO,299,CASA 1,,,CURITIBA,,Domicílio particular,,-0,,6,1,82320000
410690205050147,Urbano,RUA PROFESSOR FRANCISCO ZARDO,299,CASA 2,,,CURITIBA,,Domicílio particular,,-0,,6,1,82320000
410690205050147,Urbano,RUA PROFESSOR FRANCISCO ZARDO,299,CASA 3,,,CURITIBA,,Domicílio particular,,-0,,6,1,82320000
410690205050147,Urbano,RUA PROFESSOR FRANCISCO ZARDO,299,CASA 4,,,CURITIBA,,Domicílio particular,,-0,,6,1,82320000
410690205050147,Urbano,RUA PROFESSOR FRANCISCO ZARDO,299,CASA 5,,,CURITIBA,,Domicílio particular,,-0,,6,1,82320000
410690205050147,Urbano,RUA PROFESSOR FRANCISCO ZARDO,299,CASA 6,,,CURITIBA,,Domicílio particular,,-0,,6,1,82320000
410690205050147,Urbano,RUA PROFESSOR FRANCISCO ZARDO,277,,,,CURITIBA,,Domicílio particular,,-0,,6,1,82320000
410690205050147,Urbano,RUA PROFESSOR FRANCISCO ZARDO,1263,CASA a,,,CURITIBA,,Domicílio particular,,-0,,6,1,82320000
410690205050147,Urbano,RUA PROFESSOR FRANCISCO ZARDO,1263,CASA b,,,CURITIBA,,Estabelecimento de outras finalidades,PAULO RADIADORES,Único,,6,1,82320000
410690205050147,Urbano,RUA PROFESSOR FRANCISCO ZARDO,1266,,,,CURITIBA,,Domicílio particular,,-0,,6,1,82320000
410690205050147,Urbano,RUA BORTOLO PAULIN,41,,,,CURITIBA,,Domicílio particular,,-0,,6,12,82320120
410690205050147,Urbano,RUA BORTOLO PAULIN,75,,,,CURITIBA,,Domicílio particular,,-0,,6,12,82320120
410690205050147,Urbano,RUA BORTOLO PAULIN,31,,,,CURITIBA,,Domicílio particular,,-0,,6,12,82320120
410690205050147,Urbano,RUA BORTOLO PAULIN,99,,,,CURITIBA,,Estabelecimento de ensino,PRE ESCOLA PEDACINHO DO CEU,Único,,6,12,82320120
410690205050147,Urbano,RUA BORTOLO PAULIN,111,,,,CURITIBA,,Domicílio particular,,-0,,6,12,82320120
410690205050147,Urbano,RUA BORTOLO PAULIN,123,,,,CURITIBA,,Domicílio particular,,-0,,6,12,82320120
410690205050147,Urbano,RUA BORTOLO PAULIN,227,CASA 1,,,CURITIBA,,Estabelecimento de ensino,ESCOLA SEM NOME,Único,,6,12,82320120
410690205050147,Urbano,RUA BORTOLO PAULIN,227,CASA 2,,,CURITIBA,,Estabelecimento de ensino,ESCOLA SEM NOME,Único,,6,12,82320120
410690205050147,Urbano,RUA BORTOLO PAULIN,227,CASA 3,,,CURITIBA,,Estabelecimento de ensino,ESCOLA SEM NOME,Único,,6,12,82320120
410690205050147,Urbano,AVENIDA VEREADOR TOALDO TULIO,1050,,,,CURITIBA,,Domicílio particular,,-0,,6,11,82320010
410690205050147,Urbano,AVENIDA VEREADOR TOALDO TULIO,1030,COBERTURA,,,CURITIBA,,Domicílio particular,,-0,,6,11,82320010
410690205050147,Urbano,AVENIDA VEREADOR TOALDO TULIO,980,,,,CURITIBA,,Domicílio particular,,-0,,6,11,82320010
410690205050147,Urbano,AVENIDA VEREADOR TOALDO TULIO,968,,,,CURITIBA,,Estabelecimento de outras finalidades,MERCADO DA MADEIRA,Único,,6,11,82320010
410690205050147,Urbano,AVENIDA VEREADOR TOALDO TULIO,920,,,,CURITIBA,,Estabelecimento de outras finalidades,SABOR DA GULA PIZZARIA,Único,,6,11,82320010
410690205050147,Urbano,AVENIDA VEREADOR TOALDO TULIO,900,,,,CURITIBA,,Domicílio particular,,-0,,6,11,82320010
410690205050147,Urbano,AVENIDA VEREADOR TOALDO TULIO,890,FRENTE,,,CURITIBA,,Domicílio particular,,-0,,6,11,82320010
410690205050147,Urbano,AVENIDA VEREADOR TOALDO TULIO,2,,,,CURITIBA,,Domicílio particular,,-0,,6,11,82320010
410690205050147,Urbano,AVENIDA VEREADOR TOALDO TULIO,3,RUA_INTERNA LADO b,,,CURITIBA,,Domicílio particular,,-0,,6,11,82320010
410690205050147,Urbano,AVENIDA VEREADOR TOALDO TULIO,9,RUA_INTERNA LADO b,,,CURITIBA,,Domicílio particular,,-0,,6,11,82320010
410690205050147,Urbano,AVENIDA VEREADOR TOALDO TULIO,14,RUA_INTERNA LADO a,,,CURITIBA,,Domicílio particular,,-0,,6,11,82320010
410690205050147,Urbano,AVENIDA VEREADOR TOALDO TULIO,SN,RUA_INTERNA LADO a CASA,,,CURITIBA,,Domicílio particular,,-0,,6,11,82320010
410690205050147,Urbano,AVENIDA VEREADOR TOALDO TULIO,858,,,,CURITIBA,,Domicílio particular,,-0,,6,11,82320010
410690205050147,Urbano,AVENIDA VEREADOR TOALDO TULIO,834,,,,CURITIBA,,Domicílio particular,,-0,,6,11,82320010
410690205050147,Urbano,AVENIDA VEREADOR TOALDO TULIO,808,,,,CURITIBA,,Domicílio particular,,-0,,6,11,82320010
410690205050147,Urbano,AVENIDA VEREADOR TOALDO TULIO,806,,,,CURITIBA,,Domicílio particular,,-0,,6,11,82320010
410690205050147,Urbano,AVENIDA VEREADOR TOALDO TULIO,738,,,,CURITIBA,,Estabelecimento de outras finalidades,FERRO CAR VEICULOS,Único,,6,11,82320010
410690205050147,Urbano,AVENIDA VEREADOR TOALDO TULIO,708,,,,CURITIBA,,Estabelecimento de outras finalidades,POSTO DE BOMBEIROS SANTA FELICIDADE,Único,,6,11,82320010
410690205050147,Urbano,RUA ACELINO GRANDE,SN,HABITACAO,,,CURITIBA,,Estabelecimento de outras finalidades,GG,Único,,10,4,82320390
410690205050147,Urbano,RUA ACELINO GRANDE,403,CASA 1,,,CURITIBA,,Domicílio particular,,-0,,10,4,82320390
410690205050147,Urbano,RUA ACELINO GRANDE,403,CASA 2,,,CURITIBA,,Domicílio particular,,-0,,10,4,82320390
410690205050147,Urbano,RUA ACELINO GRANDE,270,CASA 2,,,CURITIBA,,Estabelecimento de outras finalidades,NICOS ESTUDIO DE MUSICA,Único,,10,4,82320390
410690205050147,Urbano,RUA ACELINO GRANDE,250,RUA_INTERNA CASA 3,,,CURITIBA,,Domicílio particular,,-0,,10,4,82320390
410690205050147,Urbano,RUA ACELINO GRANDE,25,CASA a,,,CURITIBA,,Estabelecimento de outras finalidades,PANCHO COMUNICACAO VISUAL,Único,,10,4,82320390
410690205050147,Urbano,RUA ACELINO GRANDE,25,CASA 1,,,CURITIBA,,Domicílio particular,,-0,,10,4,82320390
410690205050147,Urbano,RUA ACELINO GRANDE,25,CASA 2,,,CURITIBA,,Domicílio particular,,-0,,10,4,82320390
410690205050147,Urbano,RUA ACELINO GRANDE,218,FUNDOS,,,CURITIBA,,Estabelecimento de outras finalidades,FABRICA DE MOVEIS SCHUARTZ E FILHOS,Único,,10,4,82320390
410690205050147,Urbano,RUA ACELINO GRANDE,385,,,,CURITIBA,,Domicílio particular,,-0,,10,4,82320390
410690205050147,Urbano,RUA ACELINO GRANDE,308,FUNDOS CASA 1,,,CURITIBA,,Domicílio particular,,-0,,10,4,82320390
410690205050147,Urbano,RUA ACELINO GRANDE,308,FUNDOS CASA 2,,,CURITIBA,,Domicílio particular,,-0,,10,4,82320390
410690205050147,Urbano,RUA ACELINO GRANDE,383,,,,CURITIBA,,Domicílio particular,,-0,,10,4,82320390
410690205050147,Urbano,RUA ACELINO GRANDE,381,CASA 1,,,CURITIBA,,Domicílio particular,,-0,,10,4,82320390
410690205050147,Urbano,RUA ACELINO GRANDE,381,CASA 2,,,CURITIBA,,Domicílio particular,,-0,,10,4,82320390
410690205050147,Urbano,RUA ACELINO GRANDE,150,,,,CURITIBA,,Estabelecimento de outras finalidades,D KAR LATARIA E PINTURA,Único,,10,4,82320390
410690205050147,Urbano,RUA ACELINO GRANDE,110,SOBRADO 1,,,CURITIBA,,Domicílio particular,,-0,,10,4,82320390
410690205050147,Urbano,RUA ACELINO GRANDE,110,SOBRADO 2,,,CURITIBA,,Domicílio particular,,-0,,10,4,82320390
410690205050147,Urbano,RUA ACELINO GRANDE,110,SOBRADO 3,,,CURITIBA,,Domicílio particular,,-0,,10,4,82320390
410690205050147,Urbano,RUA ACELINO GRANDE,110,SOBRADO 4,,,CURITIBA,,Domicílio particular,,-0,,10,4,82320390
410690205050147,Urbano,RUA ACELINO GRANDE,110,SOBRADO 5,,,CURITIBA,,Domicílio particular,,-0,,10,4,82320390
410690205050147,Urbano,RUA ACELINO GRANDE,110,SOBRADO 6,,,CURITIBA,,Domicílio particular,,-0,,10,4,82320390
410690205050147,Urbano,RUA ACELINO GRANDE,110,SOBRADO 7,,,CURITIBA,,Domicílio particular,,-0,,10,4,82320390
410690205050147,Urbano,RUA ACELINO GRANDE,110,SOBRADO 8,,,CURITIBA,,Domicílio particular,,-0,,10,4,82320390
410690205050147,Urbano,RUA ACELINO GRANDE,50,LOJA 1,,,CURITIBA,,Estabelecimento de outras finalidades,A NOSSA VIDRACARIA,Único,,10,4,82320390
410690205050147,Urbano,RUA ACELINO GRANDE,50,APARTAMENTO 2,,,CURITIBA,,Domicílio particular,,-0,,10,4,82320390
410690205050147,Urbano,RUA ACELINO GRANDE,50,APARTAMENTO 3,,,CURITIBA,,Domicílio particular,,-0,,10,4,82320390
410690205050147,Urbano,AVENIDA VEREADOR TOALDO TULIO,1552,TERREO LOJA 1,,,CURITIBA,,Estabelecimento de outras finalidades,CLEO CABELEIREIROS,Único,,10,3,82320010
410690205050147,Urbano,AVENIDA VEREADOR TOALDO TULIO,1552,TERREO LOJA 2,,,CURITIBA,,Estabelecimento de outras finalidades,MINI FESTAS ARTIGOS E DECORACOES PARA FE,Único,,10,3,82320010
410690205050147,Urbano,AVENIDA VEREADOR TOALDO TULIO,1552,TERREO LOJA 3,,,CURITIBA,,Estabelecimento de outras finalidades,LOJA FECHADA,Único,,10,3,82320010
410690205050147,Urbano,AVENIDA VEREADOR TOALDO TULIO,1552,TERREO LOJA 4,,,CURITIBA,,Estabelecimento de outras finalidades,VITORIA ROSSI ATELIER LOCACAO DE TRAJES,Único,,10,3,82320010
410690205050147,Urbano,AVENIDA VEREADOR TOALDO TULIO,1552,TERREO LOJA 5,,,CURITIBA,,Estabelecimento de saúde,ODONTOLOGIA,Único,,10,3,82320010
410690205050147,Urbano,AVENIDA VEREADOR TOALDO TULIO,1552,TERREO LOJA 6,,,CURITIBA,,Estabelecimento de outras finalidades,SEGUNDA PELE MODA MASCULINA FEMININA E I,Único,,10,3,82320010
410690205050147,Urbano,AVENIDA VEREADOR TOALDO TULIO,1552,COBERTURA APARTAMENTO 1,,,CURITIBA,,Domicílio particular,,-0,,10,3,82320010
410690205050147,Urbano,AVENIDA VEREADOR TOALDO TULIO,1552,COBERTURA APARTAMENTO 2,,,CURITIBA,,Domicílio particular,,-0,,10,3,82320010
410690205050147,Urbano,AVENIDA VEREADOR TOALDO TULIO,SN,,,,CURITIBA,,Estabelecimento de outras finalidades,PATRICK AUTOMOVEIS,Único,,10,3,82320010
410690205050147,Urbano,AVENIDA VEREADOR TOALDO TULIO,1506,,,,CURITIBA,,Estabelecimento de outras finalidades,ABARE PIZZARIA,Único,,10,3,82320010
410690205050147,Urbano,AVENIDA VEREADOR TOALDO TULIO,1440,,,,CURITIBA,,Estabelecimento de outras finalidades,ACADEMIA DO CAVALO,Único,,10,3,82320010
410690205050147,Urbano,AVENIDA VEREADOR TOALDO TULIO,1400,,,,CURITIBA,,Estabelecimento de outras finalidades,HIDRO CIELO MECANICA ESPECIALIZADA EM DI,Único,,10,3,82320010
410690205050147,Urbano,AVENIDA VEREADOR TOALDO TULIO,1396,,,,CURITIBA,,Estabelecimento de outras finalidades,CONDUEL MATERIAIS ELETRICOS E DE CONSTRU,Único,,10,3,82320010
410690205050147,Urbano,AVENIDA VEREADOR TOALDO TULIO,1376,APARTAMENTO 3,,,CURITIBA,,Domicílio particular,,-0,,10,3,82320010
410690205050147,Urbano,AVENIDA VEREADOR TOALDO TULIO,1360,RUA_INTERNA f LADO b CASA 1,,,CURITIBA,,Domicílio particular,,-0,,10,3,82320010
410690205050147,Urbano,AVENIDA VEREADOR TOALDO TULIO,1360,RUA_INTERNA f LADO b CASA 2,,,CURITIBA,,Domicílio particular,,-0,,10,3,82320010
410690205050147,Urbano,AVENIDA VEREADOR TOALDO TULIO,1360,RUA_INTERNA f LADO a CASA 1,,,CURITIBA,,Domicílio particular,,-0,,10,3,82320010
410690205050147,Urbano,AVENIDA VEREADOR TOALDO TULIO,1360,CASA a,,,CURITIBA,,Domicílio particular,,-0,,10,3,82320010
410690205050147,Urbano,AVENIDA VEREADOR TOALDO TULIO,1360,FUNDOS CASA 1,,,CURITIBA,,Domicílio particular,,-0,,10,3,82320010
410690205050147,Urbano,AVENIDA VEREADOR TOALDO TULIO,1360,FUNDOS CASA 2,,,CURITIBA,,Domicílio particular,,-0,,10,3,82320010
410690205050147,Urbano,AVENIDA VEREADOR TOALDO TULIO,1360,,,,CURITIBA,,Estabelecimento de outras finalidades,AUTO ELETRICA,Único,,10,3,82320010
410690205050147,Urbano,AVENIDA VEREADOR TOALDO TULIO,1244,,,,CURITIBA,,Domicílio particular,,-0,,10,3,82320010
410690205050147,Urbano,AVENIDA VEREADOR TOALDO TULIO,1202,LOJA 1,,,CURITIBA,,Estabelecimento de outras finalidades,STYLU CABELEIREIRO E ESTETICA,Único,,10,3,82320010
410690205050147,Urbano,AVENIDA VEREADOR TOALDO TULIO,1202,LOJA 2,,,CURITIBA,,Estabelecimento de outras finalidades,BILLA BILLU,Único,,10,3,82320010
410690205050147,Urbano,AVENIDA VEREADOR TOALDO TULIO,1202,LOJA 3,,,CURITIBA,,Estabelecimento de outras finalidades,LOJA FECHADA,Único,,10,3,82320010
410690205050147,Urbano,AVENIDA VEREADOR TOALDO TULIO,1202,LOJA 4,,,CURITIBA,,Estabelecimento de outras finalidades,LOJA FECHADA,Único,,10,3,82320010
410690205050147,Urbano,AVENIDA VEREADOR TOALDO TULIO,1200,,,,CURITIBA,,Domicílio particular,,-0,,10,3,82320010
410690205050147,Urbano,AVENIDA VEREADOR TOALDO TULIO,1186,,,,CURITIBA,,Estabelecimento de outras finalidades,PET SHOP SANTA FELICIDADE,Único,,10,3,82320010
410690205050147,Urbano,AVENIDA VEREADOR TOALDO TULIO,1150,,,,CURITIBA,,Estabelecimento de outras finalidades,ESTACIONQMENTO,Único,,10,3,82320010
410690205050147,Urbano,AVENIDA VEREADOR TOALDO TULIO,1150,,,,CURITIBA,,Domicílio particular,,-0,,10,3,82320010
410690205050147,Urbano,AVENIDA VEREADOR TOALDO TULIO,1136,,,,CURITIBA,,Estabelecimento de outras finalidades,PUINAS BAR,Único,,10,3,82320010
410690205050147,Urbano,AVENIDA VEREADOR TOALDO TULIO,1116,,,,CURITIBA,,Estabelecimento de outras finalidades,STERCHILLE EMBALAGENS,Único,,10,3,82320010
410690205050147,Urbano,AVENIDA VEREADOR TOALDO TULIO,SN,,,,CURITIBA,,Estabelecimento de outras finalidades,FLORICULTURA,Único,,10,3,82320010
410690205050147,Urbano,AVENIDA VEREADOR TOALDO TULIO,1062,,,,CURITIBA,,Domicílio particular,,-0,,10,3,82320010
410690205050147,Urbano,RUA BORTOLO PAULIN,290,FUNDOS,,,CURITIBA,,Estabelecimento de outras finalidades,ATELIER DE COSTURA COTE D AZUR,Único,,10,2,82320120
410690205050147,Urbano,RUA BORTOLO PAULIN,290,FRENTE,,,CURITIBA,,Domicílio particular,,-0,,10,2,82320120
410690205050147,Urbano,RUA BORTOLO PAULIN,258,,,,CURITIBA,,Estabelecimento de outras finalidades,CENTRO DE DEPILACAO,Único,,10,2,82320120
410690205050147,Urbano,RUA BORTOLO PAULIN,258,,,,CURITIBA,,Domicílio particular,,-0,,10,2,82320120
410690205050147,Urbano,RUA BORTOLO PAULIN,240,,,,CURITIBA,,Domicílio particular,,-0,,10,2,82320120
410690205050147,Urbano,RUA BORTOLO PAULIN,178,,,,CURITIBA,,Domicílio particular,,-0,,10,2,82320120
410690205050147,Urbano,RUA BORTOLO PAULIN,112,SOBRADO 1,,,CURITIBA,,Domicílio particular,,-0,,10,2,82320120
410690205050147,Urbano,RUA BORTOLO PAULIN,112,SOBRADO 2,,,CURITIBA,,Domicílio particular,,-0,,10,2,82320120
410690205050147,Urbano,RUA BORTOLO PAULIN,112,SOBRADO 3,,,CURITIBA,,Domicílio particular,,-0,,10,2,82320120
410690205050147,Urbano,RUA BORTOLO PAULIN,112,SOBRADO 4,,,CURITIBA,,Domicílio particular,,-0,,10,2,82320120
410690205050147,Urbano,RUA BORTOLO PAULIN,112,SOBRADO 5,,,CURITIBA,,Domicílio particular,,-0,,10,2,82320120
410690205050147,Urbano,RUA BORTOLO PAULIN,112,SOBRADO 6,,,CURITIBA,,Domicílio particular,,-0,,10,2,82320120
410690205050147,Urbano,RUA BORTOLO PAULIN,98,,,,CURITIBA,,Domicílio particular,,-0,,10,2,82320120
410690205050147,Urbano,RUA BORTOLO PAULIN,86,,,,CURITIBA,,Domicílio particular,,-0,,10,2,82320120
410690205050147,Urbano,RUA BORTOLO PAULIN,74,,,,CURITIBA,,Domicílio particular,,-0,,10,2,82320120
410690205050147,Urbano,RUA BORTOLO PAULIN,52,,,,CURITIBA,,Domicílio particular,,-0,,10,2,82320120
410690205050147,Urbano,RUA BORTOLO PAULIN,40,,,,CURITIBA,,Domicílio particular,,-0,,10,2,82320120
410690205050147,Urbano,RUA BORTOLO PAULIN,34,,,,CURITIBA,,Domicílio particular,,-0,,10,2,82320120
410690205050147,Urbano,RUA PROFESSOR FRANCISCO ZARDO,633,CASA 2,,,CURITIBA,,Domicílio particular,,-0,,10,1,82320000
410690205050147,Urbano,RUA PROFESSOR FRANCISCO ZARDO,1415,,,,CURITIBA,,Domicílio particular,,-0,,10,1,82320000
410690205050147,Urbano,RUA PROFESSOR FRANCISCO ZARDO,671,,,,CURITIBA,,Domicílio particular,,-0,,10,1,82320000
410690205050147,Urbano,RUA PROFESSOR FRANCISCO ZARDO,25,CASA 1,,,CURITIBA,,Domicílio particular,,-0,,10,1,82320000
410690205050147,Urbano,RUA PROFESSOR FRANCISCO ZARDO,25,CASA 2,,,CURITIBA,,Domicílio particular,,-0,,10,1,82320000
410690205050147,Urbano,RUA PROFESSOR FRANCISCO ZARDO,25,CASA 3,,,CURITIBA,,Domicílio particular,,-0,,10,1,82320000
410690205050147,Urbano,RUA PROFESSOR FRANCISCO ZARDO,25,CASA 4,,,CURITIBA,,Domicílio particular,,-0,,10,1,82320000
410690205050147,Urbano,RUA PROFESSOR FRANCISCO ZARDO,25,CASA 5,,,CURITIBA,,Domicílio particular,,-0,,10,1,82320000
410690205050147,Urbano,RUA PROFESSOR FRANCISCO ZARDO,25,CASA 6,,,CURITIBA,,Domicílio particular,,-0,,10,1,82320000
410690205050147,Urbano,RUA PROFESSOR FRANCISCO ZARDO,25,CASA 7,,,CURITIBA,,Domicílio particular,,-0,,10,1,82320000
410690205050147,Urbano,RUA PROFESSOR FRANCISCO ZARDO,1419,,,,CURITIBA,,Domicílio particular,,-0,,10,1,82320000
410690205050147,Urbano,RUA PROFESSOR FRANCISCO ZARDO,1421,CASA 1,,,CURITIBA,,Domicílio particular,,-0,,10,1,82320000
410690205050147,Urbano,RUA PROFESSOR FRANCISCO ZARDO,1421,CASA 2,,,CURITIBA,,Domicílio particular,,-0,,10,1,82320000
410690205050147,Urbano,RUA PROFESSOR FRANCISCO ZARDO,1425,,,,CURITIBA,,Domicílio particular,,-0,,10,1,82320000
410690205050147,Urbano,RUA PROFESSOR FRANCISCO ZARDO,1439,CASA 1,,,CURITIBA,,Domicílio particular,,-0,,10,1,82320000
410690205050147,Urbano,RUA PROFESSOR FRANCISCO ZARDO,1439,CASA 2,,,CURITIBA,,Domicílio particular,,-0,,10,1,82320000
410690205050147,Urbano,RUA PROFESSOR FRANCISCO ZARDO,SN,,,,CURITIBA,,Estabelecimento de outras finalidades,LAVA CAR IDEAL,Único,,10,1,82320000
410690205050147,Urbano,RUA PROFESSOR FRANCISCO ZARDO,1322,,,,CURITIBA,,Domicílio particular,,-0,,6,1,82320000
410690205050147,Urbano,RUA PROFESSOR FRANCISCO ZARDO,1333,,,,CURITIBA,,Domicílio particular,,-0,,6,1,82320000
410690205050147,Urbano,RUA PROFESSOR FRANCISCO ZARDO,444,,,,CURITIBA,,Domicílio particular,,-0,,6,1,82320000
410690205050147,Urbano,RUA PROFESSOR FRANCISCO ZARDO,439,,,,CURITIBA,,Estabelecimento de outras finalidades,OFICINA MECANICA,Único,,6,1,82320000
410690205050147,Urbano,RUA PROFESSOR FRANCISCO ZARDO,439,,,,CURITIBA,,Domicílio particular,,-0,,6,1,82320000
410690205050147,Urbano,RUA PROFESSOR FRANCISCO ZARDO,465,APARTAMENTO 101,,,CURITIBA,,Domicílio particular,,-0,,6,1,82320000
410690205050147,Urbano,RUA PROFESSOR FRANCISCO ZARDO,465,APARTAMENTO 102,,,CURITIBA,,Domicílio particular,,-0,,6,1,82320000
410690205050147,Urbano,RUA PROFESSOR FRANCISCO ZARDO,465,APARTAMENTO 103,,,CURITIBA,,Domicílio particular,,-0,,6,1,82320000
410690205050147,Urbano,RUA PROFESSOR FRANCISCO ZARDO,465,APARTAMENTO 104,,,CURITIBA,,Domicílio particular,,-0,,6,1,82320000
410690205050147,Urbano,RUA PROFESSOR FRANCISCO ZARDO,465,APARTAMENTO 201,,,CURITIBA,,Domicílio particular,,-0,,6,1,82320000
410690205050147,Urbano,RUA PROFESSOR FRANCISCO ZARDO,465,APARTAMENTO 202,,,CURITIBA,,Domicílio particular,,-0,,6,1,82320000
410690205050147,Urbano,RUA PROFESSOR FRANCISCO ZARDO,465,APARTAMENTO 203,,,CURITIBA,,Domicílio particular,,-0,,6,1,82320000
410690205050147,Urbano,RUA PROFESSOR FRANCISCO ZARDO,465,APARTAMENTO 204,,,CURITIBA,,Domicílio particular,,-0,,6,1,82320000
410690205050147,Urbano,RUA PROFESSOR FRANCISCO ZARDO,465,APARTAMENTO 301,,,CURITIBA,,Domicílio particular,,-0,,6,1,82320000
410690205050147,Urbano,RUA PROFESSOR FRANCISCO ZARDO,465,APARTAMENTO 302,,,CURITIBA,,Domicílio particular,,-0,,6,1,82320000
410690205050147,Urbano,RUA PROFESSOR FRANCISCO ZARDO,465,APARTAMENTO 303,,,CURITIBA,,Domicílio particular,,-0,,6,1,82320000
410690205050147,Urbano,RUA PROFESSOR FRANCISCO ZARDO,465,APARTAMENTO 304,,,CURITIBA,,Domicílio particular,,-0,,6,1,82320000
410690205050147,Urbano,RUA PROFESSOR FRANCISCO ZARDO,483,SOBRADO 1,,,CURITIBA,,Domicílio particular,,-0,,6,1,82320000
410690205050147,Urbano,RUA PROFESSOR FRANCISCO ZARDO,483,SOBRADO 2,,,CURITIBA,,Domicílio particular,,-0,,6,1,82320000
410690205050147,Urbano,RUA PROFESSOR FRANCISCO ZARDO,483,SOBRADO 3,,,CURITIBA,,Estabelecimento de outras finalidades,ESCRITORIO DE CONTABILIDADE,Único,,6,1,82320000
410690205050147,Urbano,RUA PROFESSOR FRANCISCO ZARDO,1343,,,,CURITIBA,,Estabelecimento de outras finalidades,IGREJA DE JESUS CRISTO DOS SANTOS DOS UL,Único,,6,1,82320000
410690205050147,Urbano,RUA PROFESSOR FRANCISCO ZARDO,1111,CASA 2,,,CURITIBA,,Domicílio particular,,-0,,6,1,82320000
410690205050147,Urbano,RUA PROFESSOR FRANCISCO ZARDO,1341,FUNDOS,,,CURITIBA,,Domicílio particular,,-0,,6,1,82320000
410690205050147,Urbano,RUA PROFESSOR FRANCISCO ZARDO,1341,FRENTE,,,CURITIBA,,Domicílio particular,,-0,,6,1,82320000
410690205050147,Urbano,RUA PROFESSOR FRANCISCO ZARDO,585,CASA 1,,,CURITIBA,,Domicílio particular,,-0,,6,1,82320000
410690205050147,Urbano,RUA PROFESSOR FRANCISCO ZARDO,585,CASA 2,,,CURITIBA,,Domicílio particular,,-0,,6,1,82320000
410690205050147,Urbano,RUA INACIO SLOMPO,117,,,,CURITIBA,,Domicílio particular,,-0,,5,4,82320070
410690205050147,Urbano,RUA INACIO SLOMPO,131,,,,CURITIBA,,Domicílio particular,,-0,,5,4,82320070
410690205050147,Urbano,RUA INACIO SLOMPO,145,CASA 1,,,CURITIBA,,Domicílio particular,,-0,,5,4,82320070
410690205050147,Urbano,RUA INACIO SLOMPO,145,CASA 2,,,CURITIBA,,Domicílio particular,,-0,,5,4,82320070
410690205050147,Urbano,RUA INACIO SLOMPO,159,,,,CURITIBA,,Domicílio particular,,-0,,5,4,82320070
410690205050147,Urbano,RUA INACIO SLOMPO,110,,,,CURITIBA,,Domicílio particular,,-0,,5,4,82320070
410690205050147,Urbano,RUA SANTO TULIO,120,SOBRADO a,,,CURITIBA,,Domicílio particular,,-0,,5,3,82320100
410690205050147,Urbano,RUA SANTO TULIO,120,SOBRADO b,,,CURITIBA,,Domicílio particular,,-0,,5,3,82320100
410690205050147,Urbano,RUA SANTO TULIO,110,SOBRADO a,,,CURITIBA,,Domicílio particular,,-0,,5,3,82320100
410690205050147,Urbano,RUA SANTO TULIO,656,CASA 1,,,CURITIBA,,Domicílio particular,,-0,,5,3,82320100
410690205050147,Urbano,RUA SANTO TULIO,656,CASA 2,,,CURITIBA,,Domicílio particular,,-0,,5,3,82320100
410690205050147,Urbano,RUA SANTO TULIO,656,CASA 3,,,CURITIBA,,Domicílio particular,,-0,,5,3,82320100
410690205050147,Urbano,AVENIDA VEREADOR TOALDO TULIO,614,,,,CURITIBA,,Domicílio particular,,-0,,5,2,82320010
410690205050147,Urbano,AVENIDA VEREADOR TOALDO TULIO,612,,,,CURITIBA,,Estabelecimento de saúde,ODONTONEW,Único,,5,2,82320010
410690205050147,Urbano,AVENIDA VEREADOR TOALDO TULIO,602,,,,CURITIBA,,Domicílio particular,,-0,,5,2,82320010
410690205050147,Urbano,AVENIDA VEREADOR TOALDO TULIO,600,,,,CURITIBA,,Estabelecimento de outras finalidades,CASA COMERCIAL VAGA,Único,,5,2,82320010
410690205050147,Urbano,RUA LEVIR LUIZ TOALDO,31,,,,CURITIBA,,Domicílio particular,,-0,,5,1,82320090
410690205050147,Urbano,RUA LEVIR LUIZ TOALDO,365,,,,CURITIBA,,Domicílio particular,,-0,,5,1,82320090
410690205050147,Urbano,RUA INACIO SLOMPO,64,,,,CURITIBA,,Domicílio particular,,-0,,4,4,82320070
410690205050147,Urbano,RUA INACIO SLOMPO,2,,,,CURITIBA,,Domicílio particular,,-0,,4,4,82320070
410690205050147,Urbano,RUA LEVIR LUIZ TOALDO,42,,,,CURITIBA,,Domicílio particular,,-0,,4,3,82320090
410690205050147,Urbano,RUA LEVIR LUIZ TOALDO,346,,,,CURITIBA,,Estabelecimento de outras finalidades,M STIVAL CONSTRUCOES CIVIS,Único,,4,3,82320090
410690205050147,Urbano,RUA LEVIR LUIZ TOALDO,1302,,,,CURITIBA,,Domicílio particular,,-0,,4,3,82320090
410690205050147,Urbano,AVENIDA VEREADOR TOALDO TULIO,546,TERREO,,,CURITIBA,,Estabelecimento de outras finalidades,TWAREG MOTOPECAS E ACESSORIOS,Único,,4,2,82320010
410690205050147,Urbano,AVENIDA VEREADOR TOALDO TULIO,530,,,,CURITIBA,,Domicílio particular,,-0,,4,2,82320010
410690205050147,Urbano,AVENIDA VEREADOR TOALDO TULIO,530,,,,CURITIBA,,Estabelecimento de outras finalidades,BENATO PORTAS E JANELAS,Único,,4,2,82320010
410690205050147,Urbano,AVENIDA VEREADOR TOALDO TULIO,520,,,,CURITIBA,,Estabelecimento de outras finalidades,LYSIANTHUS FLORICULTURA E DECORACOES,Único,,4,2,82320010
410690205050147,Urbano,RUA PROFESSOR FRANCISCO ZARDO,271,,,,CURITIBA,,Domicílio particular,,-0,,4,1,82320000
410690205050147,Urbano,RUA PROFESSOR FRANCISCO ZARDO,71,,,,CURITIBA,,Domicílio particular,,-0,,4,1,82320000
410690205050147,Urbano,RUA PROFESSOR FRANCISCO ZARDO,22,,,,CURITIBA,,Domicílio particular,,-0,,4,1,82320000
410690205050147,Urbano,RUA PROFESSOR FRANCISCO ZARDO,80,,,,CURITIBA,,Domicílio particular,,-0,,4,1,82320000
410690205050147,Urbano,RUA ANGELO VENDRAMIN,51,,,,CURITIBA,,Domicílio particular,,-0,,3,4,82320050
410690205050147,Urbano,RUA ANGELO VENDRAMIN,51,,,,CURITIBA,,Estabelecimento de outras finalidades,SIGMA ALARMES E PORTOES,Único,,3,4,82320050
410690205050147,Urbano,AVENIDA VEREADOR TOALDO TULIO,120,,,,CURITIBA,,Estabelecimento de outras finalidades,COMERCIO DE CEREAIS SANTA FELICIDADE,Único,,3,3,82320010
410690205050147,Urbano,AVENIDA VEREADOR TOALDO TULIO,132,CASA 1,,,CURITIBA,,Domicílio particular,,-0,,3,3,82320010
410690205050147,Urbano,AVENIDA VEREADOR TOALDO TULIO,132,CASA 2,,,CURITIBA,,Domicílio particular,,-0,,3,3,82320010
410690205050147,Urbano,RUA JOAO TODESCHINI,40,CASA b,,,CURITIBA,,Domicílio particular,,-0,,3,1,82320180
410690205050147,Urbano,RUA JOAO TODESCHINI,107,,,,CURITIBA,,Domicílio particular,,-0,,3,1,82320180
410690205050147,Urbano,RUA AUGUSTINHO LUCCA,175,,,,CURITIBA,,Domicílio particular,,-0,,9,4,82320080
410690205050147,Urbano,RUA AUGUSTINHO LUCCA,165,SOBRADO 3,,,CURITIBA,,Domicílio particular,,-0,,9,4,82320080
410690205050147,Urbano,RUA AUGUSTINHO LUCCA,165,SOBRADO 2,,,CURITIBA,,Domicílio coletivo,,-0,REPUBLICA,9,4,82320080
410690205050147,Urbano,RUA AUGUSTINHO LUCCA,165,SOBRADO 1,,,CURITIBA,,Domicílio particular,,-0,,9,4,82320080
410690205050147,Urbano,RUA AUGUSTINHO LUCCA,10,,,,CURITIBA,,Domicílio particular,,-0,,9,4,82320080
410690205050147,Urbano,RUA AUGUSTINHO LUCCA,3,,,,CURITIBA,,Domicílio particular,,-0,,6,5,82320080
410690205050147,Urbano,RUA AUGUSTINHO LUCCA,4,,,,CURITIBA,,Domicílio particular,,-0,,6,5,82320080
410690205050147,Urbano,RUA AUGUSTINHO LUCCA,5,CASA a,,,CURITIBA,,Domicílio particular,,-0,,6,5,82320080
410690205050147,Urbano,RUA AUGUSTINHO LUCCA,162,,,,CURITIBA,,Domicílio particular,,-0,,6,5,82320080
410690205050147,Urbano,RUA AUGUSTINHO LUCCA,162,,,,CURITIBA,,Estabelecimento de outras finalidades,COZINHA DE SALGADINHOS,Único,,6,5,82320080
410690205050147,Urbano,RUA AUGUSTINHO LUCCA,186,,,,CURITIBA,,Domicílio particular,,-0,,6,5,82320080
410690205050147,Urbano,RUA SANTO TULIO,7,,,,CURITIBA,,Edificação em construção,,-0,,6,7,82320100
410690205050147,Urbano,RUA SANTO TULIO,429,,,,CURITIBA,,Domicílio particular,,-0,,6,7,82320100
410690205050147,Urbano,RUA SANTO TULIO,413,SOBRADO b,,,CURITIBA,,Domicílio particular,,-0,,6,7,82320100
410690205050147,Urbano,RUA SANTO TULIO,413,SOBRADO a,,,CURITIBA,,Domicílio particular,,-0,,6,7,82320100
410690205050147,Urbano,RUA SANTO TULIO,399,SOBRADO b,,,CURITIBA,,Domicílio particular,,-0,,6,7,82320100
410690205050147,Urbano,RUA SANTO TULIO,399,SOBRADO a,,,CURITIBA,,Domicílio particular,,-0,,6,7,82320100
410690205050147,Urbano,RUA SANTO TULIO,385,SOBRADO b,,,CURITIBA,,Domicílio particular,,-0,,6,7,82320100
410690205050147,Urbano,RUA SANTO TULIO,385,SOBRADO a,,,CURITIBA,,Domicílio particular,,-0,,6,7,82320100
410690205050147,Urbano,RUA INACIO SLOMPO,222,SOBRADO c,,,CURITIBA,,Domicílio particular,,-0,,6,8,82320070
410690205050147,Urbano,RUA INACIO SLOMPO,222,SOBRADO b,,,CURITIBA,,Domicílio particular,,-0,,6,8,82320070
410690205050147,Urbano,RUA INACIO SLOMPO,222,SOBRADO a,,,CURITIBA,,Domicílio particular,,-0,,6,8,82320070
410690205050147,Urbano,RUA INACIO SLOMPO,SN,CASA,,,CURITIBA,,Estabelecimento de outras finalidades,DEPOSITO DE MADEIRA,Único,,6,8,82320070
410690205050147,Urbano,RUA INACIO SLOMPO,SN,PORTAO,,,CURITIBA,,Estabelecimento de outras finalidades,FUNDOS CORPO DE BOMBEIROS,Único,,6,9,82320070
410690205050147,Urbano,AVENIDA VEREADOR TOALDO TULIO,58,,,,CURITIBA,,Estabelecimento de outras finalidades,RESTAURANTE JACAREZINHO,Único,,2,2,82320010
410690205050147,Urbano,AVENIDA VEREADOR TOALDO TULIO,80,COBERTURA APARTAMENTO 2,,,CURITIBA,,Domicílio particular,,-0,,2,2,82320010
410690205050147,Urbano,AVENIDA VEREADOR TOALDO TULIO,80,COBERTURA APARTAMENTO 1,,,CURITIBA,,Domicílio particular,,-0,,2,2,82320010
410690205050147,Urbano,AVENIDA VEREADOR TOALDO TULIO,80,TERREO,,,CURITIBA,,Estabelecimento de outras finalidades,AUTO PECAS SANTA FELICIDADE,Único,,2,2,82320010
410690205050147,Urbano,AVENIDA VEREADOR TOALDO TULIO,90,,,,CURITIBA,,Domicílio particular,,-0,,2,2,82320010
410690205050147,Urbano,AVENIDA VEREADOR TOALDO TULIO,118,TERREO LOJA 1,,,CURITIBA,,Estabelecimento de outras finalidades,SPORT WAY,Único,,2,2,82320010
410690205050147,Urbano,AVENIDA VEREADOR TOALDO TULIO,112,TERREO LOJA 3,,,CURITIBA,,Estabelecimento de outras finalidades,LOJA MAR PRESENTES E BOUTIQUE,Único,,2,2,82320010
410690205050147,Urbano,AVENIDA VEREADOR TOALDO TULIO,112,TERREO LOJA 2,,,CURITIBA,,Estabelecimento de outras finalidades,G TEC CELULARES,Único,,2,2,82320010
410690205050147,Urbano,AVENIDA VEREADOR TOALDO TULIO,112,TERREO LOJA 1,,,CURITIBA,,Estabelecimento de outras finalidades,DEFINITIVA BELEZA SALAO E ESTETICA,Único,,2,2,82320010
410690205050147,Urbano,AVENIDA VEREADOR TOALDO TULIO,146,FRENTE,,,CURITIBA,,Estabelecimento de saúde,CLINICA OFTALMOLOGICA,Único,,2,2,82320010
410690205050147,Urbano,AVENIDA VEREADOR TOALDO TULIO,146,FUNDOS,,,CURITIBA,,Domicílio particular,,-0,,2,2,82320010
410690205050147,Urbano,AVENIDA VEREADOR TOALDO TULIO,180,TERREO LOJA 3,,,CURITIBA,,Estabelecimento de outras finalidades,OTICA OCULLUM,Único,,2,2,82320010
410690205050147,Urbano,AVENIDA VEREADOR TOALDO TULIO,180,TERREO LOJA 2,,,CURITIBA,,Estabelecimento de outras finalidades,KHLOE BOUTIQUE,Único,,2,2,82320010
410690205050147,Urbano,AVENIDA VEREADOR TOALDO TULIO,180,TERREO LOJA 1,,,CURITIBA,,Estabelecimento de outras finalidades,ANTONIA ROCHA CALCADOS,Único,,2,2,82320010
410690205050147,Urbano,AVENIDA VEREADOR TOALDO TULIO,204,COBERTURA,,,CURITIBA,,Domicílio particular,,-0,,2,2,82320010
410690205050147,Urbano,AVENIDA VEREADOR TOALDO TULIO,204,TERREO,,,CURITIBA,,Estabelecimento de outras finalidades,SEGREDOS MODA INTIMA,Único,,2,2,82320010
410690205050147,Urbano,AVENIDA VEREADOR TOALDO TULIO,230,COBERTURA APARTAMENTO 3,,,CURITIBA,,Domicílio particular,,-0,,2,2,82320010
410690205050147,Urbano,AVENIDA VEREADOR TOALDO TULIO,230,COBERTURA APARTAMENTO 2,,,CURITIBA,,Domicílio particular,,-0,,2,2,82320010
410690205050147,Urbano,AVENIDA VEREADOR TOALDO TULIO,230,COBERTURA APARTAMENTO 1,,,CURITIBA,,Domicílio particular,,-0,,2,2,82320010
410690205050147,Urbano,AVENIDA VEREADOR TOALDO TULIO,230,TERREO FUNDOS,,,CURITIBA,,Estabelecimento de outras finalidades,COMERCIAL ELETRICA KIRCHHOFF,Único,,2,2,82320010
410690205050147,Urbano,AVENIDA VEREADOR TOALDO TULIO,254,COBERTURA APARTAMENTO 3,,,CURITIBA,,Domicílio particular,,-0,,2,2,82320010
410690205050147,Urbano,AVENIDA VEREADOR TOALDO TULIO,254,COBERTURA APARTAMENTO 2,,,CURITIBA,,Domicílio particular,,-0,,2,2,82320010
410690205050147,Urbano,AVENIDA VEREADOR TOALDO TULIO,254,TERREO LOJA 1,,,CURITIBA,,Estabelecimento de outras finalidades,DRYCLEAN USA INTERNATIONAL LAVANDERIA,Único,,2,2,82320010
410690205050147,Urbano,AVENIDA VEREADOR TOALDO TULIO,254,LADO,,,CURITIBA,,Estabelecimento de outras finalidades,SALAO B MAIS,Único,,2,2,82320010
410690205050147,Urbano,AVENIDA VEREADOR TOALDO TULIO,260,,,,CURITIBA,,Domicílio particular,,-0,,2,2,82320010
410690205050147,Urbano,RUA PADRE NATAL PIGATO,290,,,,CURITIBA,,Estabelecimento de outras finalidades,IGREJA CRISTA APOSTOLICA BETEL,Único,,2,3,82320030
410690205050147,Urbano,RUA PADRE NATAL PIGATO,151,,,,CURITIBA,,Estabelecimento de outras finalidades,YOSHIO BATERIAS,Único,,2,3,82320030
410690205050147,Urbano,RUA PADRE NATAL PIGATO,SN,TERREO,,,CURITIBA,,Estabelecimento de outras finalidades,PANIFICADORA E CONFEITARIA ROMANA,Único,,2,3,82320030
410690205050147,Urbano,RUA PADRE NATAL PIGATO,97,,,,CURITIBA,,Domicílio particular,,-0,,2,3,82320030
410690205050147,Urbano,RUA PADRE NATAL PIGATO,87,,,,CURITIBA,,Domicílio particular,,-0,,2,3,82320030
410690205050147,Urbano,RUA PADRE NATAL PIGATO,85,FRENTE,,,CURITIBA,,Estabelecimento de outras finalidades,MAGLIK ESCRITORIO,Único,,2,3,82320030
410690205050147,Urbano,RUA PADRE NATAL PIGATO,71,FUNDOS,,,CURITIBA,,Domicílio particular,,-0,,2,3,82320030
410690205050147,Urbano,RUA PADRE NATAL PIGATO,61,,,,CURITIBA,,Estabelecimento de outras finalidades,SUNSET BEAUTY CENTER,Único,,2,3,82320030
410690205050147,Urbano,RUA PADRE NATAL PIGATO,29,COBERTURA,,,CURITIBA,,Domicílio particular,,-0,,2,3,82320030
410690205050147,Urbano,RUA PADRE NATAL PIGATO,29,TERREO LOJA 2,,,CURITIBA,,Estabelecimento de outras finalidades,STRAPASSON QUEIJOS VINHOS ESPECIARIAS,Único,,2,3,82320030
410690205050147,Urbano,RUA PADRE NATAL PIGATO,29,TERREO LOJA 1,,,CURITIBA,,Estabelecimento de outras finalidades,MULTICICLO BIKE,Único,,2,3,82320030
410690205050147,Urbano,AVENIDA MANOEL RIBAS,6519,,,,CURITIBA,,Estabelecimento de outras finalidades,FLORES DE SEDA E BORDADOS,Único,,2,1,82020000
410690205050147,Urbano,AVENIDA MANOEL RIBAS,6519,FUNDOS,,,CURITIBA,,Estabelecimento de outras finalidades,B LONER CONFECCOES,Único,,2,1,82020000
410690205050147,Urbano,AVENIDA MANOEL RIBAS,6499,,,,CURITIBA,,Estabelecimento de outras finalidades,RESTAURANTE IGUACU,Único,,2,1,82020000
410690205050147,Urbano,AVENIDA MANOEL RIBAS,6483,TERREO LOJA 2,,,CURITIBA,,Estabelecimento de outras finalidades,M R RELOGIOS E BIJUTERIAS,Único,,2,1,82020000
410690205050147,Urbano,AVENIDA MANOEL RIBAS,6483,TERREO LOJA 1,,,CURITIBA,,Estabelecimento de outras finalidades,CASOLARE IMOVEIS,Único,,2,1,82020000
410690205050147,Urbano,AVENIDA MANOEL RIBAS,6457,,,,CURITIBA,,Estabelecimento de saúde,CLINICA DE FRATURAS SANTA FELICIDADE,Único,,2,1,82020000
410690205050147,Urbano,AVENIDA MANOEL RIBAS,6449,,,,CURITIBA,,Edificação em construção,,-0,,2,1,82020000
410690205050147,Urbano,AVENIDA MANOEL RIBAS,6437,LOJA 3,,,CURITIBA,,Estabelecimento de outras finalidades,MARIA MORENA MODA FEMININA E MASCULINA,Único,,2,1,82020000
410690205050147,Urbano,AVENIDA MANOEL RIBAS,6437,LOJA 2,,,CURITIBA,,Estabelecimento de outras finalidades,NUMBER ONE,Único,,2,1,82020000
410690205050147,Urbano,AVENIDA MANOEL RIBAS,6437,LOJA 1,,,CURITIBA,,Estabelecimento de outras finalidades,FARMACIAS NISSEI,Único,,2,1,82020000
410690205050147,Urbano,AVENIDA MANOEL RIBAS,6437,FUNDOS,,,CURITIBA,,Domicílio particular,,-0,,2,1,82020000
410690205050147,Urbano,AVENIDA MANOEL RIBAS,6403,LOJA 3,,,CURITIBA,,Estabelecimento de outras finalidades,MINNA BELLA,Único,,2,1,82020000
410690205050147,Urbano,AVENIDA MANOEL RIBAS,6403,LOJA 2,,,CURITIBA,,Estabelecimento de outras finalidades,OTICA VISIOLUX,Único,,2,1,82020000
410690205050147,Urbano,AVENIDA MANOEL RIBAS,6403,LOJA 1,,,CURITIBA,,Estabelecimento de outras finalidades,NATURAL COSMETICOS,Único,,2,1,82020000
410690205050147,Urbano,AVENIDA MANOEL RIBAS,6401,,,,CURITIBA,,Estabelecimento de outras finalidades,BANCO DO BRASIL,Único,,2,1,82020000
410690205050147,Urbano,AVENIDA MANOEL RIBAS,6355,TERREO LOJA 2,,,CURITIBA,,Estabelecimento de outras finalidades,PONTO FRIO,Único,,2,1,82020000
410690205050147,Urbano,AVENIDA MANOEL RIBAS,6355,TERREO LOJA 1,,,CURITIBA,,Estabelecimento de outras finalidades,FRANCIS CAMARGO MODA FEMININO,Único,,2,1,82020000
410690205050147,Urbano,AVENIDA MANOEL RIBAS,6365,,,,CURITIBA,,Estabelecimento de outras finalidades,PISTACHE PIZZA BURGUER,Único,,2,1,82020000
410690205050147,Urbano,AVENIDA MANOEL RIBAS,6251,,,,CURITIBA,,Estabelecimento de outras finalidades,HSBC,Único,,2,1,82020000
410690205050147,Urbano,AVENIDA MANOEL RIBAS,6655,,,,CURITIBA,,Estabelecimento de outras finalidades,FLORA MADRE PAULINA,Único,,1,1,82020000
410690205050147,Urbano,AVENIDA MANOEL RIBAS,6621,,,,CURITIBA,,Estabelecimento de outras finalidades,CEMITERIO SANTA FELICIDADE,Único,,1,1,82020000
410690205050147,Urbano,AVENIDA MANOEL RIBAS,6599,,,,CURITIBA,,Edificação em construção,,-0,,1,1,82020000
410690205050147,Urbano,AVENIDA MANOEL RIBAS,6575,LOJA 3,,,CURITIBA,,Estabelecimento de outras finalidades,SAPATARIA SANTA FELICIDADE,Único,,1,1,82020000
410690205050147,Urbano,AVENIDA MANOEL RIBAS,6575,LOJA 2,,,CURITIBA,,Estabelecimento de outras finalidades,CASA DAS PANELAS,Único,,1,1,82020000
410690205050147,Urbano,AVENIDA MANOEL RIBAS,6575,LOJA 1,,,CURITIBA,,Estabelecimento de outras finalidades,CABELEIREIRA,Único,,1,1,82020000
410690205050147,Urbano,AVENIDA MANOEL RIBAS,6561,CASA 1,,,CURITIBA,,Domicílio particular,,-0,,1,1,82020000
410690205050147,Urbano,AVENIDA MANOEL RIBAS,SN,,,,CURITIBA,,Estabelecimento de outras finalidades,POSTO DE GASOLINA PETROBRAS,Único,,1,1,82020000
410690205050147,Urbano,AVENIDA VEREADOR TOALDO TULIO,320,,,,CURITIBA,,Estabelecimento de outras finalidades,BATERIAS YOSHIO,Único,,1,3,82320010
410690205050147,Urbano,AVENIDA VEREADOR TOALDO TULIO,334,,,,CURITIBA,,Estabelecimento de outras finalidades,MAXI IMPRESSORAS PECAS E SERVICOS,Único,,1,3,82320010
410690205050147,Urbano,AVENIDA VEREADOR TOALDO TULIO,348,,,,CURITIBA,,Domicílio particular,,-0,,1,3,82320010
410690205050147,Urbano,AVENIDA VEREADOR TOALDO TULIO,360,,,,CURITIBA,,Domicílio particular,,-0,,1,3,82320010
410690205050147,Urbano,RUA DOMINGOS STRAPASSON,181,,,,CURITIBA,,Estabelecimento de saúde,ODONTOLOGIA,Único,,1,4,82320040
410690205050147,Urbano,RUA DOMINGOS STRAPASSON,65,CASA 2,,,CURITIBA,,Domicílio particular,,-0,,1,4,82320040
410690205050147,Urbano,RUA DOMINGOS STRAPASSON,65,CASA 1,,,CURITIBA,,Domicílio particular,,-0,,1,4,82320040
410690205050147,Urbano,RUA DOMINGOS STRAPASSON,32,FRENTE,,,CURITIBA,,Domicílio particular,,-0,,1,4,82320040
410690205050147,Urbano,RUA DOMINGOS STRAPASSON,32,FUNDOS,,,CURITIBA,,Domicílio particular,,-0,,1,4,82320040
410690205050147,Urbano,RUA DOMINGOS STRAPASSON,101,FRENTE,,,CURITIBA,,Estabelecimento de outras finalidades,CAPELA MORTUARIA,Múltiplo,,1,4,82320040
410690205050147,Urbano,RUA PADRE NATAL PIGATO,54,,,,CURITIBA,,Domicílio particular,,-0,,1,2,82320030
410690205050147,Urbano,RUA PADRE NATAL PIGATO,96,,,,CURITIBA,,Estabelecimento de outras finalidades,GRAFICA CENTAURO,Único,,1,2,82320030
410690205050147,Urbano,RUA PADRE NATAL PIGATO,126,,,,CURITIBA,,Estabelecimento de outras finalidades,BRECHO DA BEL,Único,,1,2,82320030
410690205050147,Urbano,RUA PADRE NATAL PIGATO,126,,,,CURITIBA,,Domicílio particular,,-0,,1,2,82320030
410690205050147,Urbano,RUA PADRE NATAL PIGATO,130,,,,CURITIBA,,Domicílio particular,,-0,,1,2,82320030
410690205050147,Urbano,RUA PADRE NATAL PIGATO,308,,,,CURITIBA,,Estabelecimento de outras finalidades,KLEIN SERVGAS,Único,,1,2,82320030
410690205050147,Urbano,AVENIDA MANOEL RIBAS,6517,,,,CURITIBA,,Estabelecimento de outras finalidades,PIQUE ESCONDE MODA INFANTIL,Único,,2,1,82020000
410690205050147,Urbano,AVENIDA MANOEL RIBAS,6483,SOBRELOJA 1,,,CURITIBA,,Estabelecimento de saúde,CONSULTORIO ODONTOLOGICO,Único,,2,1,82020000
410690205050147,Urbano,AVENIDA MANOEL RIBAS,6483,SOBRELOJA 2,,,CURITIBA,,Estabelecimento de outras finalidades,DOMINUS LITIS ENGENHARIA,Único,,2,1,82020000
410690205050147,Urbano,AVENIDA MANOEL RIBAS,6505,,,,CURITIBA,,Estabelecimento de outras finalidades,SPAZIO CAPELLI CENTRO DI BELLEZZA,Único,,2,1,82020000
410690205050147,Urbano,AVENIDA MANOEL RIBAS,6355,SOBRADO,,,CURITIBA,,Domicílio particular,,-0,,2,1,82020000
410690205050147,Urbano,AVENIDA MANOEL RIBAS,6355,FUNDOS,,,CURITIBA,,Domicílio particular,,-0,,2,1,82020000
410690205050147,Urbano,AVENIDA MANOEL RIBAS,6261,TERREO LOJA 1,,,CURITIBA,,Estabelecimento de outras finalidades,PIAVE IMOVEIS,Único,,2,1,82020000
410690205050147,Urbano,AVENIDA MANOEL RIBAS,6261,TERREO LOJA 2,,,CURITIBA,,Estabelecimento de outras finalidades,RELOJOARIA SANTA FELICIDADE,Único,,2,1,82020000
410690205050147,Urbano,AVENIDA MANOEL RIBAS,6261,TERREO LOJA 3,,,CURITIBA,,Estabelecimento de outras finalidades,CABELO MAGICO,Único,,2,1,82020000
410690205050147,Urbano,AVENIDA MANOEL RIBAS,6261,TERREO LOJA 4,,,CURITIBA,,Estabelecimento de outras finalidades,MILLE MODAS,Único,,2,1,82020000
410690205050147,Urbano,AVENIDA MANOEL RIBAS,6261,TERREO LOJA 5,,,CURITIBA,,Estabelecimento de outras finalidades,LOTERICA SANTA FELICIDADE,Único,,2,1,82020000
410690205050147,Urbano,AVENIDA MANOEL RIBAS,6261,SOBRADO 1,,,CURITIBA,,Domicílio particular,,-0,,2,1,82020000
410690205050147,Urbano,AVENIDA MANOEL RIBAS,6403,CASA,,,CURITIBA,,Domicílio particular,,-0,,2,1,82020000
410690205050147,Urbano,AVENIDA VEREADOR TOALDO TULIO,254,COBERTURA APARTAMENTO 1,,,CURITIBA,,Domicílio particular,,-0,,2,2,82320010
410690205050147,Urbano,AVENIDA VEREADOR TOALDO TULIO,230,FUNDOS,,,CURITIBA,,Estabelecimento de outras finalidades,ESTUDIO SANTA FELICIDADE,Único,,2,2,82320010
410690205050147,Urbano,AVENIDA VEREADOR TOALDO TULIO,128,APARTAMENTO 12,,,CURITIBA,,Domicílio particular,,-0,,2,2,82320010
410690205050147,Urbano,AVENIDA VEREADOR TOALDO TULIO,128,APARTAMENTO 3,,,CURITIBA,,Domicílio particular,,-0,,2,2,82320010
410690205050147,Urbano,AVENIDA VEREADOR TOALDO TULIO,128,APARTAMENTO 2,,,CURITIBA,,Estabelecimento de outras finalidades,MASSAGISTA,Único,,2,2,82320010
410690205050147,Urbano,AVENIDA VEREADOR TOALDO TULIO,128,APARTAMENTO 5,,,CURITIBA,,Estabelecimento de outras finalidades,ESCRITORIO,Único,,2,2,82320010
410690205050147,Urbano,AVENIDA VEREADOR TOALDO TULIO,128,APARTAMENTO 4,,,CURITIBA,,Domicílio particular,,-0,,2,2,82320010
410690205050147,Urbano,AVENIDA VEREADOR TOALDO TULIO,118,APARTAMENTO 2,,,CURITIBA,,Domicílio particular,,-0,,2,2,82320010
410690205050147,Urbano,AVENIDA VEREADOR TOALDO TULIO,128,APARTAMENTO 14,,,CURITIBA,,Domicílio particular,,-0,,2,2,82320010
410690205050147,Urbano,AVENIDA VEREADOR TOALDO TULIO,128,APARTAMENTO 16,,,CURITIBA,,Domicílio particular,,-0,,2,2,82320010
410690205050147,Urbano,AVENIDA VEREADOR TOALDO TULIO,128,APARTAMENTO 17,,,CURITIBA,,Domicílio particular,,-0,,2,2,82320010
410690205050147,Urbano,AVENIDA VEREADOR TOALDO TULIO,118,APARTAMENTO 3,,,CURITIBA,,Domicílio particular,,-0,,2,2,82320010
410690205050147,Urbano,AVENIDA VEREADOR TOALDO TULIO,118,APARTAMENTO 5,,,CURITIBA,,Domicílio particular,,-0,,2,2,82320010
410690205050147,Urbano,AVENIDA VEREADOR TOALDO TULIO,118,APARTAMENTO 7,,,CURITIBA,,Domicílio particular,,-0,,2,2,82320010
410690205050147,Urbano,RUA PADRE NATAL PIGATO,129,COBERTURA,,,CURITIBA,,Domicílio particular,,-0,,2,3,82320030
410690205050147,Urbano,AVENIDA MANOEL RIBAS,6575,LOJA 4,,,CURITIBA,,Estabelecimento de outras finalidades,BETE CABELEIREIROS,Único,,1,1,82020000
410690205050147,Urbano,RUA PADRE NATAL PIGATO,116,CASA,,,CURITIBA,,Domicílio particular,,-0,,1,2,82320030
410690205050147,Urbano,RUA PADRE NATAL PIGATO,102,,,,CURITIBA,,Domicílio particular,,-0,,1,2,82320030
410690205050147,Urbano,RUA DOMINGOS STRAPASSON,101,,,,CURITIBA,,Estabelecimento de outras finalidades,CONTABILIDADE,Único,,1,4,82320040
410690205050147,Urbano,AVENIDA VEREADOR TOALDO TULIO,118,APARTAMENTO 4,,,CURITIBA,,Domicílio particular,,-0,,2,2,82320010
410690205050147,Urbano,AVENIDA VEREADOR TOALDO TULIO,118,APARTAMENTO 6,,,CURITIBA,,Domicílio particular,,-0,,2,2,82320010
410690205050147,Urbano,AVENIDA VEREADOR TOALDO TULIO,128,APARTAMENTO 15,,,CURITIBA,,Domicílio particular,,-0,,2,2,82320010
410690205050147,Urbano,AVENIDA VEREADOR TOALDO TULIO,128,APARTAMENTO 1,,,CURITIBA,,Domicílio particular,,-0,,2,2,82320010
410690205050147,Urbano,AVENIDA VEREADOR TOALDO TULIO,128,APARTAMENTO 13,,,CURITIBA,,Domicílio particular,,-0,,2,2,82320010
410690205050147,Urbano,AVENIDA VEREADOR TOALDO TULIO,128,APARTAMENTO 11,,,CURITIBA,,Domicílio particular,,-0,,2,2,82320010
410690205050147,Urbano,RUA PADRE NATAL PIGATO,82,CASA 3,,,CURITIBA,,Domicílio particular,,-0,,1,2,82320030
410690205050147,Urbano,RUA PADRE NATAL PIGATO,82,CASA 1,,,CURITIBA,,Estabelecimento de outras finalidades,LOJA VAGA,Único,,1,2,82320030
410690205050147,Urbano,RUA PADRE NATAL PIGATO,82,CASA 2,,,CURITIBA,,Domicílio particular,,-0,,1,2,82320030
410690205050147,Urbano,RUA PROFESSOR FRANCISCO ZARDO,88,,,,CURITIBA,,Domicílio particular,,-0,,4,1,82320000
410690205050147,Urbano,RUA LEVIR LUIZ TOALDO,120,,,,CURITIBA,,Domicílio particular,,-0,,4,3,82320090
410690205050147,Urbano,RUA PROFESSOR FRANCISCO ZARDO,133,CASA 1,,,CURITIBA,,Domicílio particular,,-0,,4,1,82320000
410690205050147,Urbano,RUA PROFESSOR FRANCISCO ZARDO,133,CASA 3,,,CURITIBA,,Domicílio particular,,-0,,4,1,82320000
410690205050147,Urbano,AVENIDA VEREADOR TOALDO TULIO,900,CASA 2,,,CURITIBA,,Domicílio particular,,-0,,6,11,82320010
410690205050147,Urbano,AVENIDA VEREADOR TOALDO TULIO,1042,LOJA,,,CURITIBA,,Estabelecimento de outras finalidades,BETINA DOCES,Único,,6,11,82320010
410690205050147,Urbano,AVENIDA VEREADOR TOALDO TULIO,1034,LOJA,,,CURITIBA,,Estabelecimento de outras finalidades,ELETRONICA IMAGEM SOM,Único,,6,11,82320010
410690205050147,Urbano,AVENIDA VEREADOR TOALDO TULIO,1030,LOJA 1023,,,CURITIBA,,Estabelecimento de outras finalidades,TROPICAL BEBIDAS,Único,,6,11,82320010
410690205050147,Urbano,AVENIDA VEREADOR TOALDO TULIO,1,CASA A,,,CURITIBA,,Domicílio particular,,-0,,6,11,82320010
410690205050147,Urbano,AVENIDA VEREADOR TOALDO TULIO,1,CASA B,,,CURITIBA,,Domicílio particular,,-0,,6,11,82320010
410690205050147,Urbano,RUA BORTOLO PAULIN,178,CASA 2,,,CURITIBA,,Domicílio particular,,-0,,10,2,82320120
410690205050147,Urbano,RUA BORTOLO PAULIN,258,FUNDOS,,,CURITIBA,,Domicílio particular,,-0,,10,2,82320120
410690205050147,Urbano,RUA BORTOLO PAULIN,407,CASA 2,,,CURITIBA,,Domicílio particular,,-0,,10,2,82320120
410690205050147,Urbano,RUA PROFESSOR FRANCISCO ZARDO,583,,,,CURITIBA,,Domicílio particular,,-0,,6,1,82320000
410690205050147,Urbano,RUA ANGELO VENDRAMIN,22,CASA 2,,,CURITIBA,,Domicílio particular,,-0,,7,2,82320050
410690205050147,Urbano,RUA PROFESSOR FRANCISCO ZARDO,255158,CASA 2,,,CURITIBA,,Domicílio particular,,-0,,7,3,82320000
410690205050147,Urbano,RUA PROFESSOR FRANCISCO ZARDO,239,,,,CURITIBA,,Domicílio particular,,-0,,7,3,82320000
410690205050147,Urbano,RUA PROFESSOR FRANCISCO ZARDO,272365,CASA FUNDOS,,,CURITIBA,,Domicílio particular,,-0,,7,3,82320000
410690205050147,Urbano,RUA PROFESSOR FRANCISCO ZARDO,225,CASA 2,,,CURITIBA,,Domicílio particular,,-0,,8,1,82320000
410690205050147,Urbano,RUA ACELINO GRANDE,399,CASA 1,,,CURITIBA,,Domicílio particular,,-0,,10,4,82320390
410690205050147,Urbano,RUA ACELINO GRANDE,399,CASA 2,,,CURITIBA,,Domicílio particular,,-0,,10,4,82320390
410690205050147,Urbano,RUA ACELINO GRANDE,399,CASA 3,,,CURITIBA,,Domicílio particular,,-0,,10,4,82320390
410690205050147,Urbano,RUA ACELINO GRANDE,218,,,,CURITIBA,,Domicílio particular,,-0,,10,4,82320390
410690205050147,Urbano,RUA ACELINO GRANDE,399,CASA 5,,,CURITIBA,,Domicílio particular,,-0,,10,4,82320390
410690205050147,Urbano,RUA ACELINO GRANDE,399,CASA 4,,,CURITIBA,,Domicílio particular,,-0,,10,4,82320390
410690205050147,Urbano,RUA ACELINO GRANDE,399,CASA 6,,,CURITIBA,,Domicílio particular,,-0,,10,4,82320390
410690205050147,Urbano,RUA ACELINO GRANDE,399,CASA 7,,,CURITIBA,,Domicílio particular,,-0,,10,4,82320390
410690205050147,Urbano,RUA ACELINO GRANDE,381,CASA 3,,,CURITIBA,,Domicílio particular,,-0,,10,4,82320390
410690205050147,Urbano,RUA PROFESSOR FRANCISCO ZARDO,1421,CASA 3,,,CURITIBA,,Domicílio particular,,-0,,10,1,82320000
410690205050147,Urbano,RUA PROFESSOR FRANCISCO ZARDO,1421,CASA 4,,,CURITIBA,,Domicílio particular,,-0,,10,1,82320000
410690205050147,Urbano,RUA SANTO TULIO,110,,,,CURITIBA,,Domicílio particular,,-0,,5,3,82320100
410690205050147,Urbano,RUA SANTO TULIO,429,CASA B,,,CURITIBA,,Domicílio particular,,-0,,6,7,82320100
410690205050147,Urbano,RUA INACIO SLOMPO,117,CASA 2,,,CURITIBA,,Domicílio particular,,-0,,5,4,82320070
410690205050147,Urbano,RUA LEVIR LUIZ TOALDO,152,CASA 2,,,CURITIBA,,Domicílio particular,,-0,,6,3,82320090
410690205050147,Urbano,RUA LEVIR LUIZ TOALDO,152,CASA 3,,,CURITIBA,,Domicílio particular,,-0,,6,3,82320090
410690205050147,Urbano,AVENIDA VEREADOR TOALDO TULIO,180,APARTAMENTO 1,,,CURITIBA,,Domicílio particular,,-0,,2,2,82320010
410690205050147,Urbano,AVENIDA VEREADOR TOALDO TULIO,158,APARTAMENTO 3,,,CURITIBA,,Domicílio particular,,-0,,2,2,82320010
410690205050147,Urbano,AVENIDA VEREADOR TOALDO TULIO,158,APARTAMENTO 4,,,CURITIBA,,Domicílio particular,,-0,,2,2,82320010
410690205050147,Urbano,AVENIDA VEREADOR TOALDO TULIO,290,,,,CURITIBA,,Estabelecimento de outras finalidades,IGREJA CRISTA BETEL,Único,,2,2,82320010
410690205050147,Urbano,RUA ANGELO VENDRAMIN,99,,,,CURITIBA,,Estabelecimento de outras finalidades,COMERCIO DE CEREAIS,Único,,3,4,82320050
410690205050147,Urbano,RUA ANGELO VENDRAMIN,130,,,,CURITIBA,,Domicílio particular,,-0,,7,2,82320050
410690205050147,Urbano,RUA PROFESSOR FRANCISCO ZARDO,483,SOBRADO 4,,,CURITIBA,,Domicílio particular,,-0,,6,1,82320000
410690205050147,Urbano,RUA PROFESSOR FRANCISCO ZARDO,483,SOBRADO 6,,,CURITIBA,,Domicílio particular,,-0,,6,1,82320000
410690205050147,Urbano,RUA PROFESSOR FRANCISCO ZARDO,483,SOBRADO 7,,,CURITIBA,,Domicílio particular,,-0,,6,1,82320000
410690205050147,Urbano,RUA PROFESSOR FRANCISCO ZARDO,483,SOBRADO 8,,,CURITIBA,,Domicílio particular,,-0,,6,1,82320000
410690205050147,Urbano,RUA PROFESSOR FRANCISCO ZARDO,483,SOBRADO 9,,,CURITIBA,,Domicílio particular,,-0,,6,1,82320000
410690205050147,Urbano,RUA PROFESSOR FRANCISCO ZARDO,1333,FUNDOS 1,,,CURITIBA,,Domicílio particular,,-0,,6,1,82320000
410690205050147,Urbano,RUA ACELINO GRANDE,403,CASA 3,,,CURITIBA,,Domicílio particular,,-0,,10,4,82320390
410690205050147,Urbano,RUA ACELINO GRANDE,332,CASA,,,CURITIBA,,Domicílio particular,,-0,,10,4,82320390
410690205050147,Urbano,RUA ACELINO GRANDE,50,SOBRELOJA,,,CURITIBA,,Domicílio particular,,-0,,10,4,82320390
410690205050147,Urbano,AVENIDA VEREADOR TOALDO TULIO,1524,,,,CURITIBA,,Estabelecimento de outras finalidades,LOJA DE CARROS,Único,,10,3,82320010
410690205050147,Urbano,AVENIDA VEREADOR TOALDO TULIO,1140,CASA 1,,,CURITIBA,,Domicílio particular,,-0,,10,3,82320010
410690205050147,Urbano,AVENIDA VEREADOR TOALDO TULIO,1140,CASA 2,,,CURITIBA,,Estabelecimento de outras finalidades,DEPOSITO DA CASA DE EMBALAGENS,Único,,10,3,82320010
410690205050147,Urbano,AVENIDA VEREADOR TOALDO TULIO,1150,FUNDOS,,,CURITIBA,,Edificação em construção,,-0,,10,3,82320010
410690205050147,Urbano,AVENIDA VEREADOR TOALDO TULIO,1360,LOJA,,,CURITIBA,,Estabelecimento de outras finalidades,LANCHONETE,Único,,10,3,82320010
410690205050147,Urbano,AVENIDA VEREADOR TOALDO TULIO,1400,APARTAMENTO 3,,,CURITIBA,,Domicílio particular,,-0,,10,3,82320010
410690205050147,Urbano,AVENIDA VEREADOR TOALDO TULIO,1400,APARTAMENTO 1,,,CURITIBA,,Domicílio particular,,-0,,10,3,82320010
410690205050147,Urbano,AVENIDA VEREADOR TOALDO TULIO,1400,APARTAMENTO 2,,,CURITIBA,,Domicílio particular,,-0,,10,3,82320010
410690205050147,Urbano,AVENIDA VEREADOR TOALDO TULIO,1062,LADO,,,CURITIBA,,Domicílio particular,,-0,,10,3,82320010
