Código da unidade geográfica,Situação do setor,Logradouro,Número no logradouro,Complemento,Latitude,Longitude,Localidade,Ponto de referência,Espécie de endereço,Tipo de estabelecimento,Indicador de endereço,Identificação domicílio coletivo,Número da quadra,Número da face,CEP
410690205050153,Urbano,AVENIDA MANOEL RIBAS,5133,,,,CURITIBA,,Domicílio particular,,-0,,1,1,82020000
410690205050153,Urbano,RUA JOAO AZOLIN,192,CASA FUNDOS 2,,,CURITIBA,,Domicílio particular,,-0,,2,3,82015040
410690205050153,Urbano,RUA CARLOS PARIZE,280,CASA,,,CURITIBA,,Domicílio particular,,-0,,2,1,82015070
410690205050153,Urbano,RUA CARLOS PARIZE,15,CASA,,,CURITIBA,,Domicílio particular,,-0,,2,1,82015070
410690205050153,Urbano,RUA JOAO AZOLIN,280,BARRACAO,,,CURITIBA,,Estabelecimento de outras finalidades,ESTOFARIA,Único,,2,3,82015040
410690205050153,Urbano,RUA JOAO AZOLIN,280,CASA,,,CURITIBA,,Domicílio particular,,-0,,2,3,82015040
410690205050153,Urbano,RUA CARLOS PARIZE,15,CASA,,,CURITIBA,,Domicílio particular,,-0,,2,1,82015070
410690205050153,Urbano,RUA JOAO AZOLIN,190,,,,CURITIBA,,Domicílio particular,,-0,,2,3,82015040
410690205050153,Urbano,RUA NICOLAU JOSE GRAVINA,1270,CASA 12,,,CURITIBA,,Domicílio particular,,-0,,1,6,82015020
410690205050153,Urbano,RUA NICOLAU JOSE GRAVINA,1270,CASA 14,,,CURITIBA,,Domicílio particular,,-0,,1,6,82015020
410690205050153,Urbano,RUA NICOLAU JOSE GRAVINA,1270,CASA 13,,,CURITIBA,,Domicílio particular,,-0,,1,6,82015020
410690205050153,Urbano,RUA NICOLAU JOSE GRAVINA,1500,CASA 9,,,CURITIBA,,Domicílio particular,,-0,,1,6,82015020
410690205050153,Urbano,RUA NICOLAU JOSE GRAVINA,2024,CASA 3,,,CURITIBA,,Domicílio particular,,-0,,1,6,82015020
410690205050153,Urbano,RUA NICOLAU JOSE GRAVINA,2024,CASA 2,,,CURITIBA,,Domicílio particular,,-0,,1,6,82015020
410690205050153,Urbano,RUA NICOLAU JOSE GRAVINA,2002,,,,CURITIBA,,Domicílio particular,,-0,,1,6,82015020
410690205050153,Urbano,RUA NICOLAU JOSE GRAVINA,1404,CASA A,,,CURITIBA,,Domicílio particular,,-0,,1,6,82015020
410690205050153,Urbano,RUA JOANNA COSTA,11,,,,CURITIBA,,Estabelecimento de outras finalidades,ATELIE ARTEZANATOS,Único,,1,4,82010040
410690205050153,Urbano,RUA JOANNA COSTA,11,,,,CURITIBA,,Domicílio particular,,-0,,1,4,82010040
410690205050153,Urbano,AVENIDA MANOEL RIBAS,4237,,,,CURITIBA,,Domicílio particular,,-0,,1,1,82020000
410690205050153,Urbano,RUA NICOLAU JOSE GRAVINA,1554,CASA 4,,,CURITIBA,,Domicílio particular,,-0,,1,6,82015020
410690205050153,Urbano,RUA NICOLAU JOSE GRAVINA,1500,CASA 6,,,CURITIBA,,Domicílio particular,,-0,,1,6,82015020
410690205050153,Urbano,RUA JOANNA COSTA,6,CASA B,,,CURITIBA,,Domicílio particular,,-0,,1,3,82010040
410690205050153,Urbano,RUA JOANNA COSTA,8,,,,CURITIBA,,Domicílio particular,,-0,,1,3,82010040
410690205050153,Urbano,RUA JOANNA COSTA,6,,,,CURITIBA,,Domicílio particular,,-0,,1,3,82010040
410690205050153,Urbano,AVENIDA MANOEL RIBAS,4457,,,,CURITIBA,,Domicílio particular,,-0,,1,1,82020000
410690205050153,Urbano,AVENIDA MANOEL RIBAS,4661,CASA 3,,,CURITIBA,,Domicílio particular,,-0,,1,1,82020000
410690205050153,Urbano,AVENIDA MANOEL RIBAS,5129,CASA 3,,,CURITIBA,,Domicílio particular,,-0,,1,1,82020000
410690205050153,Urbano,AVENIDA MANOEL RIBAS,5129,CASA 2,,,CURITIBA,,Domicílio particular,,-0,,1,1,82020000
410690205050153,Urbano,RUA NICOLAU JOSE GRAVINA,1,,,,CURITIBA,,Domicílio particular,,-0,,1,6,82015020
410690205050153,Urbano,RUA NICOLAU JOSE GRAVINA,3,,,,CURITIBA,,Domicílio particular,,-0,,1,6,82015020
410690205050153,Urbano,RUA NICOLAU JOSE GRAVINA,5,,,,CURITIBA,,Domicílio particular,,-0,,1,6,82015020
410690205050153,Urbano,RUA NICOLAU JOSE GRAVINA,9,,,,CURITIBA,,Domicílio particular,,-0,,1,6,82015020
410690205050153,Urbano,RUA NICOLAU JOSE GRAVINA,1948,,,,CURITIBA,,Estabelecimento de outras finalidades,NADO LIVRE NATACAO E FITNESS,Único,,1,6,82015020
410690205050153,Urbano,RUA JOAO AZOLIN,348,BARRACAO LOJA 1,,,CURITIBA,,Estabelecimento de outras finalidades,BARRACAO MAT CONSTRUCAO,Único,,2,3,82015040
410690205050153,Urbano,RUA JOAO AZOLIN,348,BARRACAO LOJA 2,,,CURITIBA,,Estabelecimento de outras finalidades,BARRACAO MAT CONSTRUCAO,Único,,2,3,82015040
410690205050153,Urbano,RUA JOAO AZOLIN,348,BARRACAO LOJA 3,,,CURITIBA,,Estabelecimento de outras finalidades,BARRACAO MAT CONSTRUCAO,Único,,2,3,82015040
410690205050153,Urbano,RUA JOAO AZOLIN,348,BARRACAO LOJA 4,,,CURITIBA,,Estabelecimento de outras finalidades,BARRACAO MAT DE CONSTRUCAO,Único,,2,3,82015040
410690205050153,Urbano,RUA JOAO AZOLIN,348,BARRACAO LOJA 5,,,CURITIBA,,Estabelecimento de outras finalidades,BARRACAO DE MATERIAIS DE CONSTRUCAO,Único,,2,3,82015040
410690205050153,Urbano,RUA JOAO AZOLIN,424,,,,CURITIBA,,Domicílio particular,,-0,,2,3,82015040
410690205050153,Urbano,RUA JOAO AZOLIN,SN,PORTAO,,,CURITIBA,,Edificação em construção,,-0,,2,3,82015040
410690205050153,Urbano,RUA JOAO AZOLIN,270,CASA 1,,,CURITIBA,,Domicílio particular,,-0,,2,3,82015040
410690205050153,Urbano,RUA JOAO AZOLIN,270,CASA 2,,,CURITIBA,,Domicílio particular,,-0,,2,3,82015040
410690205050153,Urbano,RUA JOAO AZOLIN,270,CASA 3,,,CURITIBA,,Domicílio particular,,-0,,2,3,82015040
410690205050153,Urbano,RUA JOAO AZOLIN,270,CASA 4,,,CURITIBA,,Domicílio particular,,-0,,2,3,82015040
410690205050153,Urbano,RUA JOAO AZOLIN,244,,,,CURITIBA,,Domicílio particular,,-0,,2,3,82015040
410690205050153,Urbano,RUA JOAO AZOLIN,SN,SOBRADO,,,CURITIBA,,Edificação em construção,,-0,,2,3,82015040
410690205050153,Urbano,RUA JOAO AZOLIN,196,,,,CURITIBA,,Domicílio particular,,-0,,2,3,82015040
410690205050153,Urbano,RUA JOAO AZOLIN,172,,,,CURITIBA,,Domicílio particular,,-0,,2,3,82015040
410690205050153,Urbano,RUA JOAO AZOLIN,150,CASA 1,,,CURITIBA,,Domicílio particular,,-0,,2,3,82015040
410690205050153,Urbano,RUA JOAO AZOLIN,150,CASA 2,,,CURITIBA,,Domicílio particular,,-0,,2,3,82015040
410690205050153,Urbano,RUA JOAO AZOLIN,150,CASA 3,,,CURITIBA,,Domicílio particular,,-0,,2,3,82015040
410690205050153,Urbano,RUA JOAO AZOLIN,150,CASA 4,,,CURITIBA,,Domicílio particular,,-0,,2,3,82015040
410690205050153,Urbano,RUA JOAO AZOLIN,150,CASA 5,,,CURITIBA,,Domicílio particular,,-0,,2,3,82015040
410690205050153,Urbano,RUA JOAO AZOLIN,150,CASA 6,,,CURITIBA,,Domicílio particular,,-0,,2,3,82015040
410690205050153,Urbano,RUA JOAO AZOLIN,150,CASA 7,,,CURITIBA,,Domicílio particular,,-0,,2,3,82015040
410690205050153,Urbano,RUA JOAO AZOLIN,150,CASA 8,,,CURITIBA,,Domicílio particular,,-0,,2,3,82015040
410690205050153,Urbano,RUA JOAO AZOLIN,150,CASA 9,,,CURITIBA,,Domicílio particular,,-0,,2,3,82015040
410690205050153,Urbano,RUA JOAO AZOLIN,192,CASA c FUNDOS,,,CURITIBA,,Domicílio particular,,-0,,2,3,82015040
410690205050153,Urbano,RUA JOAO AZOLIN,192,CASA c FRENTE,,,CURITIBA,,Domicílio particular,,-0,,2,3,82015040
410690205050153,Urbano,RUA JOAO AZOLIN,SN,CASA,,,CURITIBA,,Edificação em construção,,-0,,2,3,82015040
410690205050153,Urbano,RUA ANGELO TREVISAN,494,,,,CURITIBA,,Domicílio particular,,-0,,1,5,82010030
410690205050153,Urbano,RUA ANGELO TREVISAN,715,,,,CURITIBA,,Domicílio particular,,-0,,1,5,82010030
410690205050153,Urbano,RUA ANGELO TREVISAN,634,,,,CURITIBA,,Domicílio particular,,-0,,1,5,82010030
410690205050153,Urbano,RUA ANGELO TREVISAN,632,,,,CURITIBA,,Domicílio particular,,-0,,1,5,82010030
410690205050153,Urbano,RUA ANGELO TREVISAN,410,,,,CURITIBA,,Domicílio particular,,-0,,1,5,82010030
410690205050153,Urbano,RUA ANGELO TREVISAN,390,,,,CURITIBA,,Domicílio particular,,-0,,1,5,82010030
410690205050153,Urbano,RUA JOANNA COSTA,95,CASA 1,,,CURITIBA,,Domicílio particular,,-0,,1,4,82010040
410690205050153,Urbano,RUA JOANNA COSTA,95,CASA 2,,,CURITIBA,,Edificação em construção,,-0,,1,4,82010040
410690205050153,Urbano,RUA JOANNA COSTA,95,CASA 3,,,CURITIBA,,Edificação em construção,,-0,,1,4,82010040
410690205050153,Urbano,RUA JOANNA COSTA,95,CASA 4,,,CURITIBA,,Domicílio particular,,-0,,1,4,82010040
410690205050153,Urbano,RUA JOANNA COSTA,95,CASA 5,,,CURITIBA,,Domicílio particular,,-0,,1,4,82010040
410690205050153,Urbano,RUA JOANNA COSTA,95,CASA 6,,,CURITIBA,,Domicílio particular,,-0,,1,4,82010040
410690205050153,Urbano,RUA JOANNA COSTA,95,CASA 7,,,CURITIBA,,Domicílio particular,,-0,,1,4,82010040
410690205050153,Urbano,RUA JOANNA COSTA,95,CASA 8,,,CURITIBA,,Domicílio particular,,-0,,1,4,82010040
410690205050153,Urbano,RUA JOANNA COSTA,95,CASA 9,,,CURITIBA,,Domicílio particular,,-0,,1,4,82010040
410690205050153,Urbano,RUA JOANNA COSTA,95,CASA 10,,,CURITIBA,,Domicílio particular,,-0,,1,4,82010040
410690205050153,Urbano,RUA JOANNA COSTA,155,CASA 1,,,CURITIBA,,Domicílio particular,,-0,,1,4,82010040
410690205050153,Urbano,RUA JOANNA COSTA,155,CASA 2,,,CURITIBA,,Domicílio particular,,-0,,1,4,82010040
410690205050153,Urbano,RUA JOANNA COSTA,155,CASA 3,,,CURITIBA,,Domicílio particular,,-0,,1,4,82010040
410690205050153,Urbano,RUA JOANNA COSTA,155,CASA 4,,,CURITIBA,,Domicílio particular,,-0,,1,4,82010040
410690205050153,Urbano,RUA JOANNA COSTA,155,CASA 5,,,CURITIBA,,Domicílio particular,,-0,,1,4,82010040
410690205050153,Urbano,RUA JOANNA COSTA,155,CASA 6,,,CURITIBA,,Domicílio particular,,-0,,1,4,82010040
410690205050153,Urbano,RUA JOANNA COSTA,155,CASA 7,,,CURITIBA,,Domicílio particular,,-0,,1,4,82010040
410690205050153,Urbano,RUA JOANNA COSTA,13,,,,CURITIBA,,Domicílio particular,,-0,,1,4,82010040
410690205050153,Urbano,RUA JOANNA COSTA,4535,CASA 1,,,CURITIBA,,Domicílio particular,,-0,,1,4,82010040
410690205050153,Urbano,RUA JOANNA COSTA,4535,CASA 2,,,CURITIBA,,Domicílio particular,,-0,,1,4,82010040
410690205050153,Urbano,RUA JOANNA COSTA,4535,CASA 4,,,CURITIBA,,Domicílio particular,,-0,,1,4,82010040
410690205050153,Urbano,RUA JOANNA COSTA,4535,CASA 5,,,CURITIBA,,Domicílio particular,,-0,,1,4,82010040
410690205050153,Urbano,RUA JOANNA COSTA,4583,,,,CURITIBA,,Domicílio particular,,-0,,1,4,82010040
410690205050153,Urbano,RUA JOANNA COSTA,4583,CASA 3,,,CURITIBA,,Domicílio particular,,-0,,1,4,82010040
410690205050153,Urbano,RUA JOANNA COSTA,5,,,,CURITIBA,,Domicílio particular,,-0,,1,4,82010040
410690205050153,Urbano,RUA JOANNA COSTA,7,,,,CURITIBA,,Domicílio particular,,-0,,1,4,82010040
410690205050153,Urbano,RUA JOANNA COSTA,9,SOBRADO,,,CURITIBA,,Domicílio particular,,-0,,1,4,82010040
410690205050153,Urbano,RUA JOANNA COSTA,9,SOBRADO b,,,CURITIBA,,Domicílio particular,,-0,,1,4,82010040
410690205050153,Urbano,RUA JOANNA COSTA,9,SOBRADO c,,,CURITIBA,,Domicílio particular,,-0,,1,4,82010040
410690205050153,Urbano,RUA JOANNA COSTA,12,,,,CURITIBA,,Domicílio particular,,-0,,1,3,82010040
410690205050153,Urbano,RUA JOANNA COSTA,10,,,,CURITIBA,,Domicílio particular,,-0,,1,3,82010040
410690205050153,Urbano,RUA JOANNA COSTA,6,,,,CURITIBA,,Domicílio particular,,-0,,1,3,82010040
410690205050153,Urbano,RUA JOANNA COSTA,SN,CASA 1,,,CURITIBA,,Domicílio particular,,-0,,1,3,82010040
410690205050153,Urbano,RUA JOANNA COSTA,SN,CASA,,,CURITIBA,,Domicílio particular,,-0,,1,3,82010040
410690205050153,Urbano,RUA JOANNA COSTA,140,CASA 1,,,CURITIBA,,Domicílio particular,,-0,,1,3,82010040
410690205050153,Urbano,RUA JOANNA COSTA,140,CASA 2,,,CURITIBA,,Domicílio particular,,-0,,1,3,82010040
410690205050153,Urbano,RUA JOANNA COSTA,140,CASA 3,,,CURITIBA,,Domicílio particular,,-0,,1,3,82010040
410690205050153,Urbano,RUA JOANNA COSTA,140,CASA 4,,,CURITIBA,,Domicílio particular,,-0,,1,3,82010040
410690205050153,Urbano,RUA JOANNA COSTA,140,CASA 5,,,CURITIBA,,Domicílio particular,,-0,,1,3,82010040
410690205050153,Urbano,RUA JOANNA COSTA,140,CASA 6,,,CURITIBA,,Domicílio particular,,-0,,1,3,82010040
410690205050153,Urbano,RUA JOANNA COSTA,10,,,,CURITIBA,,Domicílio particular,,-0,,1,3,82010040
410690205050153,Urbano,RUA ANGELO TREVISAN,260,CONJUNTO CASA 1,,,CURITIBA,,Domicílio particular,,-0,,1,2,82010030
410690205050153,Urbano,RUA ANGELO TREVISAN,260,CONJUNTO CASA 2,,,CURITIBA,,Domicílio particular,,-0,,1,2,82010030
410690205050153,Urbano,RUA ANGELO TREVISAN,260,CONJUNTO CASA 3,,,CURITIBA,,Domicílio particular,,-0,,1,2,82010030
410690205050153,Urbano,RUA ANGELO TREVISAN,260,CONJUNTO CASA 4,,,CURITIBA,,Domicílio particular,,-0,,1,2,82010030
410690205050153,Urbano,RUA ANGELO TREVISAN,260,CONJUNTO CASA 5,,,CURITIBA,,Domicílio particular,,-0,,1,2,82010030
410690205050153,Urbano,RUA ANGELO TREVISAN,260,CONJUNTO CASA 6,,,CURITIBA,,Domicílio particular,,-0,,1,2,82010030
410690205050153,Urbano,RUA ANGELO TREVISAN,260,CONJUNTO CASA 7,,,CURITIBA,,Domicílio particular,,-0,,1,2,82010030
410690205050153,Urbano,RUA ANGELO TREVISAN,260,CONJUNTO CASA 8,,,CURITIBA,,Domicílio particular,,-0,,1,2,82010030
410690205050153,Urbano,RUA ANGELO TREVISAN,180,,,,CURITIBA,,Estabelecimento de ensino,ESCOLA ESTADUAL ANGELO TREISAN,Único,,1,2,82010030
410690205050153,Urbano,RUA ANGELO TREVISAN,SN,CASA,,,CURITIBA,,Estabelecimento de outras finalidades,FABRICA DE CAMISETAS,Único,,1,2,82010030
410690205050153,Urbano,RUA ANGELO TREVISAN,23,,,,CURITIBA,,Domicílio particular,,-0,,1,2,82010030
410690205050153,Urbano,RUA ANGELO TREVISAN,21,,,,CURITIBA,,Domicílio particular,,-0,,1,2,82010030
410690205050153,Urbano,RUA ANGELO TREVISAN,38,,,,CURITIBA,,Domicílio particular,,-0,,1,2,82010030
410690205050153,Urbano,AVENIDA MANOEL RIBAS,4227,,,,CURITIBA,,Estabelecimento de outras finalidades,MOVEIS CLAFENA,Múltiplo,,1,1,82020000
410690205050153,Urbano,AVENIDA MANOEL RIBAS,4237,,,,CURITIBA,,Estabelecimento de outras finalidades,MOVEIS E DECORACAO IDEATO,Único,,1,1,82020000
410690205050153,Urbano,AVENIDA MANOEL RIBAS,4289,,,,CURITIBA,,Estabelecimento de outras finalidades,RESTAURANTE CASTELO TREVIZZO,Único,,1,1,82020000
410690205050153,Urbano,AVENIDA MANOEL RIBAS,4455,,,,CURITIBA,,Estabelecimento de outras finalidades,RESTAURANTE CASCATINHA,Único,,1,1,82020000
410690205050153,Urbano,AVENIDA MANOEL RIBAS,4661,CASA 1,,,CURITIBA,,Domicílio particular,,-0,,1,1,82020000
410690205050153,Urbano,AVENIDA MANOEL RIBAS,4661,CASA 2,,,CURITIBA,,Domicílio particular,,-0,,1,1,82020000
410690205050153,Urbano,AVENIDA MANOEL RIBAS,SN,CASA,,,CURITIBA,,Domicílio particular,,-0,,1,1,82020000
410690205050153,Urbano,AVENIDA MANOEL RIBAS,4721,,,,CURITIBA,,Estabelecimento de outras finalidades,LOJA DE MOVEIS FAMO ART,Único,,1,1,82020000
410690205050153,Urbano,AVENIDA MANOEL RIBAS,4751,,,,CURITIBA,,Domicílio particular,,-0,,1,1,82020000
410690205050153,Urbano,AVENIDA MANOEL RIBAS,4755,,,,CURITIBA,,Domicílio particular,,-0,,1,1,82020000
410690205050153,Urbano,AVENIDA MANOEL RIBAS,4761,,,,CURITIBA,,Domicílio particular,,-0,,1,1,82020000
410690205050153,Urbano,AVENIDA MANOEL RIBAS,5127,,,,CURITIBA,,Estabelecimento de outras finalidades,RESTAURANTE PETT CHATEAN,Único,,1,1,82020000
410690205050153,Urbano,AVENIDA MANOEL RIBAS,5129,,,,CURITIBA,,Domicílio particular,,-0,,1,1,82020000
410690205050153,Urbano,AVENIDA MANOEL RIBAS,5131,,,,CURITIBA,,Domicílio particular,,-0,,1,1,82020000
410690205050153,Urbano,RUA JOAO AZOLIN,90,,,,CURITIBA,,Domicílio particular,,-0,,2,3,82015040
410690205050153,Urbano,RUA JOAO AZOLIN,72,,,,CURITIBA,,Domicílio particular,,-0,,2,3,82015040
410690205050153,Urbano,RUA JOAO AZOLIN,50,,,,CURITIBA,,Domicílio particular,,-0,,2,3,82015040
410690205050153,Urbano,RUA NICOLAU JOSE GRAVINA,1917,,,,CURITIBA,,Estabelecimento de outras finalidades,DEPOSITO,Único,,2,2,82015015
410690205050153,Urbano,RUA NICOLAU JOSE GRAVINA,1957,,,,CURITIBA,,Domicílio particular,,-0,,2,2,82015015
410690205050153,Urbano,RUA NICOLAU JOSE GRAVINA,1975,,,,CURITIBA,,Domicílio particular,,-0,,2,2,82015015
410690205050153,Urbano,RUA NICOLAU JOSE GRAVINA,SN,,,,CURITIBA,,Estabelecimento de outras finalidades,BAR DO JORGE,Único,,2,2,82015015
410690205050153,Urbano,RUA NICOLAU JOSE GRAVINA,SN,,,,CURITIBA,,Domicílio particular,,-0,,2,2,82015015
410690205050153,Urbano,RUA CARLOS PARIZE,27,,,,CURITIBA,,Domicílio particular,,-0,,2,1,82015070
410690205050153,Urbano,RUA NICOLAU JOSE GRAVINA,45,,,,CURITIBA,,Domicílio particular,,-0,,1,6,82015020
410690205050153,Urbano,RUA NICOLAU JOSE GRAVINA,47,,,,CURITIBA,,Domicílio particular,,-0,,1,6,82015020
410690205050153,Urbano,RUA NICOLAU JOSE GRAVINA,1874,,,,CURITIBA,,Edificação em construção,,-0,,1,6,82015020
410690205050153,Urbano,RUA NICOLAU JOSE GRAVINA,49,,,,CURITIBA,,Domicílio particular,,-0,,1,6,82015020
410690205050153,Urbano,RUA NICOLAU JOSE GRAVINA,50,,,,CURITIBA,,Domicílio particular,,-0,,1,6,82015020
410690205050153,Urbano,RUA NICOLAU JOSE GRAVINA,1830,,,,CURITIBA,,Domicílio particular,,-0,,1,6,82015020
410690205050153,Urbano,RUA NICOLAU JOSE GRAVINA,1818,,,,CURITIBA,,Domicílio particular,,-0,,1,6,82015020
410690205050153,Urbano,RUA NICOLAU JOSE GRAVINA,1670,CASA 1,,,CURITIBA,,Domicílio particular,,-0,,1,6,82015020
410690205050153,Urbano,RUA NICOLAU JOSE GRAVINA,1670,CASA 2,,,CURITIBA,,Domicílio particular,,-0,,1,6,82015020
410690205050153,Urbano,RUA NICOLAU JOSE GRAVINA,1670,CASA 3,,,CURITIBA,,Domicílio particular,,-0,,1,6,82015020
410690205050153,Urbano,RUA NICOLAU JOSE GRAVINA,1670,CASA 4,,,CURITIBA,,Edificação em construção,,-0,,1,6,82015020
410690205050153,Urbano,RUA NICOLAU JOSE GRAVINA,1670,CASA 5,,,CURITIBA,,Domicílio particular,,-0,,1,6,82015020
410690205050153,Urbano,RUA NICOLAU JOSE GRAVINA,1670,CASA 6,,,CURITIBA,,Domicílio particular,,-0,,1,6,82015020
410690205050153,Urbano,RUA NICOLAU JOSE GRAVINA,1670,CASA 7,,,CURITIBA,,Domicílio particular,,-0,,1,6,82015020
410690205050153,Urbano,RUA NICOLAU JOSE GRAVINA,1670,CASA 8,,,CURITIBA,,Domicílio particular,,-0,,1,6,82015020
410690205050153,Urbano,RUA NICOLAU JOSE GRAVINA,1670,CASA 9,,,CURITIBA,,Domicílio particular,,-0,,1,6,82015020
410690205050153,Urbano,RUA NICOLAU JOSE GRAVINA,1554,CASA c3,,,CURITIBA,,Domicílio particular,,-0,,1,6,82015020
410690205050153,Urbano,RUA NICOLAU JOSE GRAVINA,1554,CASA 1,,,CURITIBA,,Domicílio particular,,-0,,1,6,82015020
410690205050153,Urbano,RUA NICOLAU JOSE GRAVINA,1554,CASA 2,,,CURITIBA,,Domicílio particular,,-0,,1,6,82015020
410690205050153,Urbano,RUA NICOLAU JOSE GRAVINA,1554,,,,CURITIBA,,Domicílio particular,,-0,,1,6,82015020
410690205050153,Urbano,RUA NICOLAU JOSE GRAVINA,1554,,,,CURITIBA,,Edificação em construção,,-0,,1,6,82015020
410690205050153,Urbano,RUA NICOLAU JOSE GRAVINA,1500,CONJUNTO SOBRADO 1,,,CURITIBA,,Domicílio particular,,-0,,1,6,82015020
410690205050153,Urbano,RUA NICOLAU JOSE GRAVINA,1500,CONJUNTO SOBRADO 2,,,CURITIBA,,Domicílio particular,,-0,,1,6,82015020
410690205050153,Urbano,RUA NICOLAU JOSE GRAVINA,1500,CONJUNTO SOBRADO 3,,,CURITIBA,,Domicílio particular,,-0,,1,6,82015020
410690205050153,Urbano,RUA NICOLAU JOSE GRAVINA,1500,CONJUNTO SOBRADO 4,,,CURITIBA,,Domicílio particular,,-0,,1,6,82015020
410690205050153,Urbano,RUA NICOLAU JOSE GRAVINA,1500,CONJUNTO SOBRADO 5,,,CURITIBA,,Domicílio particular,,-0,,1,6,82015020
410690205050153,Urbano,RUA NICOLAU JOSE GRAVINA,1500,CONJUNTO SOBRADO 7,,,CURITIBA,,Domicílio particular,,-0,,1,6,82015020
410690205050153,Urbano,RUA NICOLAU JOSE GRAVINA,1500,CONJUNTO SOBRADO 8,,,CURITIBA,,Domicílio particular,,-0,,1,6,82015020
410690205050153,Urbano,RUA NICOLAU JOSE GRAVINA,1500,CONJUNTO SOBRADO 10,,,CURITIBA,,Domicílio particular,,-0,,1,6,82015020
410690205050153,Urbano,RUA NICOLAU JOSE GRAVINA,1500,CONJUNTO SOBRADO 11,,,CURITIBA,,Domicílio particular,,-0,,1,6,82015020
410690205050153,Urbano,RUA NICOLAU JOSE GRAVINA,1500,CONJUNTO SOBRADO 12,,,CURITIBA,,Domicílio particular,,-0,,1,6,82015020
410690205050153,Urbano,RUA NICOLAU JOSE GRAVINA,1500,CONJUNTO SOBRADO 13,,,CURITIBA,,Domicílio particular,,-0,,1,6,82015020
410690205050153,Urbano,RUA NICOLAU JOSE GRAVINA,1440,CASA 1,,,CURITIBA,,Estabelecimento de outras finalidades,MARCENARIA,Único,,1,6,82015020
410690205050153,Urbano,RUA NICOLAU JOSE GRAVINA,1440,CASA 1,,,CURITIBA,,Domicílio particular,,-0,,1,6,82015020
410690205050153,Urbano,RUA NICOLAU JOSE GRAVINA,1440,CASA 2,,,CURITIBA,,Domicílio particular,,-0,,1,6,82015020
410690205050153,Urbano,RUA NICOLAU JOSE GRAVINA,1440,CASA 3,,,CURITIBA,,Estabelecimento de outras finalidades,SHOPPING DAS CESTAS,Único,,1,6,82015020
410690205050153,Urbano,RUA NICOLAU JOSE GRAVINA,4545,,,,CURITIBA,,Domicílio particular,,-0,,1,6,82015020
410690205050153,Urbano,RUA NICOLAU JOSE GRAVINA,115,,,,CURITIBA,,Domicílio particular,,-0,,1,6,82015020
410690205050153,Urbano,RUA NICOLAU JOSE GRAVINA,105,,,,CURITIBA,,Domicílio particular,,-0,,1,6,82015020
410690205050153,Urbano,RUA NICOLAU JOSE GRAVINA,1270,CASA 1,,,CURITIBA,,Domicílio particular,,-0,,1,6,82015020
410690205050153,Urbano,RUA NICOLAU JOSE GRAVINA,1270,CASA 2,,,CURITIBA,,Domicílio particular,,-0,,1,6,82015020
410690205050153,Urbano,RUA NICOLAU JOSE GRAVINA,1270,CASA 3,,,CURITIBA,,Domicílio particular,,-0,,1,6,82015020
410690205050153,Urbano,RUA NICOLAU JOSE GRAVINA,1270,CASA 7,,,CURITIBA,,Domicílio particular,,-0,,1,6,82015020
410690205050153,Urbano,RUA NICOLAU JOSE GRAVINA,1270,CASA 8,,,CURITIBA,,Domicílio particular,,-0,,1,6,82015020
410690205050153,Urbano,RUA NICOLAU JOSE GRAVINA,1270,CASA 9,,,CURITIBA,,Domicílio particular,,-0,,1,6,82015020
410690205050153,Urbano,RUA NICOLAU JOSE GRAVINA,1270,CASA 10,,,CURITIBA,,Domicílio particular,,-0,,1,6,82015020
410690205050153,Urbano,RUA NICOLAU JOSE GRAVINA,1270,CASA 11,,,CURITIBA,,Domicílio particular,,-0,,1,6,82015020
410690205050153,Urbano,RUA NICOLAU JOSE GRAVINA,77,,,,CURITIBA,,Domicílio particular,,-0,,1,6,82015020
410690205050153,Urbano,RUA NICOLAU JOSE GRAVINA,79,FRENTE FUNDOS,,,CURITIBA,,Domicílio particular,,-0,,1,6,82015020
410690205050153,Urbano,RUA NICOLAU JOSE GRAVINA,107,,,,CURITIBA,,Domicílio particular,,-0,,1,6,82015020
410690205050153,Urbano,RUA NICOLAU JOSE GRAVINA,1140,,,,CURITIBA,,Domicílio particular,,-0,,1,6,82015020
410690205050153,Urbano,RUA ANGELO TREVISAN,95,,,,CURITIBA,,Domicílio particular,,-0,,1,5,82010030
410690205050153,Urbano,RUA ANGELO TREVISAN,81,,,,CURITIBA,,Domicílio particular,,-0,,1,5,82010030
410690205050153,Urbano,RUA ANGELO TREVISAN,530,CASA 1,,,CURITIBA,,Domicílio particular,,-0,,1,5,82010030
410690205050153,Urbano,RUA ANGELO TREVISAN,530,CASA 2,,,CURITIBA,,Domicílio particular,,-0,,1,5,82010030
410690205050153,Urbano,RUA ANGELO TREVISAN,530,CASA 3,,,CURITIBA,,Domicílio particular,,-0,,1,5,82010030
410690205050153,Urbano,RUA ANGELO TREVISAN,530,CASA 4,,,CURITIBA,,Domicílio particular,,-0,,1,5,82010030
410690205050153,Urbano,RUA ANGELO TREVISAN,530,CASA 5,,,CURITIBA,,Domicílio particular,,-0,,1,5,82010030
410690205050153,Urbano,RUA ANGELO TREVISAN,530,CASA 7,,,CURITIBA,,Domicílio particular,,-0,,1,5,82010030
410690205050153,Urbano,RUA ANGELO TREVISAN,530,CASA 8,,,CURITIBA,,Domicílio particular,,-0,,1,5,82010030
410690205050153,Urbano,RUA ANGELO TREVISAN,494,,,,CURITIBA,,Estabelecimento de outras finalidades,FABRICA DE INJECAO PLASTICA,Único,,1,5,82010030
