Código da unidade geográfica,Situação do setor,Logradouro,Número no logradouro,Complemento,Latitude,Longitude,Localidade,Ponto de referência,Espécie de endereço,Tipo de estabelecimento,Indicador de endereço,Identificação domicílio coletivo,Número da quadra,Número da face,CEP
410690205050170,Urbano,RUA RAQUEL CORAYOLA BAJESKI,374,SOBRADO B,,,SANTA FELICIDADE,,Edificação em construção,,-0,,18,4,82410312
410690205050170,Urbano,RUA RAQUEL CORAYOLA BAJESKI,408,SOBRADO A,,,SANTA FELICIDADE,,Domicílio particular,,-0,,18,4,82410312
410690205050170,Urbano,RUA RAQUEL CORAYOLA BAJESKI,408,SOBRADO B,,,SANTA FELICIDADE,,Domicílio particular,,-0,,18,4,82410312
410690205050170,Urbano,RUA RAQUEL CORAYOLA BAJESKI,408,SOBRADO,,,SANTA FELICIDADE,,Edificação em construção,,-0,,18,4,82410312
410690205050170,Urbano,RUA RAQUEL CORAYOLA BAJESKI,466,SOBRADO A,,,SANTA FELICIDADE,,Domicílio particular,,-0,,18,4,82410312
410690205050170,Urbano,RUA RAQUEL CORAYOLA BAJESKI,466,SOBRADO B,,,SANTA FELICIDADE,,Domicílio particular,,-0,,18,4,82410312
410690205050170,Urbano,RUA RAQUEL CORAYOLA BAJESKI,466,SOBRADO C,,,SANTA FELICIDADE,,Domicílio particular,,-0,,18,4,82410312
410690205050170,Urbano,RUA PADRE COLBACCHINI,511,,,,SANTA FELICIDADE,,Edificação em construção,,-0,,19,2,82410310
410690205050170,Urbano,RUA PADRE COLBACCHINI,467,SOBRADO 04,,,SANTA FELICIDADE,,Domicílio particular,,-0,,19,2,82410310
410690205050170,Urbano,RUA PADRE COLBACCHINI,467,SOBRADO 03,,,SANTA FELICIDADE,,Domicílio particular,,-0,,19,2,82410310
410690205050170,Urbano,RUA PADRE COLBACCHINI,467,SOBRADO 02,,,SANTA FELICIDADE,,Domicílio particular,,-0,,19,2,82410310
410690205050170,Urbano,RUA PADRE COLBACCHINI,467,SOBRADO 01,,,SANTA FELICIDADE,,Domicílio particular,,-0,,19,2,82410310
410690205050170,Urbano,RUA FERNANDO CORREIA DE AZEVEDO,242,SOBRADO A,,,SANTA FELICIDADE,,Domicílio particular,,-0,,19,3,82410210
410690205050170,Urbano,RUA FERNANDO CORREIA DE AZEVEDO,242,SOBRADO,,,SANTA FELICIDADE,,Domicílio particular,,-0,,19,3,82410210
410690205050170,Urbano,RUA RAQUEL CORAYOLA BAJESKI,512,SOBRADO A,,,SANTA FELICIDADE,,Domicílio particular,,-0,,19,4,82410312
410690205050170,Urbano,RUA RAQUEL CORAYOLA BAJESKI,512,SOBRADO B,,,SANTA FELICIDADE,,Domicílio particular,,-0,,19,4,82410312
410690205050170,Urbano,RUA RAQUEL CORAYOLA BAJESKI,512,SOBRADO C,,,SANTA FELICIDADE,,Domicílio particular,,-0,,19,4,82410312
410690205050170,Urbano,RUA RAQUEL CORAYOLA BAJESKI,554,SOBRADO,,,SANTA FELICIDADE,,Domicílio particular,,-0,,19,4,82410312
410690205050170,Urbano,RUA RAQUEL CORAYOLA BAJESKI,588,,,,SANTA FELICIDADE,,Domicílio particular,,-0,,19,4,82410312
410690205050170,Urbano,RUA PADRE COLBACCHINI,468,SOBRADO 01,,,SANTA FELICIDADE,,Domicílio particular,,-0,,20,4,82410310
410690205050170,Urbano,RUA PADRE COLBACCHINI,468,SOBRADO 02,,,SANTA FELICIDADE,,Domicílio particular,,-0,,20,4,82410310
410690205050170,Urbano,RUA PADRE COLBACCHINI,468,SOBRADO 03,,,SANTA FELICIDADE,,Domicílio particular,,-0,,20,4,82410310
410690205050170,Urbano,RUA ALEKSI GUSKOW,96,,,,SANTA FELICIDADE,,Domicílio particular,,-0,,2,5,82410610
410690205050170,Urbano,RUA ALEKSI GUSKOW,132,,,,SANTA FELICIDADE,,Domicílio particular,,-0,,2,5,82410610
410690205050170,Urbano,RUA ALEKSI GUSKOW,132,,,,SANTA FELICIDADE,,Domicílio particular,,-0,,2,5,82410610
410690205050170,Urbano,RUA MONSENHOR SCALABRINI,55,,,,SANTA FELICIDADE,,Domicílio particular,,-0,,2,1,82410360
410690205050170,Urbano,RUA ABOUD KHALIL,406,,,,SANTA FELICIDADE,,Domicílio particular,,-0,,3,4,82410350
410690205050170,Urbano,AVENIDA FREDOLIN WOLF,4504,,,,SANTA FELICIDADE,,Domicílio particular,,-0,,4,2,82410330
410690205050170,Urbano,AVENIDA FREDOLIN WOLF,4504,,,,SANTA FELICIDADE,,Domicílio particular,,-0,,4,2,82410330
410690205050170,Urbano,RUA ABOUD KHALIL,82,,,,SANTA FELICIDADE,,Edificação em construção,,-0,,4,3,82410350
410690205050170,Urbano,RUA ABOUD KHALIL,94,,,,SANTA FELICIDADE,,Domicílio particular,,-0,,4,3,82410350
410690205050170,Urbano,RUA ABOUD KHALIL,106,,,,SANTA FELICIDADE,,Domicílio particular,,-0,,4,3,82410350
410690205050170,Urbano,RUA ABOUD KHALIL,118,,,,SANTA FELICIDADE,,Domicílio particular,,-0,,4,3,82410350
410690205050170,Urbano,RUA RAQUEL CORAYOLA BAJESKI,374,SOBRADO A,,,SANTA FELICIDADE,,Domicílio particular,,-0,,18,4,82410312
410690205050170,Urbano,RUA ELVIS PRESLEY,184,SOBRADO B,,,SANTA FELICIDADE,,Domicílio particular,,-0,,18,3,82410580
410690205050170,Urbano,RUA ELVIS PRESLEY,184,SOBRADO A,,,SANTA FELICIDADE,,Domicílio particular,,-0,,18,3,82410580
410690205050170,Urbano,RUA PADRE COLBACCHINI,293,SOBRADO 02,,,SANTA FELICIDADE,,Domicílio particular,,-0,,18,2,82410310
410690205050170,Urbano,RUA PADRE COLBACCHINI,293,SOBRADO 01,,,SANTA FELICIDADE,,Domicílio particular,,-0,,18,2,82410310
410690205050170,Urbano,RUA PADRE COLBACCHINI,355,SOBRADO 02,,,SANTA FELICIDADE,,Domicílio particular,,-0,,18,2,82410310
410690205050170,Urbano,RUA PADRE COLBACCHINI,375,SOBRADO 02,,,SANTA FELICIDADE,,Domicílio particular,,-0,,18,2,82410310
410690205050170,Urbano,RUA PADRE COLBACCHINI,375,,,,SANTA FELICIDADE,,Domicílio particular,,-0,,18,2,82410310
410690205050170,Urbano,RUA FERNANDO CORREIA DE AZEVEDO,241,SOBRADO B,,,SANTA FELICIDADE,,Domicílio particular,,-0,,18,1,82410210
410690205050170,Urbano,RUA FERNANDO CORREIA DE AZEVEDO,241,SOBRADO A,,,SANTA FELICIDADE,,Domicílio particular,,-0,,18,1,82410210
410690205050170,Urbano,RUA RAQUEL CORAYOLA BAJESKI,276,,,,SANTA FELICIDADE,,Edificação em construção,,-0,,17,4,82410312
410690205050170,Urbano,RUA FRANCISCO ANTONIO DA COSTA NOGUEIRA,196,,,,SANTA FELICIDADE,,Domicílio particular,,-0,,17,3,82410340
410690205050170,Urbano,RUA FRANCISCO ANTONIO DA COSTA NOGUEIRA,184,,,,SANTA FELICIDADE,,Edificação em construção,,-0,,17,3,82410340
410690205050170,Urbano,RUA PADRE COLBACCHINI,227,SOBRADO 02,,,SANTA FELICIDADE,,Domicílio particular,,-0,,17,2,82410310
410690205050170,Urbano,RUA PADRE COLBACCHINI,227,SOBRADO 01,,,SANTA FELICIDADE,,Domicílio particular,,-0,,17,2,82410310
410690205050170,Urbano,RUA PADRE COLBACCHINI,247,SOBRADO 02,,,SANTA FELICIDADE,,Domicílio particular,,-0,,17,2,82410310
410690205050170,Urbano,RUA PADRE COLBACCHINI,247,SOBRADO 01,,,SANTA FELICIDADE,,Domicílio particular,,-0,,17,2,82410310
410690205050170,Urbano,RUA ELVIS PRESLEY,171,,,,SANTA FELICIDADE,,Domicílio particular,,-0,,17,1,82410580
410690205050170,Urbano,RUA ELVIS PRESLEY,195,CASA A,,,SANTA FELICIDADE,,Domicílio particular,,-0,,17,1,82410580
410690205050170,Urbano,RUA ELVIS PRESLEY,195,CASA B,,,SANTA FELICIDADE,,Domicílio particular,,-0,,17,1,82410580
410690205050170,Urbano,RUA ELVIS PRESLEY,211,,,,SANTA FELICIDADE,,Domicílio particular,,-0,,17,1,82410580
410690205050170,Urbano,RUA PADRE COLBACCHINI,216,,,,SANTA FELICIDADE,,Domicílio particular,,-0,,16,4,82410310
410690205050170,Urbano,RUA PADRE COLBACCHINI,198,SOBRADO 03,,,SANTA FELICIDADE,,Domicílio particular,,-0,,16,4,82410310
410690205050170,Urbano,RUA PADRE COLBACCHINI,198,SOBRADO 02,,,SANTA FELICIDADE,,Domicílio particular,,-0,,16,4,82410310
410690205050170,Urbano,RUA PADRE COLBACCHINI,198,SOBRADO 01,,,SANTA FELICIDADE,,Domicílio particular,,-0,,16,4,82410310
410690205050170,Urbano,RUA FRANCISCO ANTONIO DA COSTA NOGUEIRA,96,SOBRADO 01,,,SANTA FELICIDADE,,Domicílio particular,,-0,,16,3,82410340
410690205050170,Urbano,RUA FRANCISCO ANTONIO DA COSTA NOGUEIRA,72,SOBRADO 02,,,SANTA FELICIDADE,,Domicílio particular,,-0,,16,3,82410340
410690205050170,Urbano,RUA FRANCISCO ANTONIO DA COSTA NOGUEIRA,72,SOBRADO 01,,,SANTA FELICIDADE,,Domicílio particular,,-0,,16,3,82410340
410690205050170,Urbano,RUA FRANCISCO ANTONIO DA COSTA NOGUEIRA,58,,,,SANTA FELICIDADE,,Domicílio particular,,-0,,16,3,82410340
410690205050170,Urbano,RUA FRANCISCO ANTONIO DA COSTA NOGUEIRA,44,,,,SANTA FELICIDADE,,Domicílio particular,,-0,,16,3,82410340
410690205050170,Urbano,RUA FRANCISCO ANTONIO DA COSTA NOGUEIRA,34,,,,SANTA FELICIDADE,,Domicílio particular,,-0,,16,3,82410340
410690205050170,Urbano,RUA ABOUD KHALIL,55,CASA,,,SANTA FELICIDADE,,Domicílio particular,,-0,,16,2,82410350
410690205050170,Urbano,RUA ABOUD KHALIL,75,CASA 02,,,SANTA FELICIDADE,,Domicílio particular,,-0,,16,2,82410350
410690205050170,Urbano,RUA ABOUD KHALIL,75,,,,SANTA FELICIDADE,,Domicílio particular,,-0,,16,2,82410350
410690205050170,Urbano,RUA ABOUD KHALIL,93,,,,SANTA FELICIDADE,,Domicílio particular,,-0,,16,2,82410350
410690205050170,Urbano,RUA ABOUD KHALIL,115,,,,SANTA FELICIDADE,,Domicílio particular,,-0,,16,2,82410350
410690205050170,Urbano,RUA ELVIS PRESLEY,37,,,,SANTA FELICIDADE,,Estabelecimento de outras finalidades,PERF DE SOLO,Único,,16,1,82410580
410690205050170,Urbano,RUA ELVIS PRESLEY,73,SOBRADO,,,SANTA FELICIDADE,,Domicílio particular,,-0,,16,1,82410580
410690205050170,Urbano,RUA ELVIS PRESLEY,73,SOBRADO B,,,SANTA FELICIDADE,,Domicílio particular,,-0,,16,1,82410580
410690205050170,Urbano,RUA ELVIS PRESLEY,89,,,,SANTA FELICIDADE,,Domicílio particular,,-0,,16,1,82410580
410690205050170,Urbano,RUA ELVIS PRESLEY,103,SOBRADO 04,,,SANTA FELICIDADE,,Domicílio particular,,-0,,16,1,82410580
410690205050170,Urbano,RUA ELVIS PRESLEY,103,SOBRADO 03,,,SANTA FELICIDADE,,Domicílio particular,,-0,,16,1,82410580
410690205050170,Urbano,RUA ELVIS PRESLEY,103,SOBRADO 02,,,SANTA FELICIDADE,,Domicílio particular,,-0,,16,1,82410580
410690205050170,Urbano,RUA ELVIS PRESLEY,103,SOBRADO 01,,,SANTA FELICIDADE,,Domicílio particular,,-0,,16,1,82410580
410690205050170,Urbano,RUA ELVIS PRESLEY,115,,,,SANTA FELICIDADE,,Domicílio particular,,-0,,16,1,82410580
410690205050170,Urbano,RUA ELVIS PRESLEY,102,,,,SANTA FELICIDADE,,Domicílio particular,,-0,,15,5,82410580
410690205050170,Urbano,RUA ELVIS PRESLEY,83,,,,SANTA FELICIDADE,,Domicílio particular,,-0,,15,5,82410580
410690205050170,Urbano,RUA ELVIS PRESLEY,75,,,,SANTA FELICIDADE,,Domicílio particular,,-0,,15,5,82410580
410690205050170,Urbano,RUA ELVIS PRESLEY,56,,,,SANTA FELICIDADE,,Domicílio particular,,-0,,15,5,82410580
410690205050170,Urbano,RUA ELVIS PRESLEY,42,,,,SANTA FELICIDADE,,Domicílio particular,,-0,,15,5,82410580
410690205050170,Urbano,RUA ABOUD KHALIL,149,,,,SANTA FELICIDADE,,Domicílio particular,,-0,,15,4,82410350
410690205050170,Urbano,RUA ABOUD KHALIL,169,,,,SANTA FELICIDADE,,Domicílio particular,,-0,,15,4,82410350
410690205050170,Urbano,RUA ABOUD KHALIL,189,,,,SANTA FELICIDADE,,Domicílio particular,,-0,,15,4,82410350
410690205050170,Urbano,RUA ABOUD KHALIL,209,,,,SANTA FELICIDADE,,Domicílio particular,,-0,,15,4,82410350
410690205050170,Urbano,RUA MAJOR JOSE DEQUECH,45,,,,SANTA FELICIDADE,,Domicílio particular,,-0,,15,3,82410660
410690205050170,Urbano,RUA MAJOR JOSE DEQUECH,73,,,,SANTA FELICIDADE,,Domicílio particular,,-0,,15,3,82410660
410690205050170,Urbano,RUA MAJOR JOSE DEQUECH,87,,,,SANTA FELICIDADE,,Domicílio particular,,-0,,15,3,82410660
410690205050170,Urbano,RUA MAJOR JOSE DEQUECH,103,,,,SANTA FELICIDADE,,Domicílio particular,,-0,,15,3,82410660
410690205050170,Urbano,RUA MAJOR JOSE DEDUECH,104,CASA,,,SANTA FELICIDADE,,Domicílio particular,,-0,,15,2,82410660
410690205050170,Urbano,RUA MAJOR JOSE DEDUECH,88,CASA 03,,,SANTA FELICIDADE,,Domicílio particular,,-0,,15,2,82410660
410690205050170,Urbano,RUA MAJOR JOSE DEDUECH,88,CASA 02,,,SANTA FELICIDADE,,Domicílio particular,,-0,,15,2,82410660
410690205050170,Urbano,RUA MAJOR JOSE DEDUECH,88,,,,SANTA FELICIDADE,,Domicílio particular,,-0,,15,2,82410660
410690205050170,Urbano,RUA MAJOR JOSE DEDUECH,72,,,,SANTA FELICIDADE,,Domicílio particular,,-0,,15,2,82410660
410690205050170,Urbano,RUA MAJOR JOSE DEDUECH,70,,,,SANTA FELICIDADE,,Domicílio particular,,-0,,15,2,82410660
410690205050170,Urbano,RUA MAJOR JOSE DEDUECH,56,,,,SANTA FELICIDADE,,Domicílio particular,,-0,,15,2,82410660
410690205050170,Urbano,RUA MAJOR JOSE DEDUECH,42,,,,SANTA FELICIDADE,,Domicílio particular,,-0,,15,2,82410660
410690205050170,Urbano,RUA MAJOR JOSE DEDUECH,20,SOBRADO 04,,,SANTA FELICIDADE,,Domicílio particular,,-0,,15,2,82410660
410690205050170,Urbano,RUA MAJOR JOSE DEDUECH,20,SOBRADO 03,,,SANTA FELICIDADE,,Domicílio particular,,-0,,15,2,82410660
410690205050170,Urbano,RUA MAJOR JOSE DEDUECH,20,SOBRADO 02,,,SANTA FELICIDADE,,Domicílio particular,,-0,,15,2,82410660
410690205050170,Urbano,RUA MAJOR JOSE DEDUECH,20,SOBRADO 01,,,SANTA FELICIDADE,,Domicílio particular,,-0,,15,2,82410660
410690205050170,Urbano,RUA ABOUD KHALIL,303,,,,SANTA FELICIDADE,,Domicílio particular,,-0,,15,1,82410350
410690205050170,Urbano,RUA ABOUD KHALIL,287,CASA,,,SANTA FELICIDADE,,Domicílio particular,,-0,,15,1,82410350
410690205050170,Urbano,RUA ABOUD KHALIL,269,SOBRADO C,,,SANTA FELICIDADE,,Domicílio particular,,-0,,15,1,82410350
410690205050170,Urbano,RUA ABOUD KHALIL,269,SOBRADO B,,,SANTA FELICIDADE,,Domicílio particular,,-0,,15,1,82410350
410690205050170,Urbano,RUA ABOUD KHALIL,269,SOBRADO A,,,SANTA FELICIDADE,,Domicílio particular,,-0,,15,1,82410350
410690205050170,Urbano,RUA RAQUEL CORAYOLA BAJESKI,724,,,,SANTA FELICIDADE,,Domicílio particular,,-0,,14,3,82410312
410690205050170,Urbano,RUA ROBERTO LUIZ TREVEJO,120,,,,SANTA FELICIDADE,,Domicílio particular,,-0,,14,2,82410314
410690205050170,Urbano,RUA PADRE COLBACCHINI,649,SOBRADO 03,,,SANTA FELICIDADE,,Domicílio particular,,-0,,14,1,82410310
410690205050170,Urbano,RUA PADRE COLBACCHINI,649,SOBRADO 02,,,SANTA FELICIDADE,,Domicílio particular,,-0,,14,1,82410310
410690205050170,Urbano,RUA PADRE COLBACCHINI,649,SOBRADO 01,,,SANTA FELICIDADE,,Domicílio particular,,-0,,14,1,82410310
410690205050170,Urbano,RUA PADRE JOSE MARTINI,786,,,,SANTA FELICIDADE,,Domicílio particular,,-0,,13,4,82410300
410690205050170,Urbano,RUA PADRE JOSE MARTINI,744,,,,SANTA FELICIDADE,,Domicílio particular,,-0,,13,4,82410300
410690205050170,Urbano,RUA PADRE JOSE MARTINI,730,,,,SANTA FELICIDADE,,Domicílio particular,,-0,,13,4,82410300
410690205050170,Urbano,RUA PADRE JOSE MARTINI,714,,,,SANTA FELICIDADE,,Domicílio particular,,-0,,13,4,82410300
410690205050170,Urbano,RUA PADRE JOSE MARTINI,680,,,,SANTA FELICIDADE,,Domicílio particular,,-0,,13,4,82410300
410690205050170,Urbano,RUA PADRE JOSE MARTINI,670,,,,SANTA FELICIDADE,,Domicílio particular,,-0,,13,4,82410300
410690205050170,Urbano,RUA FERNANDO CORREIA DE AZEVEDO,300,SOBRADO 04,,,SANTA FELICIDADE,,Domicílio particular,,-0,,13,3,82410312
410690205050170,Urbano,RUA FERNANDO CORREIA DE AZEVEDO,300,SOBRADO 03,,,SANTA FELICIDADE,,Domicílio particular,,-0,,13,3,82410312
410690205050170,Urbano,RUA FERNANDO CORREIA DE AZEVEDO,300,SOBRADO 02,,,SANTA FELICIDADE,,Domicílio particular,,-0,,13,3,82410312
410690205050170,Urbano,RUA FERNANDO CORREIA DE AZEVEDO,300,SOBRADO 01,,,SANTA FELICIDADE,,Domicílio particular,,-0,,13,3,82410312
410690205050170,Urbano,RUA FERNANDO CORREIA DE AZEVEDO,SN,SOBRADO,,,SANTA FELICIDADE,,Edificação em construção,,-0,,13,3,82410312
410690205050170,Urbano,RUA PADRE JOSE MARTINI,550,,,,SANTA FELICIDADE,,Edificação em construção,,-0,,12,4,82410300
410690205050170,Urbano,RUA PADRE JOSE MARTINI,520,,,,SANTA FELICIDADE,,Domicílio particular,,-0,,12,4,82410300
410690205050170,Urbano,RUA PADRE JOSE MARTINI,506,,,,SANTA FELICIDADE,,Domicílio particular,,-0,,12,4,82410300
410690205050170,Urbano,RUA PADRE JOSE MARTINI,442,SOBRADO,,,SANTA FELICIDADE,,Domicílio particular,,-0,,12,4,82410300
410690205050170,Urbano,RUA PADRE JOSE MARTINI,426,SOBRADO 02,,,SANTA FELICIDADE,,Domicílio particular,,-0,,12,4,82410300
410690205050170,Urbano,RUA PADRE JOSE MARTINI,426,SOBRADO 01,,,SANTA FELICIDADE,,Domicílio particular,,-0,,12,4,82410300
410690205050170,Urbano,RUA PADRE JOSE MARTINI,414,SOBRADO 02,,,SANTA FELICIDADE,,Domicílio particular,,-0,,12,4,82410300
410690205050170,Urbano,RUA PADRE JOSE MARTINI,414,SOBRADO 01,,,SANTA FELICIDADE,,Domicílio particular,,-0,,12,4,82410300
410690205050170,Urbano,RUA PADRE JOSE MARTINI,404,SOBRADO,,,SANTA FELICIDADE,,Domicílio particular,,-0,,12,4,82410300
410690205050170,Urbano,RUA PADRE JOSE MARTINI,384,,,,SANTA FELICIDADE,,Domicílio particular,,-0,,12,4,82410300
410690205050170,Urbano,RUA PADRE JOSE MARTINI,368,SOBRADO,,,SANTA FELICIDADE,,Domicílio particular,,-0,,12,4,82410300
410690205050170,Urbano,RUA PADRE JOSE MARTINI,350,SOBRADO 03,,,SANTA FELICIDADE,,Domicílio particular,,-0,,12,4,82410300
410690205050170,Urbano,RUA PADRE JOSE MARTINI,350,SOBRADO 02,,,SANTA FELICIDADE,,Domicílio particular,,-0,,12,4,82410300
410690205050170,Urbano,RUA PADRE JOSE MARTINI,350,SOBRADO 01,,,SANTA FELICIDADE,,Domicílio particular,,-0,,12,4,82410300
410690205050170,Urbano,RUA FRANCISCO ANTONIO DA COSTA NOGUEIRA,250,SOBRADO 02,,,SANTA FELICIDADE,,Domicílio particular,,-0,,12,3,82410340
410690205050170,Urbano,RUA FRANCISCO ANTONIO DA COSTA NOGUEIRA,250,SOBRADO 01,,,SANTA FELICIDADE,,Domicílio particular,,-0,,12,3,82410340
410690205050170,Urbano,RUA FERNANDO CORREIA DE AZEVEDO,299,,,,SANTA FELICIDADE,,Edificação em construção,,-0,,12,1,82410210
410690205050170,Urbano,RUA JOAO REFFO,SN,,,,SANTA FELICIDADE,,Estabelecimento de outras finalidades,FAROL DO SABER,Único,,11,4,82410000
410690205050170,Urbano,RUA DANIEL CESARIO PEREIRA,559,,,,SANTA FELICIDADE,,Estabelecimento de outras finalidades,BIBLIOTECA,Único,,11,1,82410180
410690205050170,Urbano,RUA ALCIDES DARCANCHY,296,CASA,,,SANTA FELICIDADE,,Domicílio particular,,-0,,9,4,82410160
410690205050170,Urbano,RUA ALCIDES DARCANCHY,175,CASA 04,,,SANTA FELICIDADE,,Domicílio particular,,-0,,9,4,82410160
410690205050170,Urbano,RUA AUGUSTO LITZ,1,,,,SANTA FELICIDADE,,Domicílio particular,,-0,,9,3,82410150
410690205050170,Urbano,RUA JOANNA EMMA DALPOZO ZARDO,237,CASA 01,,,SANTA FELICIDADE,,Domicílio particular,,-0,,9,2,82410150
410690205050170,Urbano,RUA JOANNA EMMA DALPOZO ZARDO,SN,CASA 07,,,SANTA FELICIDADE,,Domicílio particular,,-0,,9,2,82410150
410690205050170,Urbano,RUA JOANNA EMMA DALPOZO ZARDO,SN,CASA 06,,,SANTA FELICIDADE,,Domicílio particular,,-0,,9,2,82410150
410690205050170,Urbano,RUA JOANNA EMMA DALPOZO ZARDO,SN,CASA 05,,,SANTA FELICIDADE,,Domicílio particular,,-0,,9,2,82410150
410690205050170,Urbano,RUA JOANNA EMMA DALPOZO ZARDO,SN,CASA 04,,,SANTA FELICIDADE,,Domicílio particular,,-0,,9,2,82410150
410690205050170,Urbano,RUA JOANNA EMMA DALPOZO ZARDO,SN,CASA 03,,,SANTA FELICIDADE,,Domicílio particular,,-0,,9,2,82410150
410690205050170,Urbano,RUA JOANNA EMMA DALPOZO ZARDO,SN,CASA 02,,,SANTA FELICIDADE,,Domicílio particular,,-0,,9,2,82410150
410690205050170,Urbano,RUA JOANNA EMMA DALPOZO ZARDO,SN,CASA 01,,,SANTA FELICIDADE,,Domicílio particular,,-0,,9,2,82410150
410690205050170,Urbano,RUA JOANNA EMMA DALPOZO ZARDO,385,CASA,,,SANTA FELICIDADE,,Domicílio particular,,-0,,9,2,82410150
410690205050170,Urbano,RUA JOANNA EMMA DALPOZO ZARDO,310,,,,SANTA FELICIDADE,,Domicílio particular,,-0,,9,2,82410150
410690205050170,Urbano,RUA JOANNA EMMA DALPOZO ZARDO,373,,,,SANTA FELICIDADE,,Domicílio particular,,-0,,9,2,82410150
410690205050170,Urbano,RUA PROFESSOR CARLOS O GAMBUS,386,,,,SANTA FELICIDADE,,Estabelecimento de outras finalidades,SALAO DE BELEZA,Único,,9,1,82410520
410690205050170,Urbano,RUA ALCIDES DARCANCHY,112,,,,SANTA FELICIDADE,,Domicílio particular,,-0,,8,4,82410160
410690205050170,Urbano,RUA JOANNA EMMA DALPOZO ZARDO,37,,,,SANTA FELICIDADE,,Estabelecimento de outras finalidades,AUTOCENTER VITORIA,Único,,8,2,82410150
410690205050170,Urbano,RUA JOANNA EMMA DALPOZO ZARDO,37,,,,SANTA FELICIDADE,,Domicílio particular,,-0,,8,2,82410150
410690205050170,Urbano,RUA JOANNA EMMA DALPOZO ZARDO,61,,,,SANTA FELICIDADE,,Domicílio particular,,-0,,8,2,82410150
410690205050170,Urbano,RUA JOANNA EMMA DALPOZO ZARDO,75,,,,SANTA FELICIDADE,,Domicílio particular,,-0,,8,2,82410150
410690205050170,Urbano,RUA JOANNA EMMA DALPOZO ZARDO,91,,,,SANTA FELICIDADE,,Domicílio particular,,-0,,8,2,82410150
410690205050170,Urbano,RUA AUGUSTO LITZ,91,FUNDOS,,,SANTA FELICIDADE,,Domicílio particular,,-0,,8,1,82410140
410690205050170,Urbano,RUA AUGUSTO LITZ,59,,,,SANTA FELICIDADE,,Domicílio particular,,-0,,8,1,82410140
410690205050170,Urbano,RUA AUGUSTO LITZ,73,,,,SANTA FELICIDADE,,Domicílio particular,,-0,,8,1,82410140
410690205050170,Urbano,RUA AUGUSTO LITZ,103,,,,SANTA FELICIDADE,,Domicílio particular,,-0,,8,1,82410140
410690205050170,Urbano,RUA AUGUSTO LITZ,129,,,,SANTA FELICIDADE,,Domicílio particular,,-0,,8,1,82410140
410690205050170,Urbano,RUA AUGUSTO LITZ,155,,,,SANTA FELICIDADE,,Domicílio particular,,-0,,8,1,82410140
410690205050170,Urbano,RUA AUGUSTO LITZ,173,,,,SANTA FELICIDADE,,Domicílio particular,,-0,,8,1,82410140
410690205050170,Urbano,RUA JOANNA EMMA DALPOZO ZARDO,370,,,,SANTA FELICIDADE,,Estabelecimento de saúde,POSTO DE SAUDE PINHEIROS,Único,,7,5,82410150
410690205050170,Urbano,RUA JOANNA EMMA DALPOZO ZARDO,279,,,,SANTA FELICIDADE,,Domicílio particular,,-0,,7,5,82410150
410690205050170,Urbano,RUA JOANNA EMMA DALPOZO ZARDO,272,,,,SANTA FELICIDADE,,Domicílio particular,,-0,,7,5,82410150
410690205050170,Urbano,RUA JOANNA EMMA DALPOZO ZARDO,260,,,,SANTA FELICIDADE,,Domicílio particular,,-0,,7,5,82410150
410690205050170,Urbano,RUA JOANNA EMMA DALPOZO ZARDO,321,CASA,,,SANTA FELICIDADE,,Domicílio particular,,-0,,7,5,82410150
410690205050170,Urbano,RUA JOANNA EMMA DALPOZO ZARDO,200,CASA 02,,,SANTA FELICIDADE,,Domicílio particular,,-0,,7,5,82410150
410690205050170,Urbano,RUA JOANNA EMMA DALPOZO ZARDO,200,CASA 01,,,SANTA FELICIDADE,,Domicílio particular,,-0,,7,5,82410150
410690205050170,Urbano,RUA JOANNA EMMA DALPOZO ZARDO,188,,,,SANTA FELICIDADE,,Domicílio particular,,-0,,7,5,82410150
410690205050170,Urbano,RUA JOANNA EMMA DALPOZO ZARDO,146,,,,SANTA FELICIDADE,,Domicílio particular,,-0,,7,5,82410150
410690205050170,Urbano,RUA JOANNA EMMA DALPOZO ZARDO,132,,,,SANTA FELICIDADE,,Domicílio particular,,-0,,7,5,82410150
410690205050170,Urbano,RUA JOANNA EMMA DALPOZO ZARDO,116,,,,SANTA FELICIDADE,,Domicílio particular,,-0,,7,5,82410150
410690205050170,Urbano,RUA JOANNA EMMA DALPOZO ZARDO,102,,,,SANTA FELICIDADE,,Domicílio particular,,-0,,7,5,82410150
410690205050170,Urbano,RUA JOANNA EMMA DALPOZO ZARDO,76,,,,SANTA FELICIDADE,,Estabelecimento de outras finalidades,MARCENARIA REAPROVEITE MOVEIS,Único,,7,5,82410150
410690205050170,Urbano,RUA JOANNA EMMA DALPOZO ZARDO,42,,,,SANTA FELICIDADE,,Estabelecimento de outras finalidades,TORNEARIA SMOKANITZ,Múltiplo,,7,5,82410150
410690205050170,Urbano,RUA PADRE JOSE MARTINI,101,,,,SANTA FELICIDADE,,Domicílio particular,,-0,,7,3,82410300
410690205050170,Urbano,RUA ARTHUR BELACHE,1,,,,SANTA FELICIDADE,,Estabelecimento de outras finalidades,GARAGEM,Único,,1,1,82410320
410690205050170,Urbano,RUA PROFESSOR CARLOS O GAMBUS,35,,,,SANTA FELICIDADE,,Domicílio particular,,-0,,7,1,82410520
410690205050170,Urbano,RUA PROFESSOR CARLOS O GAMBUS,51,,,,SANTA FELICIDADE,,Domicílio particular,,-0,,7,1,82410520
410690205050170,Urbano,RUA PROFESSOR CARLOS O GAMBUS,73,,,,SANTA FELICIDADE,,Domicílio particular,,-0,,7,1,82410520
410690205050170,Urbano,RUA PROFESSOR CARLOS O GAMBUS,SN,CASA,,,SANTA FELICIDADE,,Domicílio particular,,-0,,7,1,82410520
410690205050170,Urbano,RUA PROFESSOR CARLOS O GAMBUS,SN,CASA FRENTE,,,SANTA FELICIDADE,,Domicílio particular,,-0,,7,1,82410520
410690205050170,Urbano,RUA PROFESSOR CARLOS O GAMBUS,304,,,,SANTA FELICIDADE,,Domicílio particular,,-0,,7,1,82410520
410690205050170,Urbano,RUA PADRE JOSE MARTINI,190,CASA 02,,,SANTA FELICIDADE,,Domicílio particular,,-0,,6,4,82410300
410690205050170,Urbano,RUA PADRE JOSE MARTINI,190,CASA 01,,,SANTA FELICIDADE,,Domicílio particular,,-0,,6,4,82410300
410690205050170,Urbano,RUA PADRE JOSE MARTINI,170,SOBRADO B,,,SANTA FELICIDADE,,Domicílio particular,,-0,,6,4,82410300
410690205050170,Urbano,RUA PADRE JOSE MARTINI,170,SOBRADO A,,,SANTA FELICIDADE,,Domicílio particular,,-0,,6,4,82410300
410690205050170,Urbano,RUA PADRE COLBACCHINI,144,SOBRADO 02,,,SANTA FELICIDADE,,Domicílio particular,,-0,,5,4,82410310
410690205050170,Urbano,RUA PADRE COLBACCHINI,144,SOBRADO 01,,,SANTA FELICIDADE,,Domicílio particular,,-0,,5,4,82410310
410690205050170,Urbano,RUA PADRE COLBACCHINI,132,,,,SANTA FELICIDADE,,Domicílio particular,,-0,,5,4,82410310
410690205050170,Urbano,RUA PADRE COLBACCHINI,108,,,,SANTA FELICIDADE,,Estabelecimento de outras finalidades,RODEPAR OFICINA,Único,,5,4,82410310
410690205050170,Urbano,AVENIDA FREDOLIN WOLF,4888,SOBRADO 07,,,SANTA FELICIDADE,,Domicílio particular,,-0,,5,3,82410330
410690205050170,Urbano,AVENIDA FREDOLIN WOLF,4888,SOBRADO 06,,,SANTA FELICIDADE,,Domicílio particular,,-0,,5,3,82410330
410690205050170,Urbano,AVENIDA FREDOLIN WOLF,4888,SOBRADO 05,,,SANTA FELICIDADE,,Domicílio particular,,-0,,5,3,82410330
410690205050170,Urbano,AVENIDA FREDOLIN WOLF,4888,SOBRADO 04,,,SANTA FELICIDADE,,Domicílio particular,,-0,,5,3,82410330
410690205050170,Urbano,AVENIDA FREDOLIN WOLF,4888,SOBRADO 03,,,SANTA FELICIDADE,,Domicílio particular,,-0,,5,3,82410330
410690205050170,Urbano,AVENIDA FREDOLIN WOLF,4888,SOBRADO 02,,,SANTA FELICIDADE,,Domicílio particular,,-0,,5,3,82410330
410690205050170,Urbano,AVENIDA FREDOLIN WOLF,4888,SOBRADO 01,,,SANTA FELICIDADE,,Domicílio particular,,-0,,5,3,82410330
410690205050170,Urbano,AVENIDA FREDOLIN WOLF,4722,,,,SANTA FELICIDADE,,Estabelecimento de outras finalidades,APARATUS EQUIPAMENTOS ELETRONICOS,Único,,5,3,82410330
410690205050170,Urbano,RUA FRANCISCO ANTONIO DA COSTA NOGUEIRA,87,CASA 04,,,SANTA FELICIDADE,,Domicílio particular,,-0,,5,1,82410340
410690205050170,Urbano,RUA FRANCISCO ANTONIO DA COSTA NOGUEIRA,87,CASA 03,,,SANTA FELICIDADE,,Domicílio particular,,-0,,5,1,82410340
410690205050170,Urbano,RUA FRANCISCO ANTONIO DA COSTA NOGUEIRA,35,SOBRADO B,,,SANTA FELICIDADE,,Domicílio particular,,-0,,5,1,82410340
410690205050170,Urbano,AVENIDA FREDOLIN WOLF,4598,,,,SANTA FELICIDADE,,Domicílio particular,,-0,,4,2,82410330
410690205050170,Urbano,AVENIDA FREDOLIN WOLF,4566,,,,SANTA FELICIDADE,,Estabelecimento de outras finalidades,MS BLINDADOS,Único,,4,2,82410330
410690205050170,Urbano,AVENIDA FREDOLIN WOLF,4554,,,,SANTA FELICIDADE,,Domicílio particular,,-0,,4,2,82410330
410690205050170,Urbano,AVENIDA FREDOLIN WOLF,4542,,,,SANTA FELICIDADE,,Domicílio particular,,-0,,4,2,82410330
410690205050170,Urbano,AVENIDA FREDOLIN WOLF,4542,,,,SANTA FELICIDADE,,Estabelecimento de outras finalidades,IGOR A DE FREITAS SERRALHERIA,Único,,4,2,82410330
410690205050170,Urbano,AVENIDA FREDOLIN WOLF,4416,GALERIA,,,SANTA FELICIDADE,,Domicílio particular,,-0,,4,2,82410330
410690205050170,Urbano,AVENIDA FREDOLIN WOLF,4516,,,,SANTA FELICIDADE,,Estabelecimento de outras finalidades,IGREJA EVANGELICA ASSEMBLEIA DE DEUS EM,Único,,4,2,82410330
410690205050170,Urbano,AVENIDA FREDOLIN WOLF,4504,,,,SANTA FELICIDADE,,Estabelecimento de outras finalidades,HD DISTRIBUIDORA DE REVISTAS,Único,,4,2,82410330
410690205050170,Urbano,AVENIDA FREDOLIN WOLF,4474,,,,SANTA FELICIDADE,,Estabelecimento de outras finalidades,FABRICA DE BOLSAS CASEX,Múltiplo,,4,2,82410330
410690205050170,Urbano,AVENIDA FREDOLIN WOLF,4426,,,,SANTA FELICIDADE,,Estabelecimento de outras finalidades,MADEREIRA SANTA FELICIDADE,Único,,4,2,82410330
410690205050170,Urbano,AVENIDA FREDOLIN WOLF,4412,CASA,,,SANTA FELICIDADE,,Domicílio particular,,-0,,4,2,82410330
410690205050170,Urbano,AVENIDA FREDOLIN WOLF,4412,CASA,,,SANTA FELICIDADE,,Estabelecimento de outras finalidades,MATERIAIS DE CONSTRUCAO TAIBO,Único,,4,2,82410330
410690205050170,Urbano,RUA WALDEMAR TROTTA,113,CASA,,,SANTA FELICIDADE,,Estabelecimento de outras finalidades,PERF DE SOLO,Único,,4,1,82410670
410690205050170,Urbano,RUA WALDEMAR TROTTA,121,CASA 03,,,SANTA FELICIDADE,,Domicílio particular,,-0,,4,1,82410670
410690205050170,Urbano,RUA WALDEMAR TROTTA,121,CASA 02,,,SANTA FELICIDADE,,Domicílio particular,,-0,,4,1,82410670
410690205050170,Urbano,RUA WALDEMAR TROTTA,121,CASA 01,,,SANTA FELICIDADE,,Domicílio particular,,-0,,4,1,82410670
410690205050170,Urbano,RUA ABOUD KHALIL,440,CASA,,,SANTA FELICIDADE,,Domicílio particular,,-0,,3,4,82410350
410690205050170,Urbano,RUA ABOUD KHALIL,406,CASA 02,,,SANTA FELICIDADE,,Domicílio particular,,-0,,3,4,82410350
410690205050170,Urbano,RUA ABOUD KHALIL,406,CASA 01,,,SANTA FELICIDADE,,Domicílio particular,,-0,,3,4,82410350
410690205050170,Urbano,RUA ABOUD KHALIL,374,CASA,,,SANTA FELICIDADE,,Domicílio particular,,-0,,3,4,82410350
410690205050170,Urbano,RUA ABOUD KHALIL,326,CASA,,,SANTA FELICIDADE,,Domicílio particular,,-0,,3,4,82410350
410690205050170,Urbano,RUA ALEKSI GUSKOW,SN,CASA,,,SANTA FELICIDADE,,Domicílio particular,,-0,,3,2,82410610
410690205050170,Urbano,RUA ALEKSI GUSKOW,158,,,,SANTA FELICIDADE,,Domicílio particular,,-0,,2,5,82410610
410690205050170,Urbano,RUA ALEKSI GUSKOW,146,,,,SANTA FELICIDADE,,Domicílio particular,,-0,,2,5,82410610
410690205050170,Urbano,RUA ALEKSI GUSKOW,SN,,,,SANTA FELICIDADE,,Edificação em construção,,-0,,2,5,82410610
410690205050170,Urbano,RUA ALEKSI GUSKOW,120,,,,SANTA FELICIDADE,,Domicílio particular,,-0,,2,5,82410610
410690205050170,Urbano,RUA ALEKSI GUSKOW,108,,,,SANTA FELICIDADE,,Domicílio particular,,-0,,2,5,82410610
410690205050170,Urbano,RUA ALEKSI GUSKOW,96,,,,SANTA FELICIDADE,,Domicílio particular,,-0,,2,5,82410610
410690205050170,Urbano,RUA ALEKSI GUSKOW,60,,,,SANTA FELICIDADE,,Domicílio particular,,-0,,2,5,82410610
410690205050170,Urbano,AVENIDA FREDOLIN WOLF,4444,,,,SANTA FELICIDADE,,Estabelecimento de outras finalidades,FABRICA DE EMBALAGENS PAPER BOX,Único,,2,3,82410330
410690205050170,Urbano,AVENIDA FREDOLIN WOLF,4356,,,,SANTA FELICIDADE,,Estabelecimento de outras finalidades,TORNEARIA TORNO E SOLDA,Único,,2,3,82410330
410690205050170,Urbano,AVENIDA FREDOLIN WOLF,4330,,,,SANTA FELICIDADE,,Estabelecimento de outras finalidades,MARCENARIA BENATO,Único,,2,3,82410330
410690205050170,Urbano,RUA EDSON CAMPOS MATESICH,SN,,,,SANTA FELICIDADE,,Domicílio particular,,-0,,2,2,82410370
410690205050170,Urbano,RUA EDSON CAMPOS MATESICH,53B,,,,SANTA FELICIDADE,,Domicílio particular,,-0,,2,2,82410370
410690205050170,Urbano,RUA EDSON CAMPOS MATESICH,53A,,,,SANTA FELICIDADE,,Domicílio particular,,-0,,2,2,82410370
410690205050170,Urbano,RUA EDSON CAMPOS MATESICH,65,,,,SANTA FELICIDADE,,Domicílio particular,,-0,,2,2,82410370
410690205050170,Urbano,RUA EDSON CAMPOS MATESICH,101,SOBRADO 12,,,SANTA FELICIDADE,,Domicílio particular,,-0,,2,2,82410370
410690205050170,Urbano,RUA EDSON CAMPOS MATESICH,101,SOBRADO 11,,,SANTA FELICIDADE,,Domicílio particular,,-0,,2,2,82410370
410690205050170,Urbano,RUA EDSON CAMPOS MATESICH,101,SOBRADO 10,,,SANTA FELICIDADE,,Domicílio particular,,-0,,2,2,82410370
410690205050170,Urbano,RUA EDSON CAMPOS MATESICH,101,SOBRADO 9,,,SANTA FELICIDADE,,Domicílio particular,,-0,,2,2,82410370
410690205050170,Urbano,RUA EDSON CAMPOS MATESICH,101,SOBRADO 8,,,SANTA FELICIDADE,,Domicílio particular,,-0,,2,2,82410370
410690205050170,Urbano,RUA EDSON CAMPOS MATESICH,101,SOBRADO 7,,,SANTA FELICIDADE,,Domicílio particular,,-0,,2,2,82410370
410690205050170,Urbano,RUA EDSON CAMPOS MATESICH,101,SOBRADO 6,,,SANTA FELICIDADE,,Domicílio particular,,-0,,2,2,82410370
410690205050170,Urbano,RUA EDSON CAMPOS MATESICH,101,SOBRADO 5,,,SANTA FELICIDADE,,Domicílio particular,,-0,,2,2,82410370
410690205050170,Urbano,RUA EDSON CAMPOS MATESICH,101,SOBRADO 4,,,SANTA FELICIDADE,,Domicílio particular,,-0,,2,2,82410370
410690205050170,Urbano,RUA EDSON CAMPOS MATESICH,101,SOBRADO 3,,,SANTA FELICIDADE,,Domicílio particular,,-0,,2,2,82410370
410690205050170,Urbano,RUA EDSON CAMPOS MATESICH,101,SOBRADO 2,,,SANTA FELICIDADE,,Domicílio particular,,-0,,2,2,82410370
410690205050170,Urbano,RUA EDSON CAMPOS MATESICH,101,SOBRADO 1,,,SANTA FELICIDADE,,Domicílio particular,,-0,,2,2,82410370
410690205050170,Urbano,RUA EDSON CAMPOS MATESICH,113,,,,SANTA FELICIDADE,,Domicílio particular,,-0,,2,2,82410370
410690205050170,Urbano,RUA EDSON CAMPOS MATESICH,SN,,,,SANTA FELICIDADE,,Estabelecimento de outras finalidades,GARAGEM,Único,,2,2,82410370
410690205050170,Urbano,RUA EDSON CAMPOS MATESICH,137,,,,SANTA FELICIDADE,,Domicílio particular,,-0,,2,2,82410370
410690205050170,Urbano,RUA MONSENHOR SCALABRINI,55,,,,SANTA FELICIDADE,,Domicílio particular,,-0,,2,1,82410360
410690205050170,Urbano,RUA MONSENHOR SCALABRINI,81,,,,SANTA FELICIDADE,,Domicílio particular,,-0,,2,1,82410360
410690205050170,Urbano,RUA ABOUD KHALIL,520,,,,SANTA FELICIDADE,,Domicílio particular,,-0,,1,4,82410350
410690205050170,Urbano,RUA ABOUD KHALIL,534,CASA 2,,,SANTA FELICIDADE,,Domicílio particular,,-0,,1,4,82410350
410690205050170,Urbano,RUA ABOUD KHALIL,534,CASA 1,,,SANTA FELICIDADE,,Domicílio particular,,-0,,1,4,82410350
410690205050170,Urbano,RUA ABOUD KHALIL,548,,,,SANTA FELICIDADE,,Domicílio particular,,-0,,1,4,82410350
410690205050170,Urbano,RUA ABOUD KHALIL,560,,,,SANTA FELICIDADE,,Domicílio particular,,-0,,1,4,82410350
410690205050170,Urbano,RUA ABOUD KHALIL,580,,,,SANTA FELICIDADE,,Estabelecimento de outras finalidades,OFICINA LATARIA E PINTURA,Único,,1,4,82410350
410690205050170,Urbano,RUA ABOUD KHALIL,610,,,,SANTA FELICIDADE,,Domicílio particular,,-0,,1,4,82410350
410690205050170,Urbano,RUA ABOUD KHALIL,636,,,,SANTA FELICIDADE,,Domicílio particular,,-0,,1,4,82410350
410690205050170,Urbano,RUA MONSENHOR SCALABRINI,SN,,,,SANTA FELICIDADE,,Edificação em construção,,-0,,1,3,82410360
410690205050170,Urbano,RUA MONSENHOR SCALABRINI,60,,,,SANTA FELICIDADE,,Domicílio particular,,-0,,1,3,82410360
410690205050170,Urbano,RUA MONSENHOR SCALABRINI,48,,,,SANTA FELICIDADE,,Domicílio particular,,-0,,1,3,82410360
410690205050170,Urbano,RUA EDSON CAMPOS MATESICH,187,,,,SANTA FELICIDADE,,Estabelecimento de outras finalidades,CONFECCAO DE CORTINAS,Único,,1,2,82410370
410690205050170,Urbano,RUA EDSON CAMPOS MATESICH,187,,,,SANTA FELICIDADE,,Domicílio particular,,-0,,1,2,82410370
410690205050170,Urbano,RUA EDSON CAMPOS MATESICH,201,SOBRADO 4,,,SANTA FELICIDADE,,Domicílio particular,,-0,,1,2,82410370
410690205050170,Urbano,RUA EDSON CAMPOS MATESICH,201,SOBRADO 3,,,SANTA FELICIDADE,,Domicílio particular,,-0,,1,2,82410370
410690205050170,Urbano,RUA EDSON CAMPOS MATESICH,201,SOBRADO 2,,,SANTA FELICIDADE,,Domicílio particular,,-0,,1,2,82410370
410690205050170,Urbano,RUA EDSON CAMPOS MATESICH,201,SOBRADO 1,,,SANTA FELICIDADE,,Domicílio particular,,-0,,1,2,82410370
410690205050170,Urbano,RUA EDSON CAMPOS MATESICH,275,,,,SANTA FELICIDADE,,Domicílio particular,,-0,,1,2,82410370
410690205050170,Urbano,RUA EDSON CAMPOS MATESICH,287,FRENTE,,,SANTA FELICIDADE,,Domicílio particular,,-0,,1,2,82410370
410690205050170,Urbano,RUA EDSON CAMPOS MATESICH,287,FUNDOS,,,SANTA FELICIDADE,,Domicílio particular,,-0,,1,2,82410370
410690205050170,Urbano,RUA EDSON CAMPOS MATESICH,299,,,,SANTA FELICIDADE,,Estabelecimento de outras finalidades,AUTO MECANICA,Único,,1,2,82410370
410690205050170,Urbano,RUA EDSON CAMPOS MATESICH,351,,,,SANTA FELICIDADE,,Estabelecimento de outras finalidades,COMERCIO DE MATERIAIS DE CONSTRUCAO,Único,,1,2,82410370
410690205050170,Urbano,RUA ABOUD KHALIL,130,,,,SANTA FELICIDADE,,Domicílio particular,,-0,,4,3,82410350
410690205050170,Urbano,RUA ABOUD KHALIL,144,,,,SANTA FELICIDADE,,Domicílio particular,,-0,,4,3,82410350
410690205050170,Urbano,RUA ABOUD KHALIL,156,,,,SANTA FELICIDADE,,Domicílio particular,,-0,,4,3,82410350
410690205050170,Urbano,RUA ABOUD KHALIL,168,,,,SANTA FELICIDADE,,Domicílio particular,,-0,,4,3,82410350
410690205050170,Urbano,RUA ABOUD KHALIL,180,,,,SANTA FELICIDADE,,Domicílio particular,,-0,,4,3,82410350
410690205050170,Urbano,RUA ABOUD KHALIL,180,,,,SANTA FELICIDADE,,Domicílio particular,,-0,,4,3,82410350
410690205050170,Urbano,RUA ABOUD KHALIL,192,,,,SANTA FELICIDADE,,Domicílio particular,,-0,,4,3,82410350
410690205050170,Urbano,RUA ABOUD KHALIL,192,,,,SANTA FELICIDADE,,Domicílio particular,,-0,,4,3,82410350
410690205050170,Urbano,RUA ABOUD KHALIL,204,,,,SANTA FELICIDADE,,Domicílio particular,,-0,,4,3,82410350
410690205050170,Urbano,RUA ABOUD KHALIL,216,,,,SANTA FELICIDADE,,Domicílio particular,,-0,,4,3,82410350
410690205050170,Urbano,RUA ABOUD KHALIL,230,,,,SANTA FELICIDADE,,Domicílio particular,,-0,,4,3,82410350
410690205050170,Urbano,RUA ABOUD KHALIL,242,,,,SANTA FELICIDADE,,Domicílio particular,,-0,,4,3,82410350
410690205050170,Urbano,RUA ABOUD KHALIL,254,,,,SANTA FELICIDADE,,Domicílio particular,,-0,,4,3,82410350
410690205050170,Urbano,RUA ABOUD KHALIL,266,,,,SANTA FELICIDADE,,Domicílio particular,,-0,,4,3,82410350
410690205050170,Urbano,RUA FRANCISCO ANTONIO DA COSTA NOGUEIRA,125,,,,SANTA FELICIDADE,,Domicílio particular,,-0,,5,1,82410340
410690205050170,Urbano,RUA FRANCISCO ANTONIO DA COSTA NOGUEIRA,125,,,,SANTA FELICIDADE,,Domicílio particular,,-0,,5,1,82410340
410690205050170,Urbano,RUA FRANCISCO ANTONIO DA COSTA NOGUEIRA,125,,,,SANTA FELICIDADE,,Domicílio particular,,-0,,5,1,82410340
410690205050170,Urbano,RUA FRANCISCO ANTONIO DA COSTA NOGUEIRA,125,,,,SANTA FELICIDADE,,Domicílio particular,,-0,,5,1,82410340
410690205050170,Urbano,RUA FRANCISCO ANTONIO DA COSTA NOGUEIRA,105,,,,SANTA FELICIDADE,,Domicílio particular,,-0,,5,1,82410340
410690205050170,Urbano,RUA FRANCISCO ANTONIO DA COSTA NOGUEIRA,87,,,,SANTA FELICIDADE,,Domicílio particular,,-0,,5,1,82410340
410690205050170,Urbano,RUA FRANCISCO ANTONIO DA COSTA NOGUEIRA,87,,,,SANTA FELICIDADE,,Domicílio particular,,-0,,5,1,82410340
410690205050170,Urbano,RUA FRANCISCO ANTONIO DA COSTA NOGUEIRA,87,,,,SANTA FELICIDADE,,Domicílio particular,,-0,,5,1,82410340
410690205050170,Urbano,RUA FRANCISCO ANTONIO DA COSTA NOGUEIRA,75,,,,SANTA FELICIDADE,,Domicílio particular,,-0,,5,1,82410340
410690205050170,Urbano,RUA FRANCISCO ANTONIO DA COSTA NOGUEIRA,75,,,,SANTA FELICIDADE,,Domicílio particular,,-0,,5,1,82410340
410690205050170,Urbano,RUA FRANCISCO ANTONIO DA COSTA NOGUEIRA,59,,,,SANTA FELICIDADE,,Domicílio particular,,-0,,5,1,82410340
410690205050170,Urbano,RUA FRANCISCO ANTONIO DA COSTA NOGUEIRA,59,,,,SANTA FELICIDADE,,Domicílio particular,,-0,,5,1,82410340
410690205050170,Urbano,RUA FRANCISCO ANTONIO DA COSTA NOGUEIRA,47,,,,SANTA FELICIDADE,,Domicílio particular,,-0,,5,1,82410340
410690205050170,Urbano,RUA FRANCISCO ANTONIO DA COSTA NOGUEIRA,47,,,,SANTA FELICIDADE,,Domicílio particular,,-0,,5,1,82410340
410690205050170,Urbano,RUA FRANCISCO ANTONIO DA COSTA NOGUEIRA,35,,,,SANTA FELICIDADE,,Domicílio particular,,-0,,5,1,82410340
410690205050170,Urbano,RUA FRANCISCO ANTONIO DA COSTA NOGUEIRA,21,,,,SANTA FELICIDADE,,Estabelecimento de outras finalidades,APARATUS EMPRESA DE CONTROLE REMOTO,Único,,5,1,82410340
410690205050170,Urbano,RUA DANIEL CESARIO PEREIRA,281,CASA,,,SANTA FELICIDADE,,Domicílio particular,,-0,,7,2,82410520
410690205050170,Urbano,RUA DANIEL CESARIO PEREIRA,281,CASA,,,SANTA FELICIDADE,,Estabelecimento de outras finalidades,SALAO DE CABELEREIRO,Único,,7,2,82410520
410690205050170,Urbano,RUA DANIEL CESARIO PEREIRA,281,CASA,,,SANTA FELICIDADE,,Domicílio particular,,-0,,7,2,82410520
410690205050170,Urbano,RUA DANIEL CESARIO PEREIRA,279,CASA,,,SANTA FELICIDADE,,Domicílio particular,,-0,,7,2,82410520
410690205050170,Urbano,RUA DANIEL CESARIO PEREIRA,279,CASA,,,SANTA FELICIDADE,,Estabelecimento de ensino,ESCOLA,Único,,7,2,82410520
410690205050170,Urbano,RUA DANIEL CESARIO PEREIRA,245,CASA,,,SANTA FELICIDADE,,Domicílio particular,,-0,,7,2,82410520
410690205050170,Urbano,RUA DANIEL CESARIO PEREIRA,229,CASA,,,SANTA FELICIDADE,,Domicílio particular,,-0,,7,2,82410520
410690205050170,Urbano,RUA DANIEL CESARIO PEREIRA,215,CASA,,,SANTA FELICIDADE,,Domicílio particular,,-0,,7,2,82410520
410690205050170,Urbano,RUA DANIEL CESARIO PEREIRA,199,CASA 2,,,SANTA FELICIDADE,,Domicílio particular,,-0,,7,2,82410520
410690205050170,Urbano,RUA DANIEL CESARIO PEREIRA,199,CASA 1,,,SANTA FELICIDADE,,Domicílio particular,,-0,,7,2,82410520
410690205050170,Urbano,RUA DANIEL CESARIO PEREIRA,,CASA,,,SANTA FELICIDADE,,Estabelecimento de outras finalidades,LOTE VAGO,Único,,7,2,82410520
410690205050170,Urbano,RUA DANIEL CESARIO PEREIRA,157,,,,SANTA FELICIDADE,,Domicílio particular,,-0,,7,2,82410520
410690205050170,Urbano,RUA AUGUSTO LITZ,155,CASA 2,,,SANTA FELICIDADE,,Domicílio particular,,-0,,8,1,82410140
410690205050170,Urbano,RUA AUGUSTO LITZ,155,CASA 3,,,SANTA FELICIDADE,,Domicílio particular,,-0,,8,1,82410140
410690205050170,Urbano,RUA AUGUSTO LITZ,155,CASA 4,,,SANTA FELICIDADE,,Domicílio particular,,-0,,8,1,82410140
410690205050170,Urbano,RUA AUGUSTO LITZ,155,CASA 5,,,SANTA FELICIDADE,,Domicílio particular,,-0,,8,1,82410140
410690205050170,Urbano,RUA AUGUSTO LITZ,143,CASA 1,,,SANTA FELICIDADE,,Domicílio particular,,-0,,8,1,82410140
410690205050170,Urbano,RUA AUGUSTO LITZ,143,CASA 2,,,SANTA FELICIDADE,,Domicílio particular,,-0,,8,1,82410140
410690205050170,Urbano,RUA AUGUSTO LITZ,143,CASA 3,,,SANTA FELICIDADE,,Domicílio particular,,-0,,8,1,82410140
410690205050170,Urbano,RUA AUGUSTO LITZ,143,CASA 4,,,SANTA FELICIDADE,,Domicílio particular,,-0,,8,1,82410140
410690205050170,Urbano,RUA AUGUSTO LITZ,143,CASA 5,,,SANTA FELICIDADE,,Domicílio particular,,-0,,8,1,82410140
410690205050170,Urbano,RUA AUGUSTO LITZ,129,CASA 2,,,SANTA FELICIDADE,,Domicílio particular,,-0,,8,1,82410140
410690205050170,Urbano,RUA AUGUSTO LITZ,129,CASA 3,,,SANTA FELICIDADE,,Domicílio particular,,-0,,8,1,82410140
410690205050170,Urbano,RUA AUGUSTO LITZ,103,CASA FUNDOS,,,SANTA FELICIDADE,,Domicílio particular,,-0,,8,1,82410140
410690205050170,Urbano,RUA AUGUSTO LITZ,89,CASA,,,SANTA FELICIDADE,,Domicílio particular,,-0,,8,1,82410140
410690205050170,Urbano,RUA AUGUSTO LITZ,73,CASA 2,,,SANTA FELICIDADE,,Domicílio particular,,-0,,8,1,82410140
410690205050170,Urbano,RUA AUGUSTO LITZ,73,CASA 3,,,SANTA FELICIDADE,,Domicílio particular,,-0,,8,1,82410140
410690205050170,Urbano,RUA AUGUSTO LITZ,73,CASA 4,,,SANTA FELICIDADE,,Domicílio particular,,-0,,8,1,82410140
410690205050170,Urbano,RUA JOANNA EMMA DALPOZO ZARDO,61,CASA FUNDOS,,,SANTA FELICIDADE,,Domicílio particular,,-0,,8,2,82410150
410690205050170,Urbano,AVENIDA FREDOLIN WOLF,5234,,,,SANTA FELICIDADE,,Estabelecimento de outras finalidades,AUTO CENTER VITORIA,Múltiplo,,8,3,82410330
410690205050170,Urbano,AVENIDA FREDOLIN WOLF,5236,CASA,,,SANTA FELICIDADE,,Domicílio particular,,-0,,8,3,82410330
410690205050170,Urbano,AVENIDA FREDOLIN WOLF,5250,,,,SANTA FELICIDADE,,Domicílio particular,,-0,,8,3,82410330
410690205050170,Urbano,AVENIDA FREDOLIN WOLF,5266,,,,SANTA FELICIDADE,,Estabelecimento de outras finalidades,DEPOSITO TERRAPLANAGEM,Único,,8,3,82410330
410690205050170,Urbano,AVENIDA FREDOLIN WOLF,5280,,,,SANTA FELICIDADE,,Estabelecimento de outras finalidades,JR TERRAPLANAGEM,Único,,8,3,82410330
410690205050170,Urbano,AVENIDA FREDOLIN WOLF,5294,,,,SANTA FELICIDADE,,Domicílio particular,,-0,,8,3,82410330
410690205050170,Urbano,AVENIDA FREDOLIN WOLF,5294,CASA FRENTE,,,SANTA FELICIDADE,,Domicílio particular,,-0,,8,3,82410330
410690205050170,Urbano,AVENIDA FREDOLIN WOLF,5308,CASA FRENTE,,,SANTA FELICIDADE,,Domicílio particular,,-0,,8,3,82410330
410690205050170,Urbano,AVENIDA FREDOLIN WOLF,5308,CASA FUNDOS,,,SANTA FELICIDADE,,Domicílio particular,,-0,,8,3,82410330
410690205050170,Urbano,AVENIDA FREDOLIN WOLF,5320,CASA,,,SANTA FELICIDADE,,Domicílio particular,,-0,,8,3,82410330
410690205050170,Urbano,AVENIDA FREDOLIN WOLF,5320,CASA FUNDOS,,,SANTA FELICIDADE,,Domicílio particular,,-0,,8,3,82410330
410690205050170,Urbano,AVENIDA FREDOLIN WOLF,5334,CASA,,,SANTA FELICIDADE,,Domicílio particular,,-0,,8,3,82410330
410690205050170,Urbano,AVENIDA FREDOLIN WOLF,5350,CASA 5,,,SANTA FELICIDADE,,Domicílio particular,,-0,,8,3,82410330
410690205050170,Urbano,AVENIDA FREDOLIN WOLF,5350,CASA 4,,,SANTA FELICIDADE,,Domicílio particular,,-0,,8,3,82410330
410690205050170,Urbano,AVENIDA FREDOLIN WOLF,5350,CASA 3,,,SANTA FELICIDADE,,Domicílio particular,,-0,,8,3,82410330
410690205050170,Urbano,AVENIDA FREDOLIN WOLF,5350,CASA 1,,,SANTA FELICIDADE,,Domicílio particular,,-0,,8,3,82410330
410690205050170,Urbano,AVENIDA FREDOLIN WOLF,5350,CASA 2,,,SANTA FELICIDADE,,Domicílio particular,,-0,,8,3,82410330
410690205050170,Urbano,AVENIDA FREDOLIN WOLF,5366,CASA 1,,,SANTA FELICIDADE,,Domicílio particular,,-0,,8,3,82410330
410690205050170,Urbano,AVENIDA FREDOLIN WOLF,5366,CASA 2,,,SANTA FELICIDADE,,Domicílio particular,,-0,,8,3,82410330
410690205050170,Urbano,AVENIDA FREDOLIN WOLF,5366,CASA 3,,,SANTA FELICIDADE,,Domicílio particular,,-0,,8,3,82410330
410690205050170,Urbano,AVENIDA FREDOLIN WOLF,5400,CASA,,,SANTA FELICIDADE,,Domicílio particular,,-0,,8,3,82410330
410690205050170,Urbano,AVENIDA FREDOLIN WOLF,5400,CASA A,,,SANTA FELICIDADE,,Domicílio particular,,-0,,8,3,82410330
410690205050170,Urbano,RUA JOANNA EMMA DALPOZO ZARDO,373,CASA CASA 2,,,SANTA FELICIDADE,,Domicílio particular,,-0,,9,2,82410150
410690205050170,Urbano,RUA JOANNA EMMA DALPOZO ZARDO,303,CASA FUNDOS,,,SANTA FELICIDADE,,Domicílio particular,,-0,,9,2,82410150
410690205050170,Urbano,RUA JOANNA EMMA DALPOZO ZARDO,303,CASA,,,SANTA FELICIDADE,,Domicílio particular,,-0,,9,2,82410150
410690205050170,Urbano,RUA JOANNA EMMA DALPOZO ZARDO,310,CASA FRENTE,,,SANTA FELICIDADE,,Domicílio particular,,-0,,9,2,82410150
410690205050170,Urbano,RUA JOANNA EMMA DALPOZO ZARDO,385,CASA 2,,,SANTA FELICIDADE,,Domicílio particular,,-0,,9,2,82410150
410690205050170,Urbano,RUA JOANNA EMMA DALPOZO ZARDO,385,CASA 3,,,SANTA FELICIDADE,,Domicílio particular,,-0,,9,2,82410150
410690205050170,Urbano,RUA JOANNA EMMA DALPOZO ZARDO,321,CASA 7,,,SANTA FELICIDADE,,Domicílio particular,,-0,,7,5,82410150
410690205050170,Urbano,RUA JOANNA EMMA DALPOZO ZARDO,321,CASA 6,,,SANTA FELICIDADE,,Domicílio particular,,-0,,7,5,82410150
410690205050170,Urbano,RUA JOANNA EMMA DALPOZO ZARDO,321,CASA 5,,,SANTA FELICIDADE,,Domicílio particular,,-0,,7,5,82410150
410690205050170,Urbano,RUA JOANNA EMMA DALPOZO ZARDO,321,CASA 4,,,SANTA FELICIDADE,,Domicílio particular,,-0,,7,5,82410150
410690205050170,Urbano,RUA JOANNA EMMA DALPOZO ZARDO,321,CASA 3,,,SANTA FELICIDADE,,Domicílio particular,,-0,,7,5,82410150
410690205050170,Urbano,RUA JOANNA EMMA DALPOZO ZARDO,321,CASA 2,,,SANTA FELICIDADE,,Domicílio particular,,-0,,7,5,82410150
410690205050170,Urbano,RUA JOANNA EMMA DALPOZO ZARDO,230,CASA,,,SANTA FELICIDADE,,Domicílio particular,,-0,,7,5,82410150
410690205050170,Urbano,RUA JOANNA EMMA DALPOZO ZARDO,237,CASA 2,,,SANTA FELICIDADE,,Domicílio particular,,-0,,9,2,82410150
410690205050170,Urbano,RUA JOANNA EMMA DALPOZO ZARDO,237,CASA 3,,,SANTA FELICIDADE,,Domicílio particular,,-0,,9,2,82410150
410690205050170,Urbano,RUA JOANNA EMMA DALPOZO ZARDO,237,CASA 4,,,SANTA FELICIDADE,,Domicílio particular,,-0,,9,2,82410150
410690205050170,Urbano,RUA JOANNA EMMA DALPOZO ZARDO,237,CASA 5,,,SANTA FELICIDADE,,Domicílio particular,,-0,,9,2,82410150
410690205050170,Urbano,RUA JOANNA EMMA DALPOZO ZARDO,225,CASA 1,,,SANTA FELICIDADE,,Domicílio particular,,-0,,9,2,82410150
410690205050170,Urbano,RUA JOANNA EMMA DALPOZO ZARDO,225,CASA 2,,,SANTA FELICIDADE,,Domicílio particular,,-0,,9,2,82410150
410690205050170,Urbano,RUA JOANNA EMMA DALPOZO ZARDO,213,,,,SANTA FELICIDADE,,Domicílio particular,,-0,,9,2,82410150
410690205050170,Urbano,RUA JOANNA EMMA DALPOZO ZARDO,183,CASA 1,,,SANTA FELICIDADE,,Domicílio particular,,-0,,9,2,82410150
410690205050170,Urbano,RUA JOANNA EMMA DALPOZO ZARDO,183,CASA 2,,,SANTA FELICIDADE,,Domicílio particular,,-0,,9,2,82410150
410690205050170,Urbano,RUA JOANNA EMMA DALPOZO ZARDO,183,CASA 3,,,SANTA FELICIDADE,,Domicílio particular,,-0,,9,2,82410150
410690205050170,Urbano,RUA JOANNA EMMA DALPOZO ZARDO,183,CASA 4,,,SANTA FELICIDADE,,Domicílio particular,,-0,,9,2,82410150
410690205050170,Urbano,RUA JOANNA EMMA DALPOZO ZARDO,167,SOBRADO 1,,,SANTA FELICIDADE,,Domicílio particular,,-0,,9,2,82410150
410690205050170,Urbano,RUA JOANNA EMMA DALPOZO ZARDO,167,SOBRADO 2,,,SANTA FELICIDADE,,Domicílio particular,,-0,,9,2,82410150
410690205050170,Urbano,RUA JOANNA EMMA DALPOZO ZARDO,167,SOBRADO 3,,,SANTA FELICIDADE,,Domicílio particular,,-0,,9,2,82410150
410690205050170,Urbano,RUA JOANNA EMMA DALPOZO ZARDO,167,SOBRADO 4,,,SANTA FELICIDADE,,Domicílio particular,,-0,,9,2,82410150
410690205050170,Urbano,RUA JOANNA EMMA DALPOZO ZARDO,167,SOBRADO 5,,,SANTA FELICIDADE,,Domicílio particular,,-0,,9,2,82410150
410690205050170,Urbano,RUA JOANNA EMMA DALPOZO ZARDO,167,SOBRADO 6,,,SANTA FELICIDADE,,Domicílio particular,,-0,,9,2,82410150
410690205050170,Urbano,RUA JOANNA EMMA DALPOZO ZARDO,167,SOBRADO 7,,,SANTA FELICIDADE,,Domicílio particular,,-0,,9,2,82410150
410690205050170,Urbano,RUA JOANNA EMMA DALPOZO ZARDO,167,SOBRADO 8,,,SANTA FELICIDADE,,Domicílio particular,,-0,,9,2,82410150
410690205050170,Urbano,RUA JOANNA EMMA DALPOZO ZARDO,141,CASA,,,SANTA FELICIDADE,,Domicílio particular,,-0,,9,2,82410150
410690205050170,Urbano,RUA JOANNA EMMA DALPOZO ZARDO,188,CASA FUNDOS,,,SANTA FELICIDADE,,Domicílio particular,,-0,,7,5,82410150
410690205050170,Urbano,RUA JOANNA EMMA DALPOZO ZARDO,200,CASA 3,,,SANTA FELICIDADE,,Domicílio particular,,-0,,7,5,82410150
410690205050170,Urbano,RUA JOANNA EMMA DALPOZO ZARDO,230,CASA FUNDOS,,,SANTA FELICIDADE,,Domicílio particular,,-0,,7,5,82410150
410690205050170,Urbano,RUA AUGUSTO LITZ,20,CASA,,,SANTA FELICIDADE,,Domicílio particular,,-0,,9,3,82410150
410690205050170,Urbano,RUA AUGUSTO LITZ,56,SOBRADO 1,,,SANTA FELICIDADE,,Domicílio particular,,-0,,9,3,82410150
410690205050170,Urbano,RUA AUGUSTO LITZ,56,SOBRADO 2,,,SANTA FELICIDADE,,Domicílio particular,,-0,,9,3,82410150
410690205050170,Urbano,RUA AUGUSTO LITZ,57,SOBRADO 1,,,SANTA FELICIDADE,,Domicílio particular,,-0,,9,3,82410150
410690205050170,Urbano,RUA AUGUSTO LITZ,57,SOBRADO 2,,,SANTA FELICIDADE,,Domicílio particular,,-0,,9,3,82410150
410690205050170,Urbano,RUA AUGUSTO LITZ,57,SOBRADO 3,,,SANTA FELICIDADE,,Domicílio particular,,-0,,9,3,82410150
410690205050170,Urbano,RUA AUGUSTO LITZ,57,SOBRADO 4,,,SANTA FELICIDADE,,Domicílio particular,,-0,,9,3,82410150
410690205050170,Urbano,RUA AUGUSTO LITZ,57,SOBRADO 5,,,SANTA FELICIDADE,,Domicílio particular,,-0,,9,3,82410150
410690205050170,Urbano,RUA AUGUSTO LITZ,86,SOBRADO 1,,,SANTA FELICIDADE,,Domicílio particular,,-0,,9,3,82410150
410690205050170,Urbano,RUA AUGUSTO LITZ,86,SOBRADO 2,,,SANTA FELICIDADE,,Domicílio particular,,-0,,9,3,82410150
410690205050170,Urbano,RUA AUGUSTO LITZ,86,SOBRADO 3,,,SANTA FELICIDADE,,Domicílio particular,,-0,,9,3,82410150
410690205050170,Urbano,RUA AUGUSTO LITZ,86,SOBRADO 4,,,SANTA FELICIDADE,,Domicílio particular,,-0,,9,3,82410150
410690205050170,Urbano,RUA AUGUSTO LITZ,100,CASA,,,SANTA FELICIDADE,,Domicílio particular,,-0,,9,3,82410150
410690205050170,Urbano,RUA AUGUSTO LITZ,112,CASA,,,SANTA FELICIDADE,,Domicílio particular,,-0,,9,3,82410150
410690205050170,Urbano,RUA AUGUSTO LITZ,79,CASA,,,SANTA FELICIDADE,,Domicílio particular,,-0,,9,3,82410150
410690205050170,Urbano,RUA AUGUSTO LITZ,150,CASA 1A,,,SANTA FELICIDADE,,Domicílio particular,,-0,,9,3,82410150
410690205050170,Urbano,RUA ALCIDES DARCANCHY,172,SOBRADO 4,,,SANTA FELICIDADE,,Domicílio particular,,-0,,9,4,82410160
410690205050170,Urbano,RUA ALCIDES DARCANCHY,172,SOBRADO 3,,,SANTA FELICIDADE,,Domicílio particular,,-0,,9,4,82410160
410690205050170,Urbano,RUA ALCIDES DARCANCHY,172,SOBRADO 2B,,,SANTA FELICIDADE,,Domicílio particular,,-0,,9,4,82410160
410690205050170,Urbano,RUA ALCIDES DARCANCHY,172,SOBRADO 1,,,SANTA FELICIDADE,,Domicílio particular,,-0,,9,4,82410160
410690205050170,Urbano,RUA ALCIDES DARCANCHY,208,CASA,,,SANTA FELICIDADE,,Domicílio particular,,-0,,9,4,82410160
410690205050170,Urbano,RUA ALCIDES DARCANCHY,208,CASA B,,,SANTA FELICIDADE,,Domicílio particular,,-0,,9,4,82410160
410690205050170,Urbano,AVENIDA FREDOLIN WOLF,4416,APARTAMENTO 2,,,SANTA FELICIDADE,,Domicílio particular,,-0,,4,2,82410330
410690205050170,Urbano,AVENIDA FREDOLIN WOLF,4516,CASA 3,,,SANTA FELICIDADE,,Domicílio particular,,-0,,4,2,82410330
410690205050170,Urbano,RUA PADRE JOSE MARTINI,101,CASA 2,,,SANTA FELICIDADE,,Domicílio particular,,-0,,7,3,82410300
410690205050170,Urbano,RUA ALCIDES DARCANCHY,222,CASA 3,,,SANTA FELICIDADE,,Domicílio particular,,-0,,9,4,82410160
410690205050170,Urbano,RUA ALCIDES DARCANCHY,222,CASA 1,,,SANTA FELICIDADE,,Domicílio particular,,-0,,9,4,82410160
410690205050170,Urbano,RUA ALCIDES DARCANCHY,222,CASA 2,,,SANTA FELICIDADE,,Domicílio particular,,-0,,9,4,82410160
410690205050170,Urbano,RUA ALCIDES DARCANCHY,222,CASA 4,,,SANTA FELICIDADE,,Domicílio particular,,-0,,9,4,82410160
410690205050170,Urbano,RUA ALCIDES DARCANCHY,234,FRENTE,,,SANTA FELICIDADE,,Domicílio particular,,-0,,9,4,82410160
410690205050170,Urbano,RUA ALCIDES DARCANCHY,234,FUNDOS,,,SANTA FELICIDADE,,Domicílio particular,,-0,,9,4,82410160
410690205050170,Urbano,RUA ALCIDES DARCANCHY,264,FRENTE,,,SANTA FELICIDADE,,Domicílio particular,,-0,,9,4,82410160
410690205050170,Urbano,RUA ALCIDES DARCANCHY,264,FUNDOS,,,SANTA FELICIDADE,,Domicílio particular,,-0,,9,4,82410160
410690205050170,Urbano,RUA ALCIDES DARCANCHY,280,FRENTE,,,SANTA FELICIDADE,,Domicílio particular,,-0,,9,4,82410160
410690205050170,Urbano,RUA ALCIDES DARCANCHY,280,FUNDOS,,,SANTA FELICIDADE,,Domicílio particular,,-0,,9,4,82410160
410690205050170,Urbano,RUA ALCIDES DARCANCHY,310,CASA 1,,,SANTA FELICIDADE,,Domicílio particular,,-0,,9,4,82410160
410690205050170,Urbano,RUA ALCIDES DARCANCHY,310,CASA 2,,,SANTA FELICIDADE,,Domicílio particular,,-0,,9,4,82410160
410690205050170,Urbano,RUA ALCIDES DARCANCHY,310,CASA 3,,,SANTA FELICIDADE,,Domicílio particular,,-0,,9,4,82410160
410690205050170,Urbano,RUA ALCIDES DARCANCHY,324,CASA 1,,,SANTA FELICIDADE,,Domicílio particular,,-0,,9,4,82410160
410690205050170,Urbano,RUA ALCIDES DARCANCHY,324,CASA 2,,,SANTA FELICIDADE,,Domicílio particular,,-0,,9,4,82410160
410690205050170,Urbano,RUA ALCIDES DARCANCHY,324,CASA 3,,,SANTA FELICIDADE,,Domicílio particular,,-0,,9,4,82410160
410690205050170,Urbano,RUA ALCIDES DARCANCHY,324,CASA 4,,,SANTA FELICIDADE,,Domicílio particular,,-0,,9,4,82410160
410690205050170,Urbano,RUA ALCIDES DARCANCHY,338,CASA A,,,SANTA FELICIDADE,,Domicílio particular,,-0,,9,4,82410160
410690205050170,Urbano,RUA ALCIDES DARCANCHY,370,SOBRADO 3,,,SANTA FELICIDADE,,Domicílio particular,,-0,,9,4,82410160
410690205050170,Urbano,RUA ALCIDES DARCANCHY,370,SOBRADO 4,,,SANTA FELICIDADE,,Domicílio particular,,-0,,9,4,82410160
410690205050170,Urbano,RUA ALCIDES DARCANCHY,370,SOBRADO 5,,,SANTA FELICIDADE,,Domicílio particular,,-0,,9,4,82410160
410690205050170,Urbano,RUA ALCIDES DARCANCHY,370,SOBRADO 2,,,SANTA FELICIDADE,,Domicílio particular,,-0,,9,4,82410160
410690205050170,Urbano,RUA ALCIDES DARCANCHY,370,SOBRADO 1,,,SANTA FELICIDADE,,Domicílio particular,,-0,,9,4,82410160
410690205050170,Urbano,RUA ALCIDES DARCANCHY,386,CASA,,,SANTA FELICIDADE,,Domicílio particular,,-0,,9,4,82410160
410690205050170,Urbano,RUA ALCIDES DARCANCHY,420,CASA,,,SANTA FELICIDADE,,Domicílio particular,,-0,,9,4,82410160
410690205050170,Urbano,RUA DANIEL CESARIO PEREIRA,173,CASA,,,SANTA FELICIDADE,,Domicílio particular,,-0,,7,2,82410520
410690205050170,Urbano,RUA ALCIDES DARCANCHY,250,CASA 1,,,SANTA FELICIDADE,,Domicílio particular,,-0,,9,4,82410160
410690205050170,Urbano,RUA ALCIDES DARCANCHY,250,CASA 2,,,SANTA FELICIDADE,,Domicílio particular,,-0,,9,4,82410160
410690205050170,Urbano,RUA ALCIDES DARCANCHY,250,CASA 3,,,SANTA FELICIDADE,,Domicílio particular,,-0,,9,4,82410160
410690205050170,Urbano,RUA ALCIDES DARCANCHY,250,CASA 4,,,SANTA FELICIDADE,,Domicílio particular,,-0,,9,4,82410160
410690205050170,Urbano,RUA DANIEL CESARIO PEREIRA,559,,,,SANTA FELICIDADE,,Estabelecimento de ensino,CMEI LYGIA CARNEIRO,Único,,11,1,82410180
410690205050170,Urbano,RUA RAQUEL CORAYOLA BAJESKI,465,SOBRADO A,,,SANTA FELICIDADE,,Domicílio particular,,-0,,12,2,82410312
410690205050170,Urbano,RUA RAQUEL CORAYOLA BAJESKI,465,SOBRADO B,,,SANTA FELICIDADE,,Domicílio particular,,-0,,12,2,82410312
410690205050170,Urbano,RUA RAQUEL CORAYOLA BAJESKI,465,SOBRADO C,,,SANTA FELICIDADE,,Domicílio particular,,-0,,12,2,82410312
410690205050170,Urbano,RUA RAQUEL CORAYOLA BAJESKI,399,CASA,,,SANTA FELICIDADE,,Estabelecimento de outras finalidades,LOTE CERCADO PARA AREA DE LAZER,Único,,12,2,82410312
410690205050170,Urbano,RUA RAQUEL CORAYOLA BAJESKI,385,SOBRADO A,,,SANTA FELICIDADE,,Domicílio particular,,-0,,12,2,82410312
410690205050170,Urbano,RUA RAQUEL CORAYOLA BAJESKI,385,SOBRADO B,,,SANTA FELICIDADE,,Domicílio particular,,-0,,12,2,82410312
410690205050170,Urbano,RUA RAQUEL CORAYOLA BAJESKI,367,SOBRADO,,,SANTA FELICIDADE,,Domicílio particular,,-0,,12,2,82410312
410690205050170,Urbano,RUA RAQUEL CORAYOLA BAJESKI,355,CASA,,,SANTA FELICIDADE,,Domicílio particular,,-0,,12,2,82410312
410690205050170,Urbano,RUA RAQUEL CORAYOLA BAJESKI,341,SOBRADO,,,SANTA FELICIDADE,,Domicílio particular,,-0,,12,2,82410312
410690205050170,Urbano,RUA RAQUEL CORAYOLA BAJESKI,323,SOBRADO,,,SANTA FELICIDADE,,Domicílio particular,,-0,,12,2,82410312
410690205050170,Urbano,RUA RAQUEL CORAYOLA BAJESKI,257,CASA,,,SANTA FELICIDADE,,Domicílio particular,,-0,,12,2,82410312
410690205050170,Urbano,RUA RAQUEL CORAYOLA BAJESKI,255,SOBRADO 1,,,SANTA FELICIDADE,,Domicílio particular,,-0,,12,2,82410312
410690205050170,Urbano,RUA RAQUEL CORAYOLA BAJESKI,255,SOBRADO 2,,,SANTA FELICIDADE,,Domicílio particular,,-0,,12,2,82410312
410690205050170,Urbano,RUA RAQUEL CORAYOLA BAJESKI,255,SOBRADO 3,,,SANTA FELICIDADE,,Domicílio particular,,-0,,12,2,82410312
410690205050170,Urbano,RUA FRANCISCO ANTONIO DA COSTA NOGUEIRA,290,SOBRADO 1,,,SANTA FELICIDADE,,Estabelecimento de outras finalidades,ESTE ENDERECO ESTA EM DUPLICIDADE,Único,,12,3,82410340
410690205050170,Urbano,RUA FRANCISCO ANTONIO DA COSTA NOGUEIRA,290,SOBRADO 2,,,SANTA FELICIDADE,,Domicílio particular,,-0,,12,3,82410340
410690205050170,Urbano,RUA FRANCISCO ANTONIO DA COSTA NOGUEIRA,290,SOBRADO 1,,,SANTA FELICIDADE,,Domicílio particular,,-0,,12,3,82410340
410690205050170,Urbano,RUA FRANCISCO ANTONIO DA COSTA NOGUEIRA,320,SOBRADO 2,,,SANTA FELICIDADE,,Domicílio particular,,-0,,12,3,82410340
410690205050170,Urbano,RUA FRANCISCO ANTONIO DA COSTA NOGUEIRA,320,SOBRADO 1,,,SANTA FELICIDADE,,Domicílio particular,,-0,,12,3,82410340
410690205050170,Urbano,RUA PADRE JOSE MARTINI,340,CASA,,,SANTA FELICIDADE,,Domicílio particular,,-0,,12,4,82410300
410690205050170,Urbano,RUA PADRE JOSE MARTINI,414,SOBRADO 3,,,SANTA FELICIDADE,,Domicílio particular,,-0,,12,4,82410300
410690205050170,Urbano,RUA PADRE JOSE MARTINI,414,SOBRADO 4,,,SANTA FELICIDADE,,Estabelecimento de outras finalidades,ENDERESO REPETIDO,Único,,12,4,82410300
410690205050170,Urbano,RUA PADRE JOSE MARTINI,426,CASA 3,,,SANTA FELICIDADE,,Domicílio particular,,-0,,12,4,82410300
410690205050170,Urbano,RUA PADRE JOSE MARTINI,474,CASA,,,SANTA FELICIDADE,,Domicílio particular,,-0,,12,4,82410300
410690205050170,Urbano,RUA RAQUEL CORAYOLA BAJESKI,629,CASA,,,SANTA FELICIDADE,,Domicílio particular,,-0,,13,2,82410312
410690205050170,Urbano,RUA RAQUEL CORAYOLA BAJESKI,555,CASA 1,,,SANTA FELICIDADE,,Edificação em construção,,-0,,13,2,82410312
410690205050170,Urbano,RUA RAQUEL CORAYOLA BAJESKI,541,CASA,,,SANTA FELICIDADE,,Edificação em construção,,-0,,13,2,82410312
410690205050170,Urbano,RUA RAQUEL CORAYOLA BAJESKI,529,SOBRADO 1,,,SANTA FELICIDADE,,Edificação em construção,,-0,,13,2,82410312
410690205050170,Urbano,RUA RAQUEL CORAYOLA BAJESKI,529,SOBRADO 2,,,SANTA FELICIDADE,,Edificação em construção,,-0,,13,2,82410312
410690205050170,Urbano,RUA RAQUEL CORAYOLA BAJESKI,529,SOBRADO 3,,,SANTA FELICIDADE,,Edificação em construção,,-0,,13,2,82410312
410690205050170,Urbano,RUA PADRE JOSE MARTINI,670,SOBRADO 2,,,SANTA FELICIDADE,,Domicílio particular,,-0,,13,4,82410300
410690205050170,Urbano,RUA PADRE JOSE MARTINI,670,SOBRADO 3,,,SANTA FELICIDADE,,Domicílio particular,,-0,,13,4,82410300
410690205050170,Urbano,RUA PADRE JOSE MARTINI,670,SOBRADO 4,,,SANTA FELICIDADE,,Domicílio particular,,-0,,13,4,82410300
410690205050170,Urbano,RUA MAJOR JOSE DEQUECH,55,CASA,,,SANTA FELICIDADE,,Domicílio particular,,-0,,15,3,82410660
410690205050170,Urbano,RUA MAJOR JOSE DEQUECH,35,CASA,,,SANTA FELICIDADE,,Domicílio particular,,-0,,15,3,82410660
410690205050170,Urbano,RUA FERNANDO CORREIA DE AZEVEDO,,SOBRADO,,,SANTA FELICIDADE,,Edificação em construção,,-0,,15,7,82410210
410690205050170,Urbano,RUA ROBERTO LUIZ TREVEJO,99,CASA,,,SANTA FELICIDADE,,Domicílio particular,,-0,,15,8,82410314
410690205050170,Urbano,RUA ROBERTO LUIZ TREVEJO,,SOBRADO,,,SANTA FELICIDADE,,Domicílio particular,,-0,,15,8,82410314
410690205050170,Urbano,RUA ROBERTO LUIZ TREVEJO,,SOBRADO,,,SANTA FELICIDADE,,Domicílio particular,,-0,,15,8,82410314
410690205050170,Urbano,RUA ELVIS PRESLEY,57,CASA,,,SANTA FELICIDADE,,Domicílio particular,,-0,,16,1,82410580
410690205050170,Urbano,RUA ELVIS PRESLEY,57,CASA,,,SANTA FELICIDADE,,Domicílio particular,,-0,,16,1,82410580
410690205050170,Urbano,RUA ELVIS PRESLEY,43,CASA,,,SANTA FELICIDADE,,Domicílio particular,,-0,,16,1,82410580
410690205050170,Urbano,RUA ELVIS PRESLEY,21,CASA,,,SANTA FELICIDADE,,Domicílio particular,,-0,,16,1,82410580
410690205050170,Urbano,RUA FRANCISCO ANTONIO DA COSTA NOGUEIRA,104,CASA,,,SANTA FELICIDADE,,Domicílio particular,,-0,,16,3,82410340
410690205050170,Urbano,RUA FRANCISCO ANTONIO DA COSTA NOGUEIRA,104,CASA 002,,,SANTA FELICIDADE,,Domicílio particular,,-0,,16,3,82410340
410690205050170,Urbano,RUA FRANCISCO ANTONIO DA COSTA NOGUEIRA,104,CASA 03,,,SANTA FELICIDADE,,Domicílio particular,,-0,,16,3,82410340
410690205050170,Urbano,RUA FRANCISCO ANTONIO DA COSTA NOGUEIRA,116,CASA,,,SANTA FELICIDADE,,Domicílio particular,,-0,,16,3,82410340
410690205050170,Urbano,RUA PADRE COLBACCHINI,261,CASA,,,SANTA FELICIDADE,,Domicílio particular,,-0,,19,2,82410310
410690205050170,Urbano,RUA ROBERTO LUIZ TREVEJO,119,CASA,,,SANTA FELICIDADE,,Domicílio particular,,-0,,20,1,82410314
410690205050170,Urbano,RUA PADRE JOSE MARTINI,404,CASA,,,SANTA FELICIDADE,,Domicílio particular,,-0,,12,4,82410300
410690205050170,Urbano,RUA PADRE JOSE MARTINI,414,CASA,,,SANTA FELICIDADE,,Domicílio particular,,-0,,12,4,82410300
410690205050170,Urbano,RUA PADRE JOSE MARTINI,414,CASA,,,SANTA FELICIDADE,,Estabelecimento de outras finalidades,ENDERESO REPETIDO,Único,,12,4,82410300
410690205050170,Urbano,RUA PADRE JOSE MARTINI,426,CASA,,,SANTA FELICIDADE,,Domicílio particular,,-0,,12,4,82410300
410690205050170,Urbano,RUA MONSENHOR SCALABRINI,60,CASA 01,,,SANTA FELICIDADE,,Domicílio particular,,-0,,1,3,82410360
410690205050170,Urbano,RUA MONSENHOR SCALABRINI,60,CASA,,,SANTA FELICIDADE,,Domicílio particular,,-0,,1,3,82410360
410690205050170,Urbano,RUA MONSENHOR SCALABRINI,60,CASA,,,SANTA FELICIDADE,,Domicílio particular,,-0,,1,3,82410360
410690205050170,Urbano,RUA FRANCISCO ANTONIO DA COSTA NOGUEIRA,86,SOBRADO,,,SANTA FELICIDADE,,Domicílio particular,,-0,,16,3,82410340
410690205050170,Urbano,RUA FRANCISCO ANTONIO DA COSTA NOGUEIRA,86,SOBRADO,,,SANTA FELICIDADE,,Domicílio particular,,-0,,16,3,82410340
410690205050170,Urbano,RUA PROFESSOR CARLOS O GAMBUS,18,CASA,,,SANTA FELICIDADE,,Edificação em construção,,-0,,7,1,82410520
410690205050170,Urbano,RUA PROFESSOR CARLOS O GAMBUS,304,CASA,,,SANTA FELICIDADE,,Domicílio particular,,-0,,7,1,82410520
410690205050170,Urbano,RUA FRANCISCO ANTONIO DA COSTA NOGUEIRA,196,CASA,,,SANTA FELICIDADE,,Domicílio particular,,-0,,16,3,82410340
410690205050170,Urbano,RUA ALCIDES DARCANCHY,290,CASA,,,SANTA FELICIDADE,,Domicílio particular,,-0,,9,4,82410160
