Código da unidade geográfica,Situação do setor,Logradouro,Número no logradouro,Complemento,Latitude,Longitude,Localidade,Ponto de referência,Espécie de endereço,Tipo de estabelecimento,Indicador de endereço,Identificação domicílio coletivo,Número da quadra,Número da face,CEP
410690205050168,Urbano,RUA GERONIMO MURARO,1671,BARRACAO,,,BAIRRO SANTA FELICIDADE,,Estabelecimento de outras finalidades,DEPOSITO,Único,,1,2,82410020
410690205050168,Urbano,RUA GERONIMO MURARO,1649,SOBRADO 1,,,BAIRRO SANTA FELICIDADE,,Domicílio particular,,-0,,1,2,82410020
410690205050168,Urbano,RUA GERONIMO MURARO,1649,SOBRADO 2,,,BAIRRO SANTA FELICIDADE,,Domicílio particular,,-0,,1,2,82410020
410690205050168,Urbano,RUA GERONIMO MURARO,1649,SOBRADO 3,,,BAIRRO SANTA FELICIDADE,,Domicílio particular,,-0,,1,2,82410020
410690205050168,Urbano,RUA GERONIMO MURARO,1649,SOBRADO 4,,,BAIRRO SANTA FELICIDADE,,Domicílio particular,,-0,,1,2,82410020
410690205050168,Urbano,RUA GERONIMO MURARO,1609,CASA,,,BAIRRO SANTA FELICIDADE,,Domicílio particular,,-0,,1,2,82410020
410690205050168,Urbano,RUA GERONIMO MURARO,1595,CASA,,,BAIRRO SANTA FELICIDADE,,Domicílio particular,,-0,,1,2,82410020
410690205050168,Urbano,RUA GERONIMO MURARO,SN,DEPOSITO,,,BAIRRO SANTA FELICIDADE,,Estabelecimento de outras finalidades,DEPOSITO,Único,,1,2,82410020
410690205050168,Urbano,RUA GERONIMO MURARO,SN,SOBRADO,,,BAIRRO SANTA FELICIDADE,,Edificação em construção,,-0,,1,2,82410020
410690205050168,Urbano,RUA GERONIMO MURARO,1555,SOBRADO 1,,,BAIRRO SANTA FELICIDADE,,Domicílio particular,,-0,,1,2,82410020
410690205050168,Urbano,RUA GERONIMO MURARO,1555,SOBRADO 2,,,BAIRRO SANTA FELICIDADE,,Domicílio particular,,-0,,1,2,82410020
410690205050168,Urbano,RUA GERONIMO MURARO,1555,SOBRADO 3,,,BAIRRO SANTA FELICIDADE,,Domicílio particular,,-0,,1,2,82410020
410690205050168,Urbano,RUA GERONIMO MURARO,1555,SOBRADO 4,,,BAIRRO SANTA FELICIDADE,,Domicílio particular,,-0,,1,2,82410020
410690205050168,Urbano,AVENIDA FRANCISCO GULIN,1550,BARRACAO,,,BAIRRO SANTA FELICIDADE,,Edificação em construção,,-0,,1,4,82410010
410690205050168,Urbano,AVENIDA FRANCISCO GULIN,1592,SOBRADO,,,BAIRRO SANTA FELICIDADE,,Domicílio particular,,-0,,1,4,82410010
410690205050168,Urbano,AVENIDA FRANCISCO GULIN,1610,PORTAO,,,BAIRRO SANTA FELICIDADE,,Domicílio particular,,-0,,1,4,82410010
410690205050168,Urbano,AVENIDA FRANCISCO GULIN,1628,SOBRADO,,,BAIRRO SANTA FELICIDADE,,Domicílio particular,,-0,,1,4,82410010
410690205050168,Urbano,AVENIDA FRANCISCO GULIN,1656,CASA a,,,BAIRRO SANTA FELICIDADE,,Domicílio particular,,-0,,1,4,82410010
410690205050168,Urbano,AVENIDA FRANCISCO GULIN,1666,CASA,,,BAIRRO SANTA FELICIDADE,,Domicílio particular,,-0,,1,4,82410010
410690205050168,Urbano,AVENIDA FRANCISCO GULIN,1676,CASA,,,BAIRRO SANTA FELICIDADE,,Domicílio particular,,-0,,1,4,82410010
410690205050168,Urbano,RUA MARECHAL LOTT,149,CASA,,,BAIRRO SANTA FELICIDADE,,Domicílio particular,,-0,,2,1,82410090
410690205050168,Urbano,RUA MARECHAL LOTT,119,SOBRADO 3,,,BAIRRO SANTA FELICIDADE,,Domicílio particular,,-0,,2,1,82410090
410690205050168,Urbano,RUA MARECHAL LOTT,119,SOBRADO 2,,,BAIRRO SANTA FELICIDADE,,Domicílio particular,,-0,,2,1,82410090
410690205050168,Urbano,RUA MARECHAL LOTT,119,SOBRADO 1,,,BAIRRO SANTA FELICIDADE,,Domicílio particular,,-0,,2,1,82410090
410690205050168,Urbano,RUA MARECHAL LOTT,119,SOBRADO 4,,,BAIRRO SANTA FELICIDADE,,Domicílio particular,,-0,,2,1,82410090
410690205050168,Urbano,RUA MARECHAL LOTT,119,SOBRADO 5,,,BAIRRO SANTA FELICIDADE,,Domicílio particular,,-0,,2,1,82410090
410690205050168,Urbano,RUA MARECHAL LOTT,119,SOBRADO 6,,,BAIRRO SANTA FELICIDADE,,Domicílio particular,,-0,,2,1,82410090
410690205050168,Urbano,RUA MARECHAL LOTT,119,SOBRADO 7,,,BAIRRO SANTA FELICIDADE,,Domicílio particular,,-0,,2,1,82410090
410690205050168,Urbano,RUA MARECHAL LOTT,95,SOBRADO,,,BAIRRO SANTA FELICIDADE,,Domicílio particular,,-0,,2,1,82410090
410690205050168,Urbano,RUA MARECHAL LOTT,SN,DEPOSITO,,,BAIRRO SANTA FELICIDADE,,Estabelecimento de outras finalidades,DPOSITO,Único,,2,1,82410090
410690205050168,Urbano,RUA MARECHAL LOTT,55,CASA,,,BAIRRO SANTA FELICIDADE,,Domicílio particular,,-0,,2,1,82410090
410690205050168,Urbano,RUA MARECHAL LOTT,27,SOBRADO a,,,BAIRRO SANTA FELICIDADE,,Domicílio particular,,-0,,2,1,82410090
410690205050168,Urbano,RUA GERONIMO MURARO,1671,SOBRADO,,,BAIRRO SANTA FELICIDADE,,Edificação em construção,,-0,,1,2,82410020
410690205050168,Urbano,RUA GERONIMO MURARO,1671,SOBRADO 3,,,BAIRRO SANTA FELICIDADE,,Edificação em construção,,-0,,1,2,82410020
410690205050168,Urbano,RUA GERONIMO MURARO,1671,SOBRADO 2,,,BAIRRO SANTA FELICIDADE,,Edificação em construção,,-0,,1,2,82410020
410690205050168,Urbano,RUA GERONIMO MURARO,1671,SOBRADO 1,,,BAIRRO SANTA FELICIDADE,,Edificação em construção,,-0,,1,2,82410020
410690205050168,Urbano,RUA GERONIMO MURARO,1689,CASA,,,BAIRRO SANTA FELICIDADE,,Domicílio particular,,-0,,1,2,82410020
410690205050168,Urbano,RUA RENASCENCA,205,CASA 28,,,BAIRRO SANTA FELICIDADE,,Domicílio particular,,-0,,1,1,82410110
410690205050168,Urbano,RUA RENASCENCA,205,CASA 26,,,BAIRRO SANTA FELICIDADE,,Domicílio particular,,-0,,1,1,82410110
410690205050168,Urbano,RUA RENASCENCA,211,CASA 1,,,BAIRRO SANTA FELICIDADE,,Domicílio particular,,-0,,1,1,82410110
410690205050168,Urbano,RUA RENASCENCA,221,CASA,,,BAIRRO SANTA FELICIDADE,,Domicílio particular,,-0,,1,1,82410110
410690205050168,Urbano,RUA RENASCENCA,233,CASA,,,BAIRRO SANTA FELICIDADE,,Domicílio particular,,-0,,1,1,82410110
410690205050168,Urbano,RUA RENASCENCA,245,SOBRADO 25,,,BAIRRO SANTA FELICIDADE,,Domicílio particular,,-0,,1,1,82410110
410690205050168,Urbano,RUA RENASCENCA,245,CASA 27,,,BAIRRO SANTA FELICIDADE,,Domicílio particular,,-0,,1,1,82410110
410690205050168,Urbano,RUA RENASCENCA,245,CASA 3,,,BAIRRO SANTA FELICIDADE,,Domicílio particular,,-0,,1,1,82410110
410690205050168,Urbano,RUA RENASCENCA,245,CASA 5,,,BAIRRO SANTA FELICIDADE,,Domicílio particular,,-0,,1,1,82410110
410690205050168,Urbano,RUA RENASCENCA,255,CASA,,,BAIRRO SANTA FELICIDADE,,Domicílio particular,,-0,,1,1,82410110
410690205050168,Urbano,RUA RENASCENCA,265,CASA,,,BAIRRO SANTA FELICIDADE,,Domicílio particular,,-0,,1,1,82410110
410690205050168,Urbano,RUA RENASCENCA,275,CASA 6,,,BAIRRO SANTA FELICIDADE,,Domicílio particular,,-0,,1,1,82410110
410690205050168,Urbano,RUA RENASCENCA,285,CASA 18 4,,,BAIRRO SANTA FELICIDADE,,Domicílio particular,,-0,,1,1,82410110
410690205050168,Urbano,RUA RENASCENCA,285,CASA 20 2,,,BAIRRO SANTA FELICIDADE,,Domicílio particular,,-0,,1,1,82410110
410690205050168,Urbano,RUA RENASCENCA,285,CASA 14 3,,,BAIRRO SANTA FELICIDADE,,Domicílio particular,,-0,,1,1,82410110
410690205050168,Urbano,RUA RENASCENCA,285,CASA 12 5,,,BAIRRO SANTA FELICIDADE,,Domicílio particular,,-0,,1,1,82410110
410690205050168,Urbano,RUA RENASCENCA,295,CASA,,,BAIRRO SANTA FELICIDADE,,Domicílio particular,,-0,,1,1,82410110
410690205050168,Urbano,RUA RENASCENCA,305,CASA,,,BAIRRO SANTA FELICIDADE,,Domicílio particular,,-0,,1,1,82410110
410690205050168,Urbano,RUA RENASCENCA,317,CASA 6,,,BAIRRO SANTA FELICIDADE,,Domicílio particular,,-0,,1,1,82410110
410690205050168,Urbano,RUA RENASCENCA,325,CASA 11 4,,,BAIRRO SANTA FELICIDADE,,Domicílio particular,,-0,,1,1,82410110
410690205050168,Urbano,RUA RENASCENCA,325,CASA 13 2,,,BAIRRO SANTA FELICIDADE,,Domicílio particular,,-0,,1,1,82410110
410690205050168,Urbano,RUA RENASCENCA,325,CASA 7 3,,,BAIRRO SANTA FELICIDADE,,Domicílio particular,,-0,,1,1,82410110
410690205050168,Urbano,RUA RENASCENCA,325,CASA 5 5,,,BAIRRO SANTA FELICIDADE,,Domicílio particular,,-0,,1,1,82410110
410690205050168,Urbano,RUA RENASCENCA,335,CASA 1,,,BAIRRO SANTA FELICIDADE,,Domicílio particular,,-0,,1,1,82410110
410690205050168,Urbano,RUA RENASCENCA,345,CASA,,,BAIRRO SANTA FELICIDADE,,Domicílio particular,,-0,,1,1,82410110
410690205050168,Urbano,RUA RENASCENCA,357,CASA,,,BAIRRO SANTA FELICIDADE,,Domicílio particular,,-0,,1,1,82410110
410690205050168,Urbano,RUA MARECHAL LOTT,27,SOBRADO b,,,BAIRRO SANTA FELICIDADE,,Domicílio particular,,-0,,2,1,82410090
410690205050168,Urbano,RUA JOAO REFFO,687,BARRACAO,,,BAIRRO SANTA FELICIDADE,,Estabelecimento de outras finalidades,PANIFICADORA,Único,,2,2,82410000
410690205050168,Urbano,RUA JOAO REFFO,673,SOBRADO terreo,,,BAIRRO SANTA FELICIDADE,,Domicílio particular,,-0,,2,2,82410000
410690205050168,Urbano,RUA JOAO REFFO,673,APARTAMENTO,,,BAIRRO SANTA FELICIDADE,,Domicílio particular,,-0,,2,2,82410000
410690205050168,Urbano,RUA JOAO REFFO,673,CASA,,,BAIRRO SANTA FELICIDADE,,Domicílio particular,,-0,,2,2,82410000
410690205050168,Urbano,RUA JOAO REFFO,657,CASA,,,BAIRRO SANTA FELICIDADE,,Domicílio particular,,-0,,2,2,82410000
410690205050168,Urbano,RUA JOAO REFFO,645,CASA,,,BAIRRO SANTA FELICIDADE,,Domicílio particular,,-0,,2,2,82410000
410690205050168,Urbano,RUA SEBASTIAO VENDRAMIN,21,BARRACAO,,,BAIRRO SANTA FELICIDADE,,Estabelecimento de outras finalidades,MOTO ESCOLA,Único,,2,3,82410080
410690205050168,Urbano,RUA SEBASTIAO VENDRAMIN,98,SOBRADO 1,,,BAIRRO SANTA FELICIDADE,,Domicílio particular,,-0,,2,3,82410080
410690205050168,Urbano,RUA SEBASTIAO VENDRAMIN,98,SOBRADO 2,,,BAIRRO SANTA FELICIDADE,,Edificação em construção,,-0,,2,3,82410080
410690205050168,Urbano,RUA SEBASTIAO VENDRAMIN,98,SOBRADO 3,,,BAIRRO SANTA FELICIDADE,,Domicílio particular,,-0,,2,3,82410080
410690205050168,Urbano,RUA SEBASTIAO VENDRAMIN,98,SOBRADO 4,,,BAIRRO SANTA FELICIDADE,,Domicílio particular,,-0,,2,3,82410080
410690205050168,Urbano,RUA SEBASTIAO VENDRAMIN,110,SOBRADO 1,,,BAIRRO SANTA FELICIDADE,,Domicílio particular,,-0,,2,3,82410080
410690205050168,Urbano,RUA SEBASTIAO VENDRAMIN,110,SOBRADO 2,,,BAIRRO SANTA FELICIDADE,,Domicílio particular,,-0,,2,3,82410080
410690205050168,Urbano,RUA SEBASTIAO VENDRAMIN,110,SOBRADO 3,,,BAIRRO SANTA FELICIDADE,,Domicílio particular,,-0,,2,3,82410080
410690205050168,Urbano,RUA SEBASTIAO VENDRAMIN,110,SOBRADO 4,,,BAIRRO SANTA FELICIDADE,,Domicílio particular,,-0,,2,3,82410080
410690205050168,Urbano,RUA SEBASTIAO VENDRAMIN,124,CASA 1,,,BAIRRO SANTA FELICIDADE,,Domicílio particular,,-0,,2,3,82410080
410690205050168,Urbano,RUA SEBASTIAO VENDRAMIN,124,CASA 2,,,BAIRRO SANTA FELICIDADE,,Domicílio particular,,-0,,2,3,82410080
410690205050168,Urbano,RUA SEBASTIAO VENDRAMIN,124,CASA 3,,,BAIRRO SANTA FELICIDADE,,Domicílio particular,,-0,,2,3,82410080
410690205050168,Urbano,RUA SEBASTIAO VENDRAMIN,912,CASA,,,BAIRRO SANTA FELICIDADE,,Domicílio particular,,-0,,2,3,82410080
410690205050168,Urbano,RUA SEBASTIAO VENDRAMIN,914,CASA,,,BAIRRO SANTA FELICIDADE,,Domicílio particular,,-0,,2,3,82410080
410690205050168,Urbano,RUA SEBASTIAO VENDRAMIN,916,CASA,,,BAIRRO SANTA FELICIDADE,,Domicílio particular,,-0,,2,3,82410080
410690205050168,Urbano,RUA GERONIMO MURARO,1402,CASA,,,BAIRRO SANTA FELICIDADE,,Domicílio particular,,-0,,2,4,82410020
410690205050168,Urbano,RUA GERONIMO MURARO,1420,CASA c1,,,BAIRRO SANTA FELICIDADE,,Domicílio particular,,-0,,2,4,82410020
410690205050168,Urbano,RUA GERONIMO MURARO,1420,CASA c2,,,BAIRRO SANTA FELICIDADE,,Domicílio particular,,-0,,2,4,82410020
410690205050168,Urbano,RUA GERONIMO MURARO,1420,CASA c3,,,BAIRRO SANTA FELICIDADE,,Domicílio particular,,-0,,2,4,82410020
410690205050168,Urbano,RUA GERONIMO MURARO,1420,CASA c4,,,BAIRRO SANTA FELICIDADE,,Domicílio particular,,-0,,2,4,82410020
410690205050168,Urbano,RUA GERONIMO MURARO,1434,CASA,,,BAIRRO SANTA FELICIDADE,,Domicílio particular,,-0,,2,4,82410020
410690205050168,Urbano,RUA GERONIMO MURARO,1460,CASA,,,BAIRRO SANTA FELICIDADE,,Domicílio particular,,-0,,2,4,82410020
410690205050168,Urbano,RUA JOAO REFFO,545,SOBRADO,,,BAIRRO SANTA FELICIDADE,,Domicílio particular,,-0,,3,1,82410000
410690205050168,Urbano,RUA JOAO REFFO,533,SOBRADO,,,BAIRRO SANTA FELICIDADE,,Domicílio particular,,-0,,3,1,82410000
410690205050168,Urbano,RUA JOAO REFFO,533,CASA,,,BAIRRO SANTA FELICIDADE,,Domicílio particular,,-0,,3,1,82410000
410690205050168,Urbano,RUA JOAO REFFO,521,BARRACAO,,,BAIRRO SANTA FELICIDADE,,Estabelecimento de outras finalidades,MECANICA,Único,,3,1,82410000
410690205050168,Urbano,RUA JOAO DARIF,54,CASA,,,BAIRRO SANTA FELICIDADE,,Domicílio particular,,-0,,3,2,82410070
410690205050168,Urbano,RUA JOAO DARIF,76,CASA 1,,,BAIRRO SANTA FELICIDADE,,Domicílio particular,,-0,,3,2,82410070
410690205050168,Urbano,RUA JOAO DARIF,76,CASA 2,,,BAIRRO SANTA FELICIDADE,,Domicílio particular,,-0,,3,2,82410070
410690205050168,Urbano,RUA JOAO DARIF,76,CASA 3,,,BAIRRO SANTA FELICIDADE,,Domicílio particular,,-0,,3,2,82410070
410690205050168,Urbano,RUA JOAO DARIF,76,CASA 4,,,BAIRRO SANTA FELICIDADE,,Domicílio particular,,-0,,3,2,82410070
410690205050168,Urbano,RUA JOAO DARIF,116,CASA,,,BAIRRO SANTA FELICIDADE,,Domicílio particular,,-0,,3,2,82410070
410690205050168,Urbano,RUA JOAO DARIF,130,SOBRADO 1,,,BAIRRO SANTA FELICIDADE,,Domicílio particular,,-0,,3,2,82410070
410690205050168,Urbano,RUA JOAO DARIF,130,SOBRADO 2,,,BAIRRO SANTA FELICIDADE,,Domicílio particular,,-0,,3,2,82410070
410690205050168,Urbano,RUA JOAO DARIF,130,SOBRADO 3,,,BAIRRO SANTA FELICIDADE,,Domicílio particular,,-0,,3,2,82410070
410690205050168,Urbano,RUA JOAO DARIF,130,SOBRADO 4,,,BAIRRO SANTA FELICIDADE,,Domicílio particular,,-0,,3,2,82410070
410690205050168,Urbano,RUA JOAO DARIF,130,SOBRADO 5,,,BAIRRO SANTA FELICIDADE,,Domicílio particular,,-0,,3,2,82410070
410690205050168,Urbano,RUA JOAO DARIF,178,CASA,,,BAIRRO SANTA FELICIDADE,,Domicílio particular,,-0,,3,2,82410070
410690205050168,Urbano,RUA GERONIMO MURARO,1364,BARRACAO,,,BAIRRO SANTA FELICIDADE,,Estabelecimento de outras finalidades,FABRICA DE EMBALAGENS,Único,,3,3,82410020
410690205050168,Urbano,RUA SEBASTIAO VENDRAMIN,123,SOBRADO 11,,,BAIRRO SANTA FELICIDADE,,Domicílio particular,,-0,,3,4,82410080
410690205050168,Urbano,RUA SEBASTIAO VENDRAMIN,123,SOBRADO 12,,,BAIRRO SANTA FELICIDADE,,Domicílio particular,,-0,,3,4,82410080
410690205050168,Urbano,RUA SEBASTIAO VENDRAMIN,123,SOBRADO 13,,,BAIRRO SANTA FELICIDADE,,Domicílio particular,,-0,,3,4,82410080
410690205050168,Urbano,RUA SEBASTIAO VENDRAMIN,123,SOBRADO 14,,,BAIRRO SANTA FELICIDADE,,Domicílio particular,,-0,,3,4,82410080
410690205050168,Urbano,RUA SEBASTIAO VENDRAMIN,85,CASA,,,BAIRRO SANTA FELICIDADE,,Domicílio particular,,-0,,3,4,82410080
410690205050168,Urbano,RUA SEBASTIAO VENDRAMIN,51,MANSAO,,,BAIRRO SANTA FELICIDADE,,Domicílio particular,,-0,,3,4,82410080
410690205050168,Urbano,RUA SEBASTIAO VENDRAMIN,35,SOBRADO 1,,,BAIRRO SANTA FELICIDADE,,Domicílio particular,,-0,,3,4,82410080
410690205050168,Urbano,RUA SEBASTIAO VENDRAMIN,35,SOBRADO 2,,,BAIRRO SANTA FELICIDADE,,Domicílio particular,,-0,,3,4,82410080
410690205050168,Urbano,RUA SEBASTIAO VENDRAMIN,35,SOBRADO 3,,,BAIRRO SANTA FELICIDADE,,Domicílio particular,,-0,,3,4,82410080
410690205050168,Urbano,RUA SEBASTIAO VENDRAMIN,35,SOBRADO 4,,,BAIRRO SANTA FELICIDADE,,Domicílio particular,,-0,,3,4,82410080
410690205050168,Urbano,RUA SEBASTIAO VENDRAMIN,35,SOBRADO 5,,,BAIRRO SANTA FELICIDADE,,Domicílio particular,,-0,,3,4,82410080
410690205050168,Urbano,RUA SEBASTIAO VENDRAMIN,35,SOBRADO 6,,,BAIRRO SANTA FELICIDADE,,Domicílio particular,,-0,,3,4,82410080
410690205050168,Urbano,RUA ALCIDES DARCANCHY,573,CASA,,,BAIRRO SANTA FELICIDADE,,Domicílio particular,,-0,,4,1,82410160
410690205050168,Urbano,RUA ALCIDES DARCANCHY,529,SOBRADO,,,BAIRRO SANTA FELICIDADE,,Edificação em construção,,-0,,4,1,82410160
410690205050168,Urbano,RUA ALCIDES DARCANCHY,529,SOBRADO,,,BAIRRO SANTA FELICIDADE,,Edificação em construção,,-0,,4,1,82410160
410690205050168,Urbano,RUA ALCIDES DARCANCHY,SN,BARRACAO,,,BAIRRO SANTA FELICIDADE,,Estabelecimento de outras finalidades,VIDRACARIA,Único,,4,1,82410160
410690205050168,Urbano,RUA ALCIDES DARCANCHY,SN,CASA,,,BAIRRO SANTA FELICIDADE,,Domicílio particular,,-0,,4,1,82410160
410690205050168,Urbano,RUA ALCIDES DARCANCHY,SN,FUNDOS,,,BAIRRO SANTA FELICIDADE,,Domicílio particular,,-0,,4,1,82410160
410690205050168,Urbano,RUA ALCIDES DARCANCHY,497,CASA,,,BAIRRO SANTA FELICIDADE,,Domicílio particular,,-0,,4,1,82410160
410690205050168,Urbano,RUA ALCIDES DARCANCHY,489,SOBRADO a,,,BAIRRO SANTA FELICIDADE,,Domicílio particular,,-0,,4,1,82410160
410690205050168,Urbano,RUA ALCIDES DARCANCHY,SN,CASA,,,BAIRRO SANTA FELICIDADE,,Edificação em construção,,-0,,4,1,82410160
410690205050168,Urbano,RUA ALCIDES DARCANCHY,455,CASA,,,BAIRRO SANTA FELICIDADE,,Domicílio particular,,-0,,4,1,82410160
410690205050168,Urbano,RUA ALCIDES DARCANCHY,447,CASA,,,BAIRRO SANTA FELICIDADE,,Domicílio particular,,-0,,4,1,82410160
410690205050168,Urbano,RUA ALCIDES DARCANCHY,439,CASA,,,BAIRRO SANTA FELICIDADE,,Domicílio particular,,-0,,4,1,82410160
410690205050168,Urbano,RUA ALCIDES DARCANCHY,425,SOBRADO,,,BAIRRO SANTA FELICIDADE,,Estabelecimento de outras finalidades,ARTESANATO EM MADEIRA,Múltiplo,,4,1,82410160
410690205050168,Urbano,RUA ALCIDES DARCANCHY,425,APARTAMENTO,,,BAIRRO SANTA FELICIDADE,,Domicílio particular,,-0,,4,1,82410160
410690205050168,Urbano,RUA ALCIDES DARCANCHY,425,GARAGEM,,,BAIRRO SANTA FELICIDADE,,Estabelecimento de outras finalidades,PRODUTOS NATURAIS ALIMENTOS,Único,,4,1,82410160
410690205050168,Urbano,RUA ALCIDES DARCANCHY,411,CASA,,,BAIRRO SANTA FELICIDADE,,Estabelecimento de outras finalidades,VETERINARIA,Único,,4,1,82410160
410690205050168,Urbano,RUA ALCIDES DARCANCHY,411,SOBRADO,,,BAIRRO SANTA FELICIDADE,,Domicílio particular,,-0,,4,1,82410160
410690205050168,Urbano,RUA ALCIDES DARCANCHY,395,SOBRADO,,,BAIRRO SANTA FELICIDADE,,Domicílio particular,,-0,,4,1,82410160
410690205050168,Urbano,RUA ALCIDES DARCANCHY,381,CASA,,,BAIRRO SANTA FELICIDADE,,Domicílio particular,,-0,,4,1,82410160
410690205050168,Urbano,RUA ALCIDES DARCANCHY,363,SOBRADO,,,BAIRRO SANTA FELICIDADE,,Domicílio particular,,-0,,4,1,82410160
410690205050168,Urbano,RUA ALCIDES DARCANCHY,337,SOBRADO 5,,,BAIRRO SANTA FELICIDADE,,Domicílio particular,,-0,,4,1,82410160
410690205050168,Urbano,RUA ALCIDES DARCANCHY,337,SOBRADO 6,,,BAIRRO SANTA FELICIDADE,,Domicílio particular,,-0,,4,1,82410160
410690205050168,Urbano,RUA ALCIDES DARCANCHY,337,SOBRADO 7,,,BAIRRO SANTA FELICIDADE,,Domicílio particular,,-0,,4,1,82410160
410690205050168,Urbano,RUA ALCIDES DARCANCHY,337,SOBRADO d,,,BAIRRO SANTA FELICIDADE,,Domicílio particular,,-0,,4,1,82410160
410690205050168,Urbano,RUA ALCIDES DARCANCHY,337,SOBRADO c,,,BAIRRO SANTA FELICIDADE,,Domicílio particular,,-0,,4,1,82410160
410690205050168,Urbano,RUA ALCIDES DARCANCHY,337,SOBRADO b,,,BAIRRO SANTA FELICIDADE,,Domicílio particular,,-0,,4,1,82410160
410690205050168,Urbano,RUA ALCIDES DARCANCHY,337,SOBRADO a,,,BAIRRO SANTA FELICIDADE,,Domicílio particular,,-0,,4,1,82410160
410690205050168,Urbano,RUA ALCIDES DARCANCHY,317,SOBRADO,,,BAIRRO SANTA FELICIDADE,,Domicílio particular,,-0,,4,1,82410160
410690205050168,Urbano,RUA ALCIDES DARCANCHY,317,SOBRADO a,,,BAIRRO SANTA FELICIDADE,,Domicílio particular,,-0,,4,1,82410160
410690205050168,Urbano,RUA JOSE ZARDO,28,SOBRADO,,,BAIRRO SANTA FELICIDADE,,Domicílio particular,,-0,,4,2,82410170
410690205050168,Urbano,RUA JOSE ZARDO,71,SOBRADO,,,BAIRRO SANTA FELICIDADE,,Domicílio particular,,-0,,4,2,82410170
410690205050168,Urbano,RUA JOSE ZARDO,67,SOBRADO,,,BAIRRO SANTA FELICIDADE,,Domicílio particular,,-0,,4,2,82410170
410690205050168,Urbano,RUA JOSE ZARDO,67,CASA,,,BAIRRO SANTA FELICIDADE,,Domicílio particular,,-0,,4,2,82410170
410690205050168,Urbano,RUA JOSE ZARDO,90,CASA,,,BAIRRO SANTA FELICIDADE,,Domicílio particular,,-0,,4,2,82410170
410690205050168,Urbano,RUA JOSE ZARDO,86,CASA,,,BAIRRO SANTA FELICIDADE,,Domicílio particular,,-0,,4,2,82410170
410690205050168,Urbano,RUA JOSE ZARDO,80,CASA,,,BAIRRO SANTA FELICIDADE,,Domicílio particular,,-0,,4,2,82410170
410690205050168,Urbano,RUA JOAO REFFO,304,SOBRADO,,,BAIRRO SANTA FELICIDADE,,Domicílio particular,,-0,,4,3,82410000
410690205050168,Urbano,RUA JOAO REFFO,SN,SOBRADO,,,BAIRRO SANTA FELICIDADE,,Domicílio particular,,-0,,4,3,82410000
410690205050168,Urbano,RUA JOAO REFFO,SN,SOBRADO,,,BAIRRO SANTA FELICIDADE,,Domicílio particular,,-0,,4,3,82410000
410690205050168,Urbano,RUA JOAO REFFO,364,SOBRADO,,,BAIRRO SANTA FELICIDADE,,Domicílio particular,,-0,,4,3,82410000
410690205050168,Urbano,RUA JOAO REFFO,424,CASA,,,BAIRRO SANTA FELICIDADE,,Domicílio particular,,-0,,4,3,82410000
410690205050168,Urbano,RUA JOAO REFFO,486,CASA,,,BAIRRO SANTA FELICIDADE,,Estabelecimento de outras finalidades,IGREJA,Único,,4,3,82410000
410690205050168,Urbano,RUA JOAO REFFO,486,BARRACAO,,,BAIRRO SANTA FELICIDADE,,Estabelecimento de outras finalidades,SALAO BENEFICIENTE,Único,,4,3,82410000
410690205050168,Urbano,RUA JOAO REFFO,452,BARRACAO,,,BAIRRO SANTA FELICIDADE,,Estabelecimento de outras finalidades,GRAFICA,Único,,4,3,82410000
410690205050168,Urbano,RUA JOAO REFFO,506,SOBRADO lojas,,,BAIRRO SANTA FELICIDADE,,Estabelecimento de outras finalidades,EMPRESA DE ALARMES,Único,,4,3,82410000
410690205050168,Urbano,RUA JOAO REFFO,506,APARTAMENTO,,,BAIRRO SANTA FELICIDADE,,Domicílio particular,,-0,,4,3,82410000
410690205050168,Urbano,RUA JOAO REFFO,520,CASA,,,BAIRRO SANTA FELICIDADE,,Domicílio particular,,-0,,4,3,82410000
410690205050168,Urbano,RUA JOAO REFFO,534,CASA,,,BAIRRO SANTA FELICIDADE,,Domicílio particular,,-0,,4,3,82410000
410690205050168,Urbano,RUA JOAO REFFO,560,CASA,,,BAIRRO SANTA FELICIDADE,,Domicílio particular,,-0,,4,3,82410000
410690205050168,Urbano,RUA JOAO REFFO,560,BARRACAO,,,BAIRRO SANTA FELICIDADE,,Estabelecimento de outras finalidades,BRECHO DE ROUPAS,Único,,4,3,82410000
410690205050168,Urbano,RUA JOAO REFFO,576,SOBRADO,,,BAIRRO SANTA FELICIDADE,,Edificação em construção,,-0,,4,3,82410000
410690205050168,Urbano,RUA JOAO REFFO,576,SOBRADO,,,BAIRRO SANTA FELICIDADE,,Edificação em construção,,-0,,4,3,82410000
410690205050168,Urbano,RUA JOAO REFFO,610,SOBRADO,,,BAIRRO SANTA FELICIDADE,,Domicílio particular,,-0,,4,3,82410000
410690205050168,Urbano,RUA JOAO REFFO,610,SOBRADO,,,BAIRRO SANTA FELICIDADE,,Domicílio particular,,-0,,4,3,82410000
410690205050168,Urbano,RUA JOAO REFFO,431,SOBRADO,,,BAIRRO SANTA FELICIDADE,,Domicílio particular,,-0,,5,1,82410000
410690205050168,Urbano,RUA JOAO REFFO,351,CASA,,,BAIRRO SANTA FELICIDADE,,Domicílio particular,,-0,,5,1,82410000
410690205050168,Urbano,RUA JOAO REFFO,295,CASA,,,BAIRRO SANTA FELICIDADE,,Domicílio particular,,-0,,5,1,82410000
410690205050168,Urbano,RUA JOAO REFFO,277,BARRACAO,,,BAIRRO SANTA FELICIDADE,,Estabelecimento de outras finalidades,FABRICA ARTIGOS PARA PESCA,Único,,5,1,82410000
410690205050168,Urbano,RUA JOAO REFFO,263,BARRACAO,,,BAIRRO SANTA FELICIDADE,,Estabelecimento de outras finalidades,MECANICA PARTICULAR,Único,,5,1,82410000
410690205050168,Urbano,RUA JOAO REFFO,249,CASA,,,BAIRRO SANTA FELICIDADE,,Domicílio particular,,-0,,5,1,82410000
410690205050168,Urbano,RUA JOAO REFFO,235,CASA,,,BAIRRO SANTA FELICIDADE,,Domicílio particular,,-0,,5,1,82410000
410690205050168,Urbano,RUA JOAO REFFO,235,FUNDOS,,,BAIRRO SANTA FELICIDADE,,Domicílio particular,,-0,,5,1,82410000
410690205050168,Urbano,RUA MANTOVA,SN,LOTE,,,BAIRRO SANTA FELICIDADE,,Domicílio particular,,-0,,5,2,82410060
410690205050168,Urbano,RUA MANTOVA,68,CASA,,,BAIRRO SANTA FELICIDADE,,Domicílio particular,,-0,,5,2,82410060
410690205050168,Urbano,RUA MANTOVA,80,BARRACAO,,,BAIRRO SANTA FELICIDADE,,Estabelecimento de outras finalidades,GARAGEM DE CARROS,Único,,5,2,82410060
410690205050168,Urbano,RUA HUGO WOLF,252,SOBRADO terreo,,,BAIRRO SANTA FELICIDADE,,Domicílio particular,,-0,,5,3,82410040
410690205050168,Urbano,RUA HUGO WOLF,246,CASA,,,BAIRRO SANTA FELICIDADE,,Domicílio particular,,-0,,5,3,82410040
410690205050168,Urbano,RUA HUGO WOLF,246,LADO,,,BAIRRO SANTA FELICIDADE,,Domicílio particular,,-0,,5,3,82410040
410690205050168,Urbano,RUA HUGO WOLF,320,SOBRADO,,,BAIRRO SANTA FELICIDADE,,Domicílio particular,,-0,,5,3,82410040
410690205050168,Urbano,RUA HUGO WOLF,320,BARRACAO,,,BAIRRO SANTA FELICIDADE,,Estabelecimento de outras finalidades,CHURRASQUEIRA,Único,,5,3,82410040
410690205050168,Urbano,RUA HUGO WOLF,412,CASA,,,BAIRRO SANTA FELICIDADE,,Domicílio particular,,-0,,5,3,82410040
410690205050168,Urbano,RUA HUGO WOLF,424,CASA,,,BAIRRO SANTA FELICIDADE,,Domicílio particular,,-0,,5,3,82410040
410690205050168,Urbano,RUA HUGO WOLF,436,CASA,,,BAIRRO SANTA FELICIDADE,,Domicílio particular,,-0,,5,3,82410040
410690205050168,Urbano,RUA HUGO WOLF,462,CASA,,,BAIRRO SANTA FELICIDADE,,Domicílio particular,,-0,,5,3,82410040
410690205050168,Urbano,RUA HUGO WOLF,419,CASA,,,BAIRRO SANTA FELICIDADE,,Domicílio particular,,-0,,6,1,82410040
410690205050168,Urbano,RUA HUGO WOLF,417,CASA,,,BAIRRO SANTA FELICIDADE,,Domicílio particular,,-0,,6,1,82410040
410690205050168,Urbano,RUA HUGO WOLF,391,SOBRADO 1,,,BAIRRO SANTA FELICIDADE,,Domicílio particular,,-0,,6,1,82410040
410690205050168,Urbano,RUA HUGO WOLF,391,SOBRADO 2,,,BAIRRO SANTA FELICIDADE,,Domicílio particular,,-0,,6,1,82410040
410690205050168,Urbano,RUA HUGO WOLF,391,SOBRADO 4,,,BAIRRO SANTA FELICIDADE,,Domicílio particular,,-0,,6,1,82410040
410690205050168,Urbano,RUA HUGO WOLF,377,CASA,,,BAIRRO SANTA FELICIDADE,,Domicílio particular,,-0,,6,1,82410040
410690205050168,Urbano,RUA HUGO WOLF,377,FUNDOS,,,BAIRRO SANTA FELICIDADE,,Domicílio particular,,-0,,6,1,82410040
410690205050168,Urbano,RUA HUGO WOLF,363,CASA,,,BAIRRO SANTA FELICIDADE,,Domicílio particular,,-0,,6,1,82410040
410690205050168,Urbano,RUA HUGO WOLF,363,FUNDOS,,,BAIRRO SANTA FELICIDADE,,Domicílio particular,,-0,,6,1,82410040
410690205050168,Urbano,RUA HUGO WOLF,349,SOBRADO,,,BAIRRO SANTA FELICIDADE,,Domicílio particular,,-0,,6,1,82410040
410690205050168,Urbano,RUA HUGO WOLF,349,SOBRADO 1,,,BAIRRO SANTA FELICIDADE,,Domicílio particular,,-0,,6,1,82410040
410690205050168,Urbano,RUA HUGO WOLF,349,SOBRADO 2,,,BAIRRO SANTA FELICIDADE,,Domicílio particular,,-0,,6,1,82410040
410690205050168,Urbano,RUA HUGO WOLF,321,CASA,,,BAIRRO SANTA FELICIDADE,,Domicílio particular,,-0,,6,1,82410040
410690205050168,Urbano,RUA HUGO WOLF,321,CASA,,,BAIRRO SANTA FELICIDADE,,Domicílio particular,,-0,,6,1,82410040
410690205050168,Urbano,RUA HUGO WOLF,307,CASA,,,BAIRRO SANTA FELICIDADE,,Domicílio particular,,-0,,6,1,82410040
410690205050168,Urbano,RUA MOZART CORREIA DE SOUZA PINTO,9,CASA,,,BAIRRO SANTA FELICIDADE,,Domicílio particular,,-0,,6,2,82410640
410690205050168,Urbano,RUA MOZART CORREIA DE SOUZA PINTO,72,CASA,,,BAIRRO SANTA FELICIDADE,,Domicílio particular,,-0,,6,2,82410640
410690205050168,Urbano,RUA MOZART CORREIA DE SOUZA PINTO,72,BARRACAO,,,BAIRRO SANTA FELICIDADE,,Estabelecimento de outras finalidades,MARCENARIA,Único,,6,2,82410640
410690205050168,Urbano,RUA GERONIMO MURARO,1120,SOBRADO 1,,,BAIRRO SANTA FELICIDADE,,Edificação em construção,,-0,,6,3,82410020
410690205050168,Urbano,RUA GERONIMO MURARO,1120,SOBRADO 2,,,BAIRRO SANTA FELICIDADE,,Edificação em construção,,-0,,6,3,82410020
410690205050168,Urbano,RUA GERONIMO MURARO,1120,SOBRADO 3,,,BAIRRO SANTA FELICIDADE,,Edificação em construção,,-0,,6,3,82410020
410690205050168,Urbano,RUA GERONIMO MURARO,1140,SOBRADO 1,,,BAIRRO SANTA FELICIDADE,,Domicílio particular,,-0,,6,3,82410020
410690205050168,Urbano,RUA GERONIMO MURARO,1140,SOBRADO 2,,,BAIRRO SANTA FELICIDADE,,Domicílio particular,,-0,,6,3,82410020
410690205050168,Urbano,RUA GERONIMO MURARO,1160,SOBRADO,,,BAIRRO SANTA FELICIDADE,,Domicílio particular,,-0,,6,3,82410020
410690205050168,Urbano,RUA GERONIMO MURARO,1176,CASA,,,BAIRRO SANTA FELICIDADE,,Domicílio particular,,-0,,6,3,82410020
410690205050168,Urbano,RUA GERONIMO MURARO,1190,CASA,,,BAIRRO SANTA FELICIDADE,,Domicílio particular,,-0,,6,3,82410020
410690205050168,Urbano,RUA GERONIMO MURARO,1210,CASA,,,BAIRRO SANTA FELICIDADE,,Domicílio particular,,-0,,6,3,82410020
410690205050168,Urbano,RUA GERONIMO MURARO,1210,FUNDOS,,,BAIRRO SANTA FELICIDADE,,Domicílio particular,,-0,,6,3,82410020
410690205050168,Urbano,RUA GERONIMO MURARO,1210,FUNDOS,,,BAIRRO SANTA FELICIDADE,,Domicílio particular,,-0,,6,3,82410020
410690205050168,Urbano,RUA GERONIMO MURARO,1026,SOBRADO a,,,BAIRRO SANTA FELICIDADE,,Domicílio particular,,-0,,6,3,82410020
410690205050168,Urbano,RUA GERONIMO MURARO,1234,SOBRADO b 1,,,BAIRRO SANTA FELICIDADE,,Domicílio particular,,-0,,6,3,82410020
410690205050168,Urbano,RUA GERONIMO MURARO,1234,SOBRADO b 2,,,BAIRRO SANTA FELICIDADE,,Domicílio particular,,-0,,6,3,82410020
410690205050168,Urbano,RUA GERONIMO MURARO,1234,SOBRADO b 3,,,BAIRRO SANTA FELICIDADE,,Domicílio particular,,-0,,6,3,82410020
410690205050168,Urbano,RUA JOAO DARIF,145,SOBRADO,,,BAIRRO SANTA FELICIDADE,,Domicílio particular,,-0,,6,4,82410070
410690205050168,Urbano,RUA JOAO DARIF,107,SOBRADO,,,BAIRRO SANTA FELICIDADE,,Domicílio particular,,-0,,6,4,82410070
410690205050168,Urbano,RUA HUGO WOLF,273,CASA,,,BAIRRO SANTA FELICIDADE,,Domicílio particular,,-0,,7,1,82410040
410690205050168,Urbano,RUA HUGO WOLF,273,FUNDOS,,,BAIRRO SANTA FELICIDADE,,Domicílio particular,,-0,,7,1,82410040
410690205050168,Urbano,RUA HUGO WOLF,259,SOBRADO,,,BAIRRO SANTA FELICIDADE,,Domicílio particular,,-0,,7,1,82410040
410690205050168,Urbano,RUA HUGO WOLF,243,CASA,,,BAIRRO SANTA FELICIDADE,,Domicílio particular,,-0,,7,1,82410040
410690205050168,Urbano,RUA HUGO WOLF,229,SOBRADO,,,BAIRRO SANTA FELICIDADE,,Edificação em construção,,-0,,7,1,82410040
410690205050168,Urbano,RUA HUGO WOLF,SN,CASA,,,BAIRRO SANTA FELICIDADE,,Edificação em construção,,-0,,7,1,82410040
410690205050168,Urbano,RUA HUGO WOLF,215,CASA,,,BAIRRO SANTA FELICIDADE,,Domicílio particular,,-0,,7,1,82410040
410690205050168,Urbano,RUA HUGO WOLF,199,CASA,,,BAIRRO SANTA FELICIDADE,,Domicílio particular,,-0,,7,1,82410040
410690205050168,Urbano,RUA HUGO WOLF,199,CASA 1,,,BAIRRO SANTA FELICIDADE,,Domicílio particular,,-0,,7,1,82410040
410690205050168,Urbano,RUA HUGO WOLF,199,CASA 2,,,BAIRRO SANTA FELICIDADE,,Domicílio particular,,-0,,7,1,82410040
410690205050168,Urbano,RUA HUGO WOLF,199,CASA 3,,,BAIRRO SANTA FELICIDADE,,Domicílio particular,,-0,,7,1,82410040
410690205050168,Urbano,RUA HUGO WOLF,199,CASA 4,,,BAIRRO SANTA FELICIDADE,,Domicílio particular,,-0,,7,1,82410040
410690205050168,Urbano,RUA HUGO WOLF,185,CASA,,,BAIRRO SANTA FELICIDADE,,Domicílio particular,,-0,,7,1,82410040
410690205050168,Urbano,RUA HUGO WOLF,74,CASA,,,BAIRRO SANTA FELICIDADE,,Domicílio particular,,-0,,7,1,82410040
410690205050168,Urbano,RUA HUGO WOLF,59,CASA,,,BAIRRO SANTA FELICIDADE,,Domicílio particular,,-0,,7,1,82410040
410690205050168,Urbano,RUA HUGO WOLF,87,SOBRADO 1,,,BAIRRO SANTA FELICIDADE,,Domicílio particular,,-0,,7,1,82410040
410690205050168,Urbano,RUA HUGO WOLF,87,SOBRADO 2,,,BAIRRO SANTA FELICIDADE,,Domicílio particular,,-0,,7,1,82410040
410690205050168,Urbano,RUA HUGO WOLF,87,SOBRADO 3,,,BAIRRO SANTA FELICIDADE,,Domicílio particular,,-0,,7,1,82410040
410690205050168,Urbano,RUA HUGO WOLF,87,SOBRADO 4,,,BAIRRO SANTA FELICIDADE,,Domicílio particular,,-0,,7,1,82410040
410690205050168,Urbano,RUA HUGO WOLF,87,SOBRADO 5,,,BAIRRO SANTA FELICIDADE,,Domicílio particular,,-0,,7,1,82410040
410690205050168,Urbano,RUA HUGO WOLF,73,CASA,,,BAIRRO SANTA FELICIDADE,,Domicílio particular,,-0,,7,1,82410040
410690205050168,Urbano,RUA HUGO WOLF,55,CASA,,,BAIRRO SANTA FELICIDADE,,Domicílio particular,,-0,,7,1,82410040
410690205050168,Urbano,RUA HUGO WOLF,31,CASA 1,,,BAIRRO SANTA FELICIDADE,,Domicílio particular,,-0,,7,1,82410040
410690205050168,Urbano,RUA HUGO WOLF,31,CASA 2,,,BAIRRO SANTA FELICIDADE,,Domicílio particular,,-0,,7,1,82410040
410690205050168,Urbano,RUA HUGO WOLF,31,CASA 3,,,BAIRRO SANTA FELICIDADE,,Domicílio particular,,-0,,7,1,82410040
410690205050168,Urbano,RUA FRANCISCO DALLALIBERA,1804,LOTE a,,,BAIRRO SANTA FELICIDADE,,Estabelecimento de outras finalidades,DEPOSITO,Único,,7,2,82410030
410690205050168,Urbano,RUA FRANCISCO DALLALIBERA,1854,CASA,,,BAIRRO SANTA FELICIDADE,,Domicílio particular,,-0,,7,2,82410030
410690205050168,Urbano,RUA FRANCISCO DALLALIBERA,1872,CASA,,,BAIRRO SANTA FELICIDADE,,Estabelecimento de outras finalidades,BAR MERCEARIA,Único,,7,2,82410030
410690205050168,Urbano,RUA FRANCISCO DALLALIBERA,1872,ANEXO,,,BAIRRO SANTA FELICIDADE,,Estabelecimento de outras finalidades,PAIOL DE GRAOS,Único,,7,2,82410030
410690205050168,Urbano,RUA GERONIMO MURARO,836,BARRACAO,,,BAIRRO SANTA FELICIDADE,,Estabelecimento de outras finalidades,DEPOSITO DO BAR,Único,,7,3,82410020
410690205050168,Urbano,RUA GERONIMO MURARO,836,CASA,,,BAIRRO SANTA FELICIDADE,,Domicílio particular,,-0,,7,3,82410020
410690205050168,Urbano,RUA GERONIMO MURARO,846,CASA,,,BAIRRO SANTA FELICIDADE,,Domicílio particular,,-0,,7,3,82410020
410690205050168,Urbano,RUA GERONIMO MURARO,860,SOBRADO,,,BAIRRO SANTA FELICIDADE,,Domicílio particular,,-0,,7,3,82410020
410690205050168,Urbano,RUA GERONIMO MURARO,896,CASA,,,BAIRRO SANTA FELICIDADE,,Domicílio particular,,-0,,7,3,82410020
410690205050168,Urbano,RUA GERONIMO MURARO,896,CASA 1,,,BAIRRO SANTA FELICIDADE,,Domicílio particular,,-0,,7,3,82410020
410690205050168,Urbano,RUA GERONIMO MURARO,SN,LOTE,,,BAIRRO SANTA FELICIDADE,,Estabelecimento de outras finalidades,PLANTACAO LEGUMES E VERDURAS,Único,,7,3,82410020
410690205050168,Urbano,RUA GERONIMO MURARO,940,CASA,,,BAIRRO SANTA FELICIDADE,,Domicílio particular,,-0,,7,3,82410020
410690205050168,Urbano,RUA GERONIMO MURARO,963,CASA 1,,,BAIRRO SANTA FELICIDADE,,Domicílio particular,,-0,,7,3,82410020
410690205050168,Urbano,RUA GERONIMO MURARO,963,CASA 2,,,BAIRRO SANTA FELICIDADE,,Domicílio particular,,-0,,7,3,82410020
410690205050168,Urbano,RUA GERONIMO MURARO,963,CASA 3,,,BAIRRO SANTA FELICIDADE,,Domicílio particular,,-0,,7,3,82410020
410690205050168,Urbano,RUA GERONIMO MURARO,963,CASA 4,,,BAIRRO SANTA FELICIDADE,,Domicílio particular,,-0,,7,3,82410020
410690205050168,Urbano,RUA GERONIMO MURARO,963,CASA 5,,,BAIRRO SANTA FELICIDADE,,Domicílio particular,,-0,,7,3,82410020
410690205050168,Urbano,RUA GERONIMO MURARO,963,CASA 6,,,BAIRRO SANTA FELICIDADE,,Domicílio particular,,-0,,7,3,82410020
410690205050168,Urbano,RUA GERONIMO MURARO,981,CASA,,,BAIRRO SANTA FELICIDADE,,Domicílio particular,,-0,,7,3,82410020
410690205050168,Urbano,RUA GERONIMO MURARO,SN,CASA,,,BAIRRO SANTA FELICIDADE,,Domicílio particular,,-0,,7,3,82410020
410690205050168,Urbano,RUA GERONIMO MURARO,980,CASA,,,BAIRRO SANTA FELICIDADE,,Domicílio particular,,-0,,7,3,82410020
410690205050168,Urbano,RUA GERONIMO MURARO,990,SOBRADO 1,,,BAIRRO SANTA FELICIDADE,,Domicílio particular,,-0,,7,3,82410020
410690205050168,Urbano,RUA GERONIMO MURARO,990,SOBRADO 2,,,BAIRRO SANTA FELICIDADE,,Domicílio particular,,-0,,7,3,82410020
410690205050168,Urbano,RUA GERONIMO MURARO,990,SOBRADO 3,,,BAIRRO SANTA FELICIDADE,,Domicílio particular,,-0,,7,3,82410020
410690205050168,Urbano,RUA GERONIMO MURARO,1010,SOBRADO 2,,,BAIRRO SANTA FELICIDADE,,Domicílio particular,,-0,,7,3,82410020
410690205050168,Urbano,RUA GERONIMO MURARO,1010,SOBRADO 1,,,BAIRRO SANTA FELICIDADE,,Domicílio particular,,-0,,7,3,82410020
410690205050168,Urbano,RUA GERONIMO MURARO,1030,SOBRADO 2,,,BAIRRO SANTA FELICIDADE,,Domicílio particular,,-0,,7,3,82410020
410690205050168,Urbano,RUA GERONIMO MURARO,1030,SOBRADO 1,,,BAIRRO SANTA FELICIDADE,,Domicílio particular,,-0,,7,3,82410020
410690205050168,Urbano,RUA GERONIMO MURARO,1014,SOBRADO,,,BAIRRO SANTA FELICIDADE,,Domicílio particular,,-0,,7,3,82410020
410690205050168,Urbano,RUA MOZART CORREIA DE SOUZA PINTO,3,SOBRADO,,,BAIRRO SANTA FELICIDADE,,Domicílio particular,,-0,,7,4,82410640
410690205050168,Urbano,RUA MOZART CORREIA DE SOUZA PINTO,SN,SOBRADO,,,BAIRRO SANTA FELICIDADE,,Domicílio particular,,-0,,7,4,82410640
410690205050168,Urbano,RUA MOZART CORREIA DE SOUZA PINTO,SN,SOBRADO,,,BAIRRO SANTA FELICIDADE,,Domicílio particular,,-0,,7,4,82410640
410690205050168,Urbano,RUA MOZART CORREIA DE SOUZA PINTO,73,CASA,,,BAIRRO SANTA FELICIDADE,,Estabelecimento de outras finalidades,MARCENARIA,Único,,7,4,82410640
410690205050168,Urbano,RUA MOZART CORREIA DE SOUZA PINTO,SN,CASA,,,BAIRRO SANTA FELICIDADE,,Domicílio particular,,-0,,7,4,82410640
410690205050168,Urbano,AVENIDA FRANCISCO GULIN,1016,CASA,,,BAIRRO SANTA FELICIDADE,,Domicílio particular,,-0,,8,1,82410010
410690205050168,Urbano,RUA MARECHAL LOTT,291,SOBRADO 1,,,BAIRRO SANTA FELICIDADE,,Domicílio particular,,-0,,8,2,82410090
410690205050168,Urbano,RUA GERONIMO MURARO,1467,SOBRADO,,,BAIRRO SANTA FELICIDADE,,Domicílio particular,,-0,,8,3,82410020
410690205050168,Urbano,AVENIDA FRANCISCO GULIN,1530,CASA,,,BAIRRO SANTA FELICIDADE,,Domicílio particular,,-0,,1,4,82410010
410690205050168,Urbano,AVENIDA FRANCISCO GULIN,1550,CASA,,,BAIRRO SANTA FELICIDADE,,Domicílio particular,,-0,,1,4,82410010
410690205050168,Urbano,RUA MARECHAL LOTT,95,ANDAR 2,,,BAIRRO SANTA FELICIDADE,,Domicílio particular,,-0,,2,1,82410090
410690205050168,Urbano,RUA JOAO REFFO,673,CASA 4,,,BAIRRO SANTA FELICIDADE,,Domicílio particular,,-0,,2,2,82410000
410690205050168,Urbano,RUA JOAO REFFO,896,ANDAR SUPERIOR,,,BAIRRO SANTA FELICIDADE,,Domicílio particular,,-0,,3,1,82410000
410690205050168,Urbano,RUA MARECHAL LOTT,252,,,,SANTA FELICIDADE,,Edificação em construção,,-0,,1,3,82410090
410690205050168,Urbano,RUA MARECHAL LOTT,290,,,,SANTA FELICIDADE,,Edificação em construção,,-0,,1,3,82410090
410690205050168,Urbano,RUA JOAO DARIF,130,SOBRADO 6,,,BAIRRO SANTA FELICIDADE,,Domicílio particular,,-0,,3,2,82410070
410690205050168,Urbano,RUA JOAO DARIF,162,SOBRADO 1,,,BAIRRO SANTA FELICIDADE,,Domicílio particular,,-0,,3,2,82410070
410690205050168,Urbano,RUA JOAO DARIF,162,SOBRADO 2,,,BAIRRO SANTA FELICIDADE,,Domicílio particular,,-0,,3,2,82410070
410690205050168,Urbano,RUA JOAO DARIF,162,SOBRADO 3,,,BAIRRO SANTA FELICIDADE,,Domicílio particular,,-0,,3,2,82410070
410690205050168,Urbano,RUA JOAO DARIF,162,SOBRADO 4,,,BAIRRO SANTA FELICIDADE,,Domicílio particular,,-0,,3,2,82410070
410690205050168,Urbano,RUA JOAO DARIF,162,SOBRADO 5,,,BAIRRO SANTA FELICIDADE,,Domicílio particular,,-0,,3,2,82410070
410690205050168,Urbano,RUA ALCIDES DARCANCHY,395,CASA B,,,BAIRRO SANTA FELICIDADE,,Domicílio particular,,-0,,4,1,82410160
410690205050168,Urbano,RUA ALCIDES DARCANCHY,395,CASA C,,,BAIRRO SANTA FELICIDADE,,Domicílio particular,,-0,,4,1,82410160
410690205050168,Urbano,RUA ALCIDES DARCANCHY,317,SOBRADO B,,,BAIRRO SANTA FELICIDADE,,Domicílio particular,,-0,,4,1,82410160
410690205050168,Urbano,RUA JOAO REFFO,899,CASA,,,BAIRRO SANTA FELICIDADE,,Domicílio particular,,-0,,4,3,82410000
410690205050168,Urbano,RUA JOSE ZARDO,28,CASA B,,,BAIRRO SANTA FELICIDADE,,Domicílio particular,,-0,,4,2,82410170
410690205050168,Urbano,RUA HUGO WOLF,419,CASA FUNDOS,,,BAIRRO SANTA FELICIDADE,,Domicílio particular,,-0,,6,1,82410040
410690205050168,Urbano,RUA HUGO WOLF,59,CASA 1,,,BAIRRO SANTA FELICIDADE,,Domicílio particular,,-0,,7,1,82410040
410690205050168,Urbano,RUA HUGO WOLF,59,CASA 2,,,BAIRRO SANTA FELICIDADE,,Domicílio particular,,-0,,7,1,82410040
410690205050168,Urbano,RUA HUGO WOLF,59,CASA 3,,,BAIRRO SANTA FELICIDADE,,Domicílio particular,,-0,,7,1,82410040
410690205050168,Urbano,RUA HUGO WOLF,59,CASA 4,,,BAIRRO SANTA FELICIDADE,,Domicílio particular,,-0,,7,1,82410040
410690205050168,Urbano,RUA HUGO WOLF,59,CASA 5,,,BAIRRO SANTA FELICIDADE,,Domicílio particular,,-0,,7,1,82410040
410690205050168,Urbano,RUA HUGO WOLF,59,CASA 6,,,BAIRRO SANTA FELICIDADE,,Domicílio particular,,-0,,7,1,82410040
410690205050168,Urbano,AVENIDA FRANCISCO GULIN,1060,SOBRADO 1,,,BAIRRO SANTA FELICIDADE,,Edificação em construção,,-0,,8,1,82410010
410690205050168,Urbano,AVENIDA FRANCISCO GULIN,1060,SOBRADO 2,,,BAIRRO SANTA FELICIDADE,,Edificação em construção,,-0,,8,1,82410010
410690205050168,Urbano,AVENIDA FRANCISCO GULIN,1060,SOBRADO 3,,,BAIRRO SANTA FELICIDADE,,Edificação em construção,,-0,,8,1,82410010
410690205050168,Urbano,AVENIDA FRANCISCO GULIN,1080,SOBRADO 1,,,BAIRRO SANTA FELICIDADE,,Edificação em construção,,-0,,8,1,82410010
410690205050168,Urbano,AVENIDA FRANCISCO GULIN,1080,SOBRADO 2,,,BAIRRO SANTA FELICIDADE,,Edificação em construção,,-0,,8,1,82410010
410690205050168,Urbano,AVENIDA FRANCISCO GULIN,1080,SOBRADO 3,,,BAIRRO SANTA FELICIDADE,,Edificação em construção,,-0,,8,1,82410010
410690205050168,Urbano,AVENIDA FRANCISCO GULIN,1080,SOBRADO 4,,,BAIRRO SANTA FELICIDADE,,Edificação em construção,,-0,,8,1,82410010
410690205050168,Urbano,AVENIDA FRANCISCO GULIN,1144,CASA FRENTE,,,BAIRRO SANTA FELICIDADE,,Domicílio particular,,-0,,8,1,82410010
410690205050168,Urbano,AVENIDA FRANCISCO GULIN,1144,CASA FUNDOS,,,BAIRRO SANTA FELICIDADE,,Domicílio particular,,-0,,8,1,82410010
410690205050168,Urbano,AVENIDA FRANCISCO GULIN,116048,CASA,,,BAIRRO SANTA FELICIDADE,,Domicílio particular,,-0,,8,1,82410010
410690205050168,Urbano,AVENIDA FRANCISCO GULIN,1178,CASA,,,BAIRRO SANTA FELICIDADE,,Domicílio particular,,-0,,8,1,82410010
410690205050168,Urbano,AVENIDA FRANCISCO GULIN,1196,CASA,,,BAIRRO SANTA FELICIDADE,,Domicílio particular,,-0,,8,1,82410010
410690205050168,Urbano,AVENIDA FRANCISCO GULIN,1214,CASA 2,,,BAIRRO SANTA FELICIDADE,,Domicílio particular,,-0,,8,1,82410010
410690205050168,Urbano,AVENIDA FRANCISCO GULIN,1214,CASA 3,,,BAIRRO SANTA FELICIDADE,,Domicílio particular,,-0,,8,1,82410010
410690205050168,Urbano,AVENIDA FRANCISCO GULIN,1214,CASA 4,,,BAIRRO SANTA FELICIDADE,,Domicílio particular,,-0,,8,1,82410010
410690205050168,Urbano,AVENIDA FRANCISCO GULIN,1232,CAIS 1,,,BAIRRO SANTA FELICIDADE,,Domicílio particular,,-0,,8,1,82410010
410690205050168,Urbano,AVENIDA FRANCISCO GULIN,1232,CASA 2,,,BAIRRO SANTA FELICIDADE,,Domicílio particular,,-0,,8,1,82410010
410690205050168,Urbano,AVENIDA FRANCISCO GULIN,1232,CAIS 3,,,BAIRRO SANTA FELICIDADE,,Domicílio particular,,-0,,8,1,82410010
410690205050168,Urbano,AVENIDA FRANCISCO GULIN,1232,CASA 4,,,BAIRRO SANTA FELICIDADE,,Domicílio particular,,-0,,8,1,82410010
410690205050168,Urbano,AVENIDA FRANCISCO GULIN,1232,CASA 5,,,BAIRRO SANTA FELICIDADE,,Domicílio particular,,-0,,8,1,82410010
410690205050168,Urbano,AVENIDA FRANCISCO GULIN,1252,,,,BAIRRO SANTA FELICIDADE,,Domicílio particular,,-0,,8,1,82410010
410690205050168,Urbano,AVENIDA FRANCISCO GULIN,1252,CASA,,,BAIRRO SANTA FELICIDADE,,Domicílio particular,,-0,,8,1,82410010
410690205050168,Urbano,AVENIDA FRANCISCO GULIN,1322,CASA,,,BAIRRO SANTA FELICIDADE,,Domicílio particular,,-0,,8,1,82410010
410690205050168,Urbano,AVENIDA FRANCISCO GULIN,1408,CASA,,,BAIRRO SANTA FELICIDADE,,Domicílio particular,,-0,,8,1,82410010
410690205050168,Urbano,AVENIDA FRANCISCO GULIN,81,CASA,,,BAIRRO SANTA FELICIDADE,,Domicílio particular,,-0,,8,1,82410010
410690205050168,Urbano,RUA MARECHAL LOTT,291,CASA 2,,,BAIRRO SANTA FELICIDADE,,Domicílio particular,,-0,,8,2,82410090
410690205050168,Urbano,RUA MARECHAL LOTT,291,CASA 3,,,BAIRRO SANTA FELICIDADE,,Domicílio particular,,-0,,8,2,82410090
410690205050168,Urbano,RUA MARECHAL LOTT,291,CASA 4,,,BAIRRO SANTA FELICIDADE,,Domicílio particular,,-0,,8,2,82410090
410690205050168,Urbano,RUA MARECHAL LOTT,291,CASA 5,,,BAIRRO SANTA FELICIDADE,,Domicílio particular,,-0,,8,2,82410090
410690205050168,Urbano,RUA MARECHAL LOTT,291,CASA 6,,,BAIRRO SANTA FELICIDADE,,Domicílio particular,,-0,,8,2,82410090
410690205050168,Urbano,RUA MARECHAL LOTT,291,CASA 7,,,BAIRRO SANTA FELICIDADE,,Domicílio particular,,-0,,8,2,82410090
410690205050168,Urbano,RUA MARECHAL LOTT,291,CASA 8,,,BAIRRO SANTA FELICIDADE,,Domicílio particular,,-0,,8,2,82410090
410690205050168,Urbano,RUA MARECHAL LOTT,291,CASA 9,,,BAIRRO SANTA FELICIDADE,,Domicílio particular,,-0,,8,2,82410090
410690205050168,Urbano,RUA MARECHAL LOTT,291,CASA 10,,,BAIRRO SANTA FELICIDADE,,Domicílio particular,,-0,,8,2,82410090
410690205050168,Urbano,RUA GERONIMO MURARO,1467,CASA FUNDOS,,,BAIRRO SANTA FELICIDADE,,Domicílio particular,,-0,,8,3,82410020
410690205050168,Urbano,RUA GERONIMO MURARO,1457,,,,BAIRRO SANTA FELICIDADE,,Estabelecimento de outras finalidades,IGREJA,Único,,8,3,82410020
410690205050168,Urbano,RUA GERONIMO MURARO,1403,CASA 1,,,BAIRRO SANTA FELICIDADE,,Estabelecimento de outras finalidades,RESTAURANTE,Único,,8,3,82410020
410690205050168,Urbano,RUA GERONIMO MURARO,1403,CASA 1,,,BAIRRO SANTA FELICIDADE,,Domicílio particular,,-0,,8,3,82410020
410690205050168,Urbano,RUA GERONIMO MURARO,1403,BARRACAO 2,,,BAIRRO SANTA FELICIDADE,,Estabelecimento de outras finalidades,RESTAURANTE DO DE,Único,,8,3,82410020
410690205050168,Urbano,RUA GERONIMO MURARO,1450,CASA,,,BAIRRO SANTA FELICIDADE,,Domicílio particular,,-0,,8,3,82410020
410690205050168,Urbano,RUA GERONIMO MURARO,1445,CASA,,,BAIRRO SANTA FELICIDADE,,Domicílio particular,,-0,,8,3,82410020
410690205050168,Urbano,RUA GERONIMO MURARO,1297,CASA,,,BAIRRO SANTA FELICIDADE,,Domicílio particular,,-0,,8,3,82410020
410690205050168,Urbano,RUA GERONIMO MURARO,1281,CASA,,,BAIRRO SANTA FELICIDADE,,Domicílio particular,,-0,,8,3,82410020
410690205050168,Urbano,RUA GERONIMO MURARO,1281,CASA CASA 2,,,BAIRRO SANTA FELICIDADE,,Domicílio particular,,-0,,8,3,82410020
410690205050168,Urbano,RUA GERONIMO MURARO,1237A,BARRACAO,,,BAIRRO SANTA FELICIDADE,,Estabelecimento de outras finalidades,MECANICA,Único,,8,3,82410020
410690205050168,Urbano,RUA GERONIMO MURARO,1237,CASA B,,,BAIRRO SANTA FELICIDADE,,Domicílio particular,,-0,,8,3,82410020
410690205050168,Urbano,RUA GERONIMO MURARO,1340,CASA 1,,,BAIRRO SANTA FELICIDADE,,Domicílio particular,,-0,,8,3,82410020
410690205050168,Urbano,RUA GERONIMO MURARO,1340,CASA 2,,,BAIRRO SANTA FELICIDADE,,Domicílio particular,,-0,,8,3,82410020
410690205050168,Urbano,RUA GERONIMO MURARO,1340,CASA 3,,,BAIRRO SANTA FELICIDADE,,Domicílio particular,,-0,,8,3,82410020
410690205050168,Urbano,RUA GERONIMO MURARO,1340,CASA 4,,,BAIRRO SANTA FELICIDADE,,Domicílio particular,,-0,,8,3,82410020
410690205050168,Urbano,RUA GERONIMO MURARO,1340,CASA 5,,,BAIRRO SANTA FELICIDADE,,Domicílio particular,,-0,,8,3,82410020
410690205050168,Urbano,RUA GERONIMO MURARO,1215,CASA 1,,,BAIRRO SANTA FELICIDADE,,Domicílio particular,,-0,,8,3,82410020
410690205050168,Urbano,RUA GERONIMO MURARO,1215,CASA 2,,,BAIRRO SANTA FELICIDADE,,Domicílio particular,,-0,,8,3,82410020
410690205050168,Urbano,RUA GERONIMO MURARO,1209,CASA,,,BAIRRO SANTA FELICIDADE,,Domicílio particular,,-0,,8,3,82410020
410690205050168,Urbano,RUA GERONIMO MURARO,1133,CASA 2,,,BAIRRO SANTA FELICIDADE,,Domicílio particular,,-0,,8,3,82410020
410690205050168,Urbano,RUA GERONIMO MURARO,1133,CASA 1,,,BAIRRO SANTA FELICIDADE,,Domicílio particular,,-0,,8,3,82410020
410690205050168,Urbano,RUA GERONIMO MURARO,1081,CONJUNTO,,,BAIRRO SANTA FELICIDADE,,Edificação em construção,,-0,,8,3,82410020
410690205050168,Urbano,RUA GERONIMO MURARO,999,CASA,,,BAIRRO SANTA FELICIDADE,,Estabelecimento de outras finalidades,ATELIER,Único,,8,3,82410020
410690205050168,Urbano,RUA GERONIMO MURARO,1340,CASA 6,,,BAIRRO SANTA FELICIDADE,,Domicílio particular,,-0,,8,3,82410020
410690205050168,Urbano,RUA GERONIMO MURARO,1437,CASA 3,,,BAIRRO SANTA FELICIDADE,,Domicílio particular,,-0,,8,3,82410020
410690205050168,Urbano,RUA JOAO REFFO,673,APARTAMENTO 2,,,BAIRRO SANTA FELICIDADE,,Domicílio particular,,-0,,2,2,82410000
410690205050168,Urbano,RUA GERONIMO MURARO,1209,CASA 1,,,BAIRRO SANTA FELICIDADE,,Domicílio particular,,-0,,8,3,82410020
410690205050168,Urbano,AVENIDA FRANCISCO GULIN,1644,CASA,,,BAIRRO SANTA FELICIDADE,,Domicílio particular,,-0,,1,4,82410010
