Código da unidade geográfica,Situação do setor,Logradouro,Número no logradouro,Complemento,Latitude,Longitude,Localidade,Ponto de referência,Espécie de endereço,Tipo de estabelecimento,Indicador de endereço,Identificação domicílio coletivo,Número da quadra,Número da face,CEP
410690205050157,Urbano,AVENIDA MANOEL RIBAS,7525,LOJA,,,BAIRRO BUTIATUVINHA,,Estabelecimento de outras finalidades,LOTERIA MANOEL RIBAS,Múltiplo,,1,1,82400000
410690205050157,Urbano,AVENIDA MANOEL RIBAS,7525,LOJA,,,BAIRRO BUTIATUVINHA,,Estabelecimento de outras finalidades,EMPORIO CACAU E ROSA,Único,,1,1,82400000
410690205050157,Urbano,AVENIDA MANOEL RIBAS,7505,SOBRADO ap 1,,,BAIRRO BUTIATUVINHA,,Estabelecimento de outras finalidades,PECAS USADAS,Único,,1,1,82400000
410690205050157,Urbano,AVENIDA MANOEL RIBAS,7505,SOBRADO ap 1,,,BAIRRO BUTIATUVINHA,,Domicílio particular,,-0,,1,1,82400000
410690205050157,Urbano,AVENIDA MANOEL RIBAS,7505,SOBRADO 2,,,BAIRRO BUTIATUVINHA,,Estabelecimento de outras finalidades,GRAFICA,Único,,1,1,82400000
410690205050157,Urbano,AVENIDA MANOEL RIBAS,7505,SOBRADO 2,,,BAIRRO BUTIATUVINHA,,Domicílio particular,,-0,,1,1,82400000
410690205050157,Urbano,AVENIDA MANOEL RIBAS,7497,SOBRADO,,,BAIRRO BUTIATUVINHA,,Estabelecimento de outras finalidades,BETO CHAVEIRO,Único,,1,1,82400000
410690205050157,Urbano,AVENIDA MANOEL RIBAS,7497,APARTAMENTO 1,,,BAIRRO BUTIATUVINHA,,Domicílio particular,,-0,,1,1,82400000
410690205050157,Urbano,AVENIDA MANOEL RIBAS,7497,APARTAMENTO 2,,,BAIRRO BUTIATUVINHA,,Domicílio particular,,-0,,1,1,82400000
410690205050157,Urbano,AVENIDA MANOEL RIBAS,7487,LOJA,,,BAIRRO BUTIATUVINHA,,Estabelecimento de outras finalidades,LOJA LUNA,Único,,1,1,82400000
410690205050157,Urbano,AVENIDA MANOEL RIBAS,7487,CASA,,,BAIRRO BUTIATUVINHA,,Domicílio particular,,-0,,1,1,82400000
410690205050157,Urbano,AVENIDA MANOEL RIBAS,7487,SOBRADO,,,BAIRRO BUTIATUVINHA,,Domicílio particular,,-0,,1,1,82400000
410690205050157,Urbano,AVENIDA MANOEL RIBAS,7457,BARRACAO,,,BAIRRO BUTIATUVINHA,,Estabelecimento de outras finalidades,SUPERMERCADO SUPER DIP,Único,,1,1,82400000
410690205050157,Urbano,AVENIDA MANOEL RIBAS,7423,SOBRADO loja4,,,BAIRRO BUTIATUVINHA,,Estabelecimento de saúde,FARMACIA PACIFICO FARMA,Único,,1,1,82400000
410690205050157,Urbano,AVENIDA MANOEL RIBAS,7423,SOBRADO loja 3,,,BAIRRO BUTIATUVINHA,,Estabelecimento de outras finalidades,TELECONSERTEL,Único,,1,1,82400000
410690205050157,Urbano,AVENIDA MANOEL RIBAS,7423,SOBRADO loja 2,,,BAIRRO BUTIATUVINHA,,Estabelecimento de outras finalidades,SALAO LUCKI FASHION,Único,,1,1,82400000
410690205050157,Urbano,AVENIDA MANOEL RIBAS,7423,SOBRADO loja 1,,,BAIRRO BUTIATUVINHA,,Estabelecimento de outras finalidades,LANCHONETE KI LANCHES,Único,,1,1,82400000
410690205050157,Urbano,AVENIDA MANOEL RIBAS,7423,APARTAMENTO cjto 01,,,BAIRRO BUTIATUVINHA,,Estabelecimento de outras finalidades,ESCRITORIO DE CONTABILIDADE,Único,,1,1,82400000
410690205050157,Urbano,AVENIDA MANOEL RIBAS,7423,APARTAMENTO cjto 02,,,BAIRRO BUTIATUVINHA,,Estabelecimento de outras finalidades,PRODUTORA DE AUDIO E VIDEO,Único,,1,1,82400000
410690205050157,Urbano,AVENIDA MANOEL RIBAS,7423,APARTAMENTO cjto 03,,,BAIRRO BUTIATUVINHA,,Estabelecimento de outras finalidades,PRODUTORA,Único,,1,1,82400000
410690205050157,Urbano,AVENIDA MANOEL RIBAS,7423,APARTAMENTO cjto 04,,,BAIRRO BUTIATUVINHA,,Estabelecimento de outras finalidades,PRODUTORA,Único,,1,1,82400000
410690205050157,Urbano,AVENIDA MANOEL RIBAS,7423,APARTAMENTO cjto 05,,,BAIRRO BUTIATUVINHA,,Estabelecimento de outras finalidades,LANCHONETE,Único,,1,1,82400000
410690205050157,Urbano,AVENIDA MANOEL RIBAS,7423,APARTAMENTO cjto 06,,,BAIRRO BUTIATUVINHA,,Estabelecimento de outras finalidades,PRODUTORA DE AUDIO E VIDEO,Único,,1,1,82400000
410690205050157,Urbano,AVENIDA MANOEL RIBAS,7407,SOBRADO loja 4,,,BAIRRO BUTIATUVINHA,,Estabelecimento de outras finalidades,LOJA LAN HOUSE,Único,,1,1,82400000
410690205050157,Urbano,AVENIDA MANOEL RIBAS,7407,SOBRADO loja 3,,,BAIRRO BUTIATUVINHA,,Estabelecimento de outras finalidades,POWERCENTRO ELETRONICO STAR,Único,,1,1,82400000
410690205050157,Urbano,AVENIDA MANOEL RIBAS,7407,SOBRADO loja 2,,,BAIRRO BUTIATUVINHA,,Estabelecimento de outras finalidades,LAN HOUSE,Único,,1,1,82400000
410690205050157,Urbano,AVENIDA MANOEL RIBAS,7407,SOBRADO loja 1,,,BAIRRO BUTIATUVINHA,,Estabelecimento de outras finalidades,CORRETORA DE SEGUROS,Único,,1,1,82400000
410690205050157,Urbano,AVENIDA MANOEL RIBAS,7407,SOBRADO cjto 1,,,BAIRRO BUTIATUVINHA,,Estabelecimento de outras finalidades,ESCRITORIO DE VENDAS,Único,,1,1,82400000
410690205050157,Urbano,AVENIDA MANOEL RIBAS,7407,SOBRADO cjto 2,,,BAIRRO BUTIATUVINHA,,Estabelecimento de outras finalidades,ESCRITORIO DECONSULTORIA,Único,,1,1,82400000
410690205050157,Urbano,AVENIDA MANOEL RIBAS,7407,SOBRADO cjto 3,,,BAIRRO BUTIATUVINHA,,Estabelecimento de outras finalidades,CORRETORA DE SEGUROS,Único,,1,1,82400000
410690205050157,Urbano,AVENIDA MANOEL RIBAS,7407,SOBRADO cjto 4,,,BAIRRO BUTIATUVINHA,,Estabelecimento de outras finalidades,ESCRITORIO DE REPRESENTACAO,Único,,1,1,82400000
410690205050157,Urbano,AVENIDA MANOEL RIBAS,7391,SOBRADO,,,BAIRRO BUTIATUVINHA,,Domicílio particular,,-0,,1,1,82400000
410690205050157,Urbano,AVENIDA MANOEL RIBAS,7391,APARTAMENTO,,,BAIRRO BUTIATUVINHA,,Estabelecimento de outras finalidades,CONSULTORIO,Único,,1,1,82400000
410690205050157,Urbano,AVENIDA MANOEL RIBAS,7391,CASA,,,BAIRRO BUTIATUVINHA,,Estabelecimento de saúde,CONSULTORIO DR VILSON JOSE DE CASTRO GAM,Único,,1,1,82400000
410690205050157,Urbano,AVENIDA MANOEL RIBAS,7371,SOBRADO,,,BAIRRO BUTIATUVINHA,,Estabelecimento de outras finalidades,SALAO DE BELEZA,Único,,1,1,82400000
410690205050157,Urbano,AVENIDA MANOEL RIBAS,7371,APARTAMENTO,,,BAIRRO BUTIATUVINHA,,Estabelecimento de outras finalidades,SALAO DE BELEZA,Único,,1,1,82400000
410690205050157,Urbano,AVENIDA MANOEL RIBAS,7371,APARTAMENTO,,,BAIRRO BUTIATUVINHA,,Domicílio particular,,-0,,1,1,82400000
410690205050157,Urbano,AVENIDA MANOEL RIBAS,7371,CASA,,,BAIRRO BUTIATUVINHA,,Estabelecimento de outras finalidades,SALAO DE BELEZA,Único,,1,1,82400000
410690205050157,Urbano,AVENIDA MANOEL RIBAS,7361,LOJA,,,BAIRRO BUTIATUVINHA,,Estabelecimento de outras finalidades,FLORICULTURA ALESIA,Único,,1,1,82400000
410690205050157,Urbano,AVENIDA MANOEL RIBAS,7361,CASA,,,BAIRRO BUTIATUVINHA,,Estabelecimento de outras finalidades,FLORICULTURA,Único,,1,1,82400000
410690205050157,Urbano,AVENIDA MANOEL RIBAS,7351,CASA,,,BAIRRO BUTIATUVINHA,,Domicílio particular,,-0,,1,1,82400000
410690205050157,Urbano,AVENIDA MANOEL RIBAS,7351,FUNDOS,,,BAIRRO BUTIATUVINHA,,Domicílio particular,,-0,,1,1,82400000
410690205050157,Urbano,AVENIDA MANOEL RIBAS,7349,CASA,,,BAIRRO BUTIATUVINHA,,Domicílio particular,,-0,,1,1,82400000
410690205050157,Urbano,AVENIDA MANOEL RIBAS,7325,,,,BAIRRO BUTIATUVINHA,,Estabelecimento de outras finalidades,PECAS USADAS,Único,,1,1,82400000
410690205050157,Urbano,AVENIDA MANOEL RIBAS,7325,CASA,,,BAIRRO BUTIATUVINHA,,Domicílio particular,,-0,,1,1,82400000
410690205050157,Urbano,AVENIDA MANOEL RIBAS,7315,SOBRADO loja,,,BAIRRO BUTIATUVINHA,,Estabelecimento de outras finalidades,ESCOLA DE INGLES,Múltiplo,,1,1,82400000
410690205050157,Urbano,AVENIDA MANOEL RIBAS,7315,APARTAMENTO,,,BAIRRO BUTIATUVINHA,,Estabelecimento de outras finalidades,ESCOLA DE INGLES,Múltiplo,,1,1,82400000
410690205050157,Urbano,AVENIDA MANOEL RIBAS,7295,SOBRADO loja 1,,,BAIRRO BUTIATUVINHA,,Estabelecimento de outras finalidades,CONSULTORIO ODONTOLOGICO,Único,,1,1,82400000
410690205050157,Urbano,AVENIDA MANOEL RIBAS,7295,SOBRADO loja 2,,,BAIRRO BUTIATUVINHA,,Estabelecimento de outras finalidades,CONSULTORIO,Único,,1,1,82400000
410690205050157,Urbano,AVENIDA MANOEL RIBAS,7295,SOBRADO loja 5,,,BAIRRO BUTIATUVINHA,,Estabelecimento de outras finalidades,COMERCIO DE EQUIPAMENTOS ORTOPEDICOS,Único,,1,1,82400000
410690205050157,Urbano,AVENIDA MANOEL RIBAS,7295,SOBRADO loja 6,,,BAIRRO BUTIATUVINHA,,Estabelecimento de outras finalidades,PAPELARIA,Único,,1,1,82400000
410690205050157,Urbano,AVENIDA MANOEL RIBAS,7295,SOBRADO loja 7,,,BAIRRO BUTIATUVINHA,,Estabelecimento de outras finalidades,SALAO DE BELEZA,Único,,1,1,82400000
410690205050157,Urbano,AVENIDA MANOEL RIBAS,7295,APARTAMENTO 1,,,BAIRRO BUTIATUVINHA,,Domicílio particular,,-0,,1,1,82400000
410690205050157,Urbano,AVENIDA MANOEL RIBAS,7295,APARTAMENTO 2,,,BAIRRO BUTIATUVINHA,,Domicílio particular,,-0,,1,1,82400000
410690205050157,Urbano,AVENIDA MANOEL RIBAS,7295,SOBRADO loja 3,,,BAIRRO BUTIATUVINHA,,Estabelecimento de outras finalidades,CONSULTORIO,Único,,1,1,82400000
410690205050157,Urbano,AVENIDA MANOEL RIBAS,7295,SOBRADO loja 4,,,BAIRRO BUTIATUVINHA,,Estabelecimento de outras finalidades,IMOBILIARIA,Único,,1,1,82400000
410690205050157,Urbano,RUA SEBASTIAO BRAGANHOLO,88,CASA,,,BAIRRO BUTIATUVINHA,,Domicílio particular,,-0,,1,2,82320200
410690205050157,Urbano,RUA SEBASTIAO BRAGANHOLO,100,CASA,,,BAIRRO BUTIATUVINHA,,Estabelecimento de outras finalidades,CLINICA VETERINARIA,Único,,1,2,82320200
410690205050157,Urbano,RUA IRMA ANGELICA MAZZAROTTO,80,CASA 1,,,BAIRRO BUTIATUVINHA,,Domicílio particular,,-0,,1,3,82320210
410690205050157,Urbano,RUA IRMA ANGELICA MAZZAROTTO,80,CASA 2,,,BAIRRO BUTIATUVINHA,,Domicílio particular,,-0,,1,3,82320210
410690205050157,Urbano,RUA IRMA ANGELICA MAZZAROTTO,80,CASA 3,,,BAIRRO BUTIATUVINHA,,Domicílio particular,,-0,,1,3,82320210
410690205050157,Urbano,RUA IRMA ANGELICA MAZZAROTTO,80,CASA 4,,,BAIRRO BUTIATUVINHA,,Domicílio particular,,-0,,1,3,82320210
410690205050157,Urbano,RUA IRMA ANGELICA MAZZAROTTO,80,CASA 5,,,BAIRRO BUTIATUVINHA,,Domicílio particular,,-0,,1,3,82320210
410690205050157,Urbano,RUA IRMA ANGELICA MAZZAROTTO,80,CASA 6,,,BAIRRO BUTIATUVINHA,,Domicílio particular,,-0,,1,3,82320210
410690205050157,Urbano,RUA IRMA ANGELICA MAZZAROTTO,80,CASA 7,,,BAIRRO BUTIATUVINHA,,Domicílio particular,,-0,,1,3,82320210
410690205050157,Urbano,RUA IRMA ANGELICA MAZZAROTTO,86,CASA,,,BAIRRO BUTIATUVINHA,,Domicílio particular,,-0,,1,4,82320210
410690205050157,Urbano,RUA IRMA ANGELICA MAZZAROTTO,SN,CASA,,,BAIRRO BUTIATUVINHA,,Domicílio particular,,-0,,1,4,82320210
410690205050157,Urbano,RUA IRMA ANGELICA MAZZAROTTO,75,SOBRADO 1,,,BAIRRO BUTIATUVINHA,,Domicílio particular,,-0,,1,4,82320210
410690205050157,Urbano,RUA IRMA ANGELICA MAZZAROTTO,75,SOBRADO 2,,,BAIRRO BUTIATUVINHA,,Domicílio particular,,-0,,1,4,82320210
410690205050157,Urbano,RUA IRMA ANGELICA MAZZAROTTO,75,SOBRADO 3,,,BAIRRO BUTIATUVINHA,,Domicílio particular,,-0,,1,4,82320210
410690205050157,Urbano,RUA IRMA ANGELICA MAZZAROTTO,75,SOBRADO 4,,,BAIRRO BUTIATUVINHA,,Domicílio particular,,-0,,1,4,82320210
410690205050157,Urbano,RUA IRMA ANGELICA MAZZAROTTO,75,SOBRADO 5,,,BAIRRO BUTIATUVINHA,,Domicílio particular,,-0,,1,4,82320210
410690205050157,Urbano,RUA IRMA ANGELICA MAZZAROTTO,75,SOBRADO 6,,,BAIRRO BUTIATUVINHA,,Domicílio particular,,-0,,1,4,82320210
410690205050157,Urbano,RUA IRMA ANGELICA MAZZAROTTO,75,SOBRADO 7,,,BAIRRO BUTIATUVINHA,,Domicílio particular,,-0,,1,4,82320210
410690205050157,Urbano,RUA IRMA ANGELICA MAZZAROTTO,75,SOBRADO 8,,,BAIRRO BUTIATUVINHA,,Domicílio particular,,-0,,1,4,82320210
410690205050157,Urbano,RUA IRMA ANGELICA MAZZAROTTO,75,SOBRADO 9,,,BAIRRO BUTIATUVINHA,,Domicílio particular,,-0,,1,4,82320210
410690205050157,Urbano,RUA IRMA ANGELICA MAZZAROTTO,75,SOBRADO 10,,,BAIRRO BUTIATUVINHA,,Domicílio particular,,-0,,1,4,82320210
410690205050157,Urbano,RUA IRMA ANGELICA MAZZAROTTO,75,SOBRADO 11,,,BAIRRO BUTIATUVINHA,,Domicílio particular,,-0,,1,4,82320210
410690205050157,Urbano,RUA IRMA ANGELICA MAZZAROTTO,75,SOBRADO 12,,,BAIRRO BUTIATUVINHA,,Domicílio particular,,-0,,1,4,82320210
410690205050157,Urbano,RUA IRMA ANGELICA MAZZAROTTO,75,SOBRADO 13,,,BAIRRO BUTIATUVINHA,,Domicílio particular,,-0,,1,4,82320210
410690205050157,Urbano,RUA JOAO BATISTA CASAGRANDE,101,CASA,,,BAIRRO BUTIATUVINHA,,Domicílio particular,,-0,,1,6,82320310
410690205050157,Urbano,RUA JOAO BATISTA CASAGRANDE,98,CASA,,,BAIRRO BUTIATUVINHA,,Domicílio particular,,-0,,1,6,82320310
410690205050157,Urbano,RUA JOAO BATISTA CASAGRANDE,113,CASA,,,BAIRRO BUTIATUVINHA,,Domicílio particular,,-0,,1,6,82320310
410690205050157,Urbano,RUA JOAO BATISTA CASAGRANDE,113,LADO,,,BAIRRO BUTIATUVINHA,,Domicílio particular,,-0,,1,6,82320310
410690205050157,Urbano,RUA JOAO BATISTA CASAGRANDE,140,CASA,,,BAIRRO BUTIATUVINHA,,Domicílio particular,,-0,,1,6,82320310
410690205050157,Urbano,RUA JOAO BATISTA CASAGRANDE,150,CASA,,,BAIRRO BUTIATUVINHA,,Domicílio particular,,-0,,1,6,82320310
410690205050157,Urbano,RUA JOAO BATISTA CASAGRANDE,9,CASA,,,BAIRRO BUTIATUVINHA,,Domicílio particular,,-0,,1,6,82320310
410690205050157,Urbano,RUA JOAO BATISTA CASAGRANDE,5,CASA,,,BAIRRO BUTIATUVINHA,,Domicílio particular,,-0,,1,6,82320310
410690205050157,Urbano,RUA JOAO BATISTA CASAGRANDE,3,CASA,,,BAIRRO BUTIATUVINHA,,Domicílio particular,,-0,,1,6,82320310
410690205050157,Urbano,TRAVESSA MARIANA,45,CASA,,,BAIRRO BUTIATUVINHA,,Domicílio particular,,-0,,1,7,82320260
410690205050157,Urbano,TRAVESSA MARIANA,39,CASA,,,BAIRRO BUTIATUVINHA,,Domicílio particular,,-0,,1,7,82320260
410690205050157,Urbano,TRAVESSA MARIANA,61,DEPOSITO,,,BAIRRO BUTIATUVINHA,,Estabelecimento de outras finalidades,DISTRIBUIDORA,Único,,1,7,82320260
410690205050157,Urbano,TRAVESSA MARIANA,36,CASA,,,BAIRRO BUTIATUVINHA,,Domicílio particular,,-0,,1,7,82320260
410690205050157,Urbano,TRAVESSA MARIANA,5,SOBRADO,,,BAIRRO BUTIATUVINHA,,Domicílio particular,,-0,,1,7,82320260
410690205050157,Urbano,AVENIDA MANOEL RIBAS,7149,PAVIMENTO,,,BAIRRO BUTIATUVINHA,,Estabelecimento de ensino,COLEGIO PROFESSOR FRANCISCO ZARDO,Único,,2,1,82400000
410690205050157,Urbano,AVENIDA MANOEL RIBAS,7199,PAVIMENTO,,,BAIRRO BUTIATUVINHA,,Estabelecimento de ensino,ESCOLA ESPECIAL,Único,,2,1,82400000
410690205050157,Urbano,AVENIDA MANOEL RIBAS,7015,CASA,,,BAIRRO BUTIATUVINHA,,Domicílio particular,,-0,,2,1,82400000
410690205050157,Urbano,AVENIDA MANOEL RIBAS,6995,CASA,,,BAIRRO BUTIATUVINHA,,Estabelecimento de outras finalidades,BAR E RESTAURANTE DO VICTOR,Único,,2,1,82400000
410690205050157,Urbano,RUA ANGELO MAZZAROTTO,100,CASA,,,BAIRRO BUTIATUVINHA,,Domicílio particular,,-0,,2,2,82320170
410690205050157,Urbano,RUA ANGELO MAZZAROTTO,7,CASA,,,BAIRRO BUTIATUVINHA,,Domicílio particular,,-0,,2,2,82320170
410690205050157,Urbano,RUA ANGELO MAZZAROTTO,9,SOBRADO,,,BAIRRO BUTIATUVINHA,,Domicílio particular,,-0,,2,2,82320170
410690205050157,Urbano,RUA JOAO TODESCHINI,352,CASA,,,BAIRRO BUTIATUVINHA,,Domicílio particular,,-0,,2,3,82320180
410690205050157,Urbano,RUA JOAO TODESCHINI,362,CASA,,,BAIRRO BUTIATUVINHA,,Domicílio particular,,-0,,2,3,82320180
410690205050157,Urbano,RUA ANGELO MAZZAROTTO,9,CASA f,,,BAIRRO BUTIATUVINHA,,Domicílio particular,,-0,,2,2,82320170
410690205050157,Urbano,RUA ANGELO MAZZAROTTO,65,SOBRADO,,,BAIRRO BUTIATUVINHA,,Edificação em construção,,-0,,2,2,82320170
410690205050157,Urbano,RUA SEBASTIAO BRAGANHOLO,123,SOBRADO,,,BAIRRO BUTIATUVINHA,,Domicílio particular,,-0,,2,4,82320200
410690205050157,Urbano,RUA SEBASTIAO BRAGANHOLO,99,PAVILHAO,,,BAIRRO BUTIATUVINHA,,Estabelecimento de saúde,ANTIGO HOSPITAL DE S FELICIDADE,Único,,2,4,82320200
410690205050157,Urbano,RUA ANGELO MAZZAROTTO,200,CASA,,,BAIRRO BUTIATUVINHA,,Domicílio particular,,-0,,3,1,82320190
410690205050157,Urbano,RUA ANGELO MAZZAROTTO,210,SOBRADO,,,BAIRRO BUTIATUVINHA,,Domicílio particular,,-0,,3,1,82320190
410690205050157,Urbano,RUA ANGELO MAZZAROTTO,250,CASA,,,BAIRRO BUTIATUVINHA,,Domicílio particular,,-0,,3,1,82320190
410690205050157,Urbano,RUA ANGELO MAZZAROTTO,268,PAVIMENTO,,,BAIRRO BUTIATUVINHA,,Estabelecimento de outras finalidades,IGREJA ADVENTISTA DO 7 DIA,Único,,3,1,82320190
410690205050157,Urbano,RUA ANGELO MAZZAROTTO,35,CASA,,,BAIRRO BUTIATUVINHA,,Domicílio particular,,-0,,3,1,82320190
410690205050157,Urbano,RUA ANGELO MAZZAROTTO,230,CASA,,,BAIRRO BUTIATUVINHA,,Domicílio particular,,-0,,3,1,82320190
410690205050157,Urbano,RUA ANGELO MAZZAROTTO,230,LADO,,,BAIRRO BUTIATUVINHA,,Domicílio particular,,-0,,3,1,82320190
410690205050157,Urbano,RUA ANGELO MAZZAROTTO,230,CASA,,,BAIRRO BUTIATUVINHA,,Domicílio particular,,-0,,3,1,82320190
410690205050157,Urbano,RUA ANGELO MAZZAROTTO,374,SOBRADO,,,BAIRRO BUTIATUVINHA,,Domicílio particular,,-0,,3,1,82320190
410690205050157,Urbano,RUA ANGELO MAZZAROTTO,386,CASA,,,BAIRRO BUTIATUVINHA,,Domicílio particular,,-0,,3,1,82320190
410690205050157,Urbano,RUA JOAO TODESCHINI,41,BARRACAO,,,BAIRRO BUTIATUVINHA,,Edificação em construção,,-0,,3,3,82320180
410690205050157,Urbano,RUA JOAO TODESCHINI,37,CASA,,,BAIRRO BUTIATUVINHA,,Domicílio particular,,-0,,3,3,82320180
410690205050157,Urbano,RUA JOAO TODESCHINI,37,FUNDOS,,,BAIRRO BUTIATUVINHA,,Domicílio particular,,-0,,3,3,82320180
410690205050157,Urbano,RUA JOAO TODESCHINI,37,FUNDOS,,,BAIRRO BUTIATUVINHA,,Domicílio particular,,-0,,3,3,82320180
410690205050157,Urbano,RUA JOAO TODESCHINI,35,CASA,,,BAIRRO BUTIATUVINHA,,Domicílio particular,,-0,,3,3,82320180
410690205050157,Urbano,RUA JOAO TODESCHINI,31,CASA,,,BAIRRO BUTIATUVINHA,,Domicílio particular,,-0,,3,3,82320180
410690205050157,Urbano,RUA JOAO TODESCHINI,383,CASA,,,BAIRRO BUTIATUVINHA,,Domicílio particular,,-0,,3,3,82320180
410690205050157,Urbano,RUA JOAO TODESCHINI,362,CASA,,,BAIRRO BUTIATUVINHA,,Domicílio particular,,-0,,3,3,82320180
410690205050157,Urbano,RUA ANGELO MAZZAROTTO,470,CASA,,,BAIRRO BUTIATUVINHA,,Domicílio particular,,-0,,4,1,82320170
410690205050157,Urbano,RUA ANGELO MAZZAROTTO,492,SOBRADO,,,BAIRRO BUTIATUVINHA,,Domicílio particular,,-0,,4,1,82320170
410690205050157,Urbano,RUA ANGELO MAZZAROTTO,508,CASA,,,BAIRRO BUTIATUVINHA,,Domicílio particular,,-0,,4,1,82320170
410690205050157,Urbano,RUA ANGELO MAZZAROTTO,508,FUNDOS,,,BAIRRO BUTIATUVINHA,,Domicílio particular,,-0,,4,1,82320170
410690205050157,Urbano,RUA ANGELO MAZZAROTTO,524,SOBRADO,,,BAIRRO BUTIATUVINHA,,Domicílio particular,,-0,,4,1,82320170
410690205050157,Urbano,RUA ANGELO MAZZAROTTO,293,BARRACAO,,,BAIRRO BUTIATUVINHA,,Estabelecimento de outras finalidades,ESCRITORIO,Único,,4,1,82320170
410690205050157,Urbano,RUA ANGELO MAZZAROTTO,293,SOBRADO,,,BAIRRO BUTIATUVINHA,,Domicílio particular,,-0,,4,1,82320170
410690205050157,Urbano,RUA SEBASTIAO BRAGANHOLO,277,SOBRADO a,,,BAIRRO BUTIATUVINHA,,Domicílio particular,,-0,,4,2,82320200
410690205050157,Urbano,RUA SEBASTIAO BRAGANHOLO,267,SOBRADO,,,BAIRRO BUTIATUVINHA,,Domicílio particular,,-0,,4,2,82320200
410690205050157,Urbano,RUA SEBASTIAO BRAGANHOLO,249,SOBRADO,,,BAIRRO BUTIATUVINHA,,Domicílio particular,,-0,,4,2,82320200
410690205050157,Urbano,RUA SEBASTIAO BRAGANHOLO,75,CASA,,,BAIRRO BUTIATUVINHA,,Domicílio particular,,-0,,4,2,82320200
410690205050157,Urbano,RUA SEBASTIAO BRAGANHOLO,75,FUNDOS,,,BAIRRO BUTIATUVINHA,,Domicílio particular,,-0,,4,2,82320200
410690205050157,Urbano,RUA SEBASTIAO BRAGANHOLO,223,CASA,,,BAIRRO BUTIATUVINHA,,Domicílio particular,,-0,,4,2,82320200
410690205050157,Urbano,RUA SEBASTIAO BRAGANHOLO,223,FUNDOS,,,BAIRRO BUTIATUVINHA,,Domicílio particular,,-0,,4,2,82320200
410690205050157,Urbano,RUA JOAO TODESCHINI,605,CASA,,,BAIRRO BUTIATUVINHA,,Domicílio particular,,-0,,4,3,82320180
410690205050157,Urbano,RUA JOAO TODESCHINI,599,SOBRADO,,,BAIRRO BUTIATUVINHA,,Domicílio particular,,-0,,4,3,82320180
410690205050157,Urbano,RUA JOAO TODESCHINI,599,CASA,,,BAIRRO BUTIATUVINHA,,Domicílio particular,,-0,,4,3,82320180
410690205050157,Urbano,RUA JOAO TODESCHINI,445,CASA,,,BAIRRO BUTIATUVINHA,,Domicílio particular,,-0,,4,3,82320180
410690205050157,Urbano,RUA JOAO TODESCHINI,571,CASA,,,BAIRRO BUTIATUVINHA,,Domicílio particular,,-0,,4,3,82320180
410690205050157,Urbano,RUA JOAO TODESCHINI,557,SOBRADO,,,BAIRRO BUTIATUVINHA,,Domicílio particular,,-0,,4,3,82320180
410690205050157,Urbano,RUA JOAO TODESCHINI,557,APARTAMENTO,,,BAIRRO BUTIATUVINHA,,Domicílio particular,,-0,,4,3,82320180
410690205050157,Urbano,RUA JOAO TODESCHINI,557,CASA,,,BAIRRO BUTIATUVINHA,,Domicílio particular,,-0,,4,3,82320180
410690205050157,Urbano,RUA JOAO TODESCHINI,10,CASA,,,BAIRRO BUTIATUVINHA,,Domicílio particular,,-0,,4,3,82320180
410690205050157,Urbano,RUA GASPAR VALENGA,4,SOBRADO,,,BAIRRO BUTIATUVINHA,,Domicílio particular,,-0,,4,4,82320190
410690205050157,Urbano,RUA GASPAR VALENGA,54,CASA,,,BAIRRO BUTIATUVINHA,,Domicílio particular,,-0,,4,4,82320190
410690205050157,Urbano,RUA GASPAR VALENGA,54,FUNDOS,,,BAIRRO BUTIATUVINHA,,Domicílio particular,,-0,,4,4,82320190
410690205050157,Urbano,RUA GASPAR VALENGA,66,CASA,,,BAIRRO BUTIATUVINHA,,Domicílio particular,,-0,,4,4,82320190
410690205050157,Urbano,RUA GASPAR VALENGA,5,SOBRADO,,,BAIRRO BUTIATUVINHA,,Domicílio particular,,-0,,4,4,82320190
410690205050157,Urbano,RUA GASPAR VALENGA,90,CASA,,,BAIRRO BUTIATUVINHA,,Domicílio particular,,-0,,4,4,82320190
410690205050157,Urbano,RUA GASPAR VALENGA,104,CASA,,,BAIRRO BUTIATUVINHA,,Domicílio particular,,-0,,4,4,82320190
410690205050157,Urbano,RUA JOAO TODESCHINI,10,FUNDOS,,,BAIRRO BUTIATUVINHA,,Domicílio particular,,-0,,4,3,82320180
410690205050157,Urbano,RUA JOAO TODESCHINI,588,CASA,,,BAIRRO BUTIATUVINHA,,Domicílio particular,,-0,,2,3,82320180
410690205050157,Urbano,RUA JOAO TODESCHINI,598,SOBRADO,,,BAIRRO BUTIATUVINHA,,Domicílio particular,,-0,,2,3,82320180
410690205050157,Urbano,RUA JOAO TODESCHINI,604,CASA,,,BAIRRO BUTIATUVINHA,,Domicílio particular,,-0,,2,3,82320180
410690205050157,Urbano,RUA JOAO TODESCHINI,604,SOBRADO,,,BAIRRO BUTIATUVINHA,,Domicílio particular,,-0,,2,3,82320180
410690205050157,Urbano,RUA ROSA TREVISAN,SN,CASA,,,BAIRRO BUTIATUVINHA,,Domicílio particular,,-0,,5,3,82320250
410690205050157,Urbano,RUA ROSA TREVISAN,144,CASA,,,BAIRRO BUTIATUVINHA,,Domicílio particular,,-0,,5,3,82320250
410690205050157,Urbano,RUA ROSA TREVISAN,270,CASA,,,BAIRRO BUTIATUVINHA,,Domicílio particular,,-0,,5,3,82320250
410690205050157,Urbano,RUA ROSA TREVISAN,266,CASA,,,BAIRRO BUTIATUVINHA,,Domicílio particular,,-0,,5,3,82320250
410690205050157,Urbano,RUA ROSA TREVISAN,SN,CASA,,,BAIRRO BUTIATUVINHA,,Domicílio particular,,-0,,5,3,82320250
410690205050157,Urbano,RUA ROSA TREVISAN,118,CASA,,,BAIRRO BUTIATUVINHA,,Domicílio particular,,-0,,5,3,82320250
410690205050157,Urbano,RUA JOAO BATISTA CASAGRANDE,1,CASA,,,BAIRRO BUTIATUVINHA,,Domicílio particular,,-0,,5,4,82320310
410690205050157,Urbano,RUA JOAO BATISTA CASAGRANDE,2,CASA,,,BAIRRO BUTIATUVINHA,,Domicílio particular,,-0,,5,4,82320310
410690205050157,Urbano,RUA JOAO BATISTA CASAGRANDE,2,FUNDOS,,,BAIRRO BUTIATUVINHA,,Domicílio particular,,-0,,5,4,82320310
410690205050157,Urbano,RUA JOAO BATISTA CASAGRANDE,6,CASA,,,BAIRRO BUTIATUVINHA,,Domicílio particular,,-0,,5,4,82320310
410690205050157,Urbano,RUA JOAO BATISTA CASAGRANDE,6,FUNDOS,,,BAIRRO BUTIATUVINHA,,Domicílio particular,,-0,,5,4,82320310
410690205050157,Urbano,RUA JOAO BATISTA CASAGRANDE,175,CASA,,,BAIRRO BUTIATUVINHA,,Domicílio particular,,-0,,5,4,82320310
410690205050157,Urbano,RUA JOAO BATISTA CASAGRANDE,151,CASA,,,BAIRRO BUTIATUVINHA,,Domicílio particular,,-0,,5,4,82320310
410690205050157,Urbano,RUA JOAO BATISTA CASAGRANDE,37,CASA,,,BAIRRO BUTIATUVINHA,,Domicílio particular,,-0,,5,4,82320310
410690205050157,Urbano,RUA JOAO BATISTA CASAGRANDE,1016,CASA,,,BAIRRO BUTIATUVINHA,,Domicílio particular,,-0,,5,4,82320310
410690205050157,Urbano,RUA JOAO BATISTA CASAGRANDE,1016,LADO,,,BAIRRO BUTIATUVINHA,,Domicílio particular,,-0,,5,4,82320310
410690205050157,Urbano,RUA JOAO BATISTA CASAGRANDE,102,CASA,,,BAIRRO BUTIATUVINHA,,Domicílio particular,,-0,,5,4,82320310
410690205050157,Urbano,RUA JOAO BATISTA CASAGRANDE,SN,CASA,,,BAIRRO BUTIATUVINHA,,Domicílio particular,,-0,,5,4,82320310
410690205050157,Urbano,RUA JOAO BATISTA CASAGRANDE,707,CASA,,,BAIRRO BUTIATUVINHA,,Domicílio particular,,-0,,5,4,82320310
410690205050157,Urbano,RUA JOAO BATISTA CASAGRANDE,659,CASA,,,BAIRRO BUTIATUVINHA,,Domicílio particular,,-0,,5,4,82320310
410690205050157,Urbano,RUA JOAO BATISTA CASAGRANDE,659,FUNDOS,,,BAIRRO BUTIATUVINHA,,Domicílio particular,,-0,,5,4,82320310
410690205050157,Urbano,RUA JOAO BATISTA CASAGRANDE,333,CASA,,,BAIRRO BUTIATUVINHA,,Domicílio particular,,-0,,5,4,82320310
410690205050157,Urbano,RUA SEBASTIAO BRAGANHOLO,180,SOBRADO,,,BAIRRO BUTIATUVINHA,,Domicílio particular,,-0,,5,5,82320200
410690205050157,Urbano,RUA SEBASTIAO BRAGANHOLO,200,CASA,,,BAIRRO BUTIATUVINHA,,Domicílio particular,,-0,,5,5,82320200
410690205050157,Urbano,RUA SEBASTIAO BRAGANHOLO,200,FUNDOS,,,BAIRRO BUTIATUVINHA,,Domicílio particular,,-0,,5,5,82320200
410690205050157,Urbano,RUA SEBASTIAO BRAGANHOLO,76,CASA,,,BAIRRO BUTIATUVINHA,,Domicílio particular,,-0,,5,5,82320200
410690205050157,Urbano,RUA SEBASTIAO BRAGANHOLO,214,CASA,,,BAIRRO BUTIATUVINHA,,Domicílio particular,,-0,,5,5,82320200
410690205050157,Urbano,RUA SEBASTIAO BRAGANHOLO,3,CASA,,,BAIRRO BUTIATUVINHA,,Domicílio particular,,-0,,5,5,82320200
410690205050157,Urbano,RUA SEBASTIAO BRAGANHOLO,725,CASA,,,BAIRRO BUTIATUVINHA,,Domicílio particular,,-0,,5,5,82320200
410690205050157,Urbano,RUA SEBASTIAO BRAGANHOLO,290,SOBRADO,,,BAIRRO BUTIATUVINHA,,Domicílio particular,,-0,,5,5,82320200
410690205050157,Urbano,RUA ANGELO MAZZAROTTO,680,CASA,,,BAIRRO BUTIATUVINHA,,Domicílio particular,,-0,,6,1,82320170
410690205050157,Urbano,RUA ANGELO MAZZAROTTO,698,SOBRADO,,,BAIRRO BUTIATUVINHA,,Domicílio particular,,-0,,6,1,82320170
410690205050157,Urbano,RUA ANGELO MAZZAROTTO,698,CASA,,,BAIRRO BUTIATUVINHA,,Domicílio particular,,-0,,6,1,82320170
410690205050157,Urbano,RUA ANGELO MAZZAROTTO,721,CASA,,,BAIRRO BUTIATUVINHA,,Domicílio particular,,-0,,6,1,82320170
410690205050157,Urbano,RUA ANGELO MAZZAROTTO,756,SOBRADO 1,,,BAIRRO BUTIATUVINHA,,Domicílio particular,,-0,,6,1,82320170
410690205050157,Urbano,RUA ANGELO MAZZAROTTO,756,SOBRADO 2,,,BAIRRO BUTIATUVINHA,,Domicílio particular,,-0,,6,1,82320170
410690205050157,Urbano,RUA ANGELO MAZZAROTTO,756,SOBRADO 3,,,BAIRRO BUTIATUVINHA,,Domicílio particular,,-0,,6,1,82320170
410690205050157,Urbano,RUA ANGELO MAZZAROTTO,756,SOBRADO 4,,,BAIRRO BUTIATUVINHA,,Domicílio particular,,-0,,6,1,82320170
410690205050157,Urbano,RUA ANGELO MAZZAROTTO,800,SOBRADO,,,BAIRRO BUTIATUVINHA,,Domicílio particular,,-0,,6,1,82320170
410690205050157,Urbano,RUA ANGELO MAZZAROTTO,818,BARRACAO,,,BAIRRO BUTIATUVINHA,,Domicílio particular,,-0,,6,1,82320170
410690205050157,Urbano,RUA SEM DENOMINACAO,230,SOBRADO,,,BAIRRO BUTIATUVINHA,,Domicílio particular,,-0,,6,2,82320260
410690205050157,Urbano,RUA SEM DENOMINACAO,230,CASA,,,BAIRRO BUTIATUVINHA,,Domicílio particular,,-0,,6,2,82320260
410690205050157,Urbano,RUA ROSA TREVISAN,220,CASA,,,BAIRRO BUTIATUVINHA,,Domicílio particular,,-0,,6,3,82320250
410690205050157,Urbano,RUA ROSA TREVISAN,255,CASA,,,BAIRRO BUTIATUVINHA,,Domicílio particular,,-0,,6,3,82320250
410690205050157,Urbano,RUA ROSA TREVISAN,233,CASA,,,BAIRRO BUTIATUVINHA,,Domicílio particular,,-0,,6,3,82320250
410690205050157,Urbano,RUA ROSA TREVISAN,219,CASA,,,BAIRRO BUTIATUVINHA,,Domicílio particular,,-0,,6,3,82320250
410690205050157,Urbano,RUA ROSA TREVISAN,203,SOBRADO,,,BAIRRO BUTIATUVINHA,,Domicílio particular,,-0,,6,3,82320250
410690205050157,Urbano,RUA ROSA TREVISAN,191,SOBRADO 1,,,BAIRRO BUTIATUVINHA,,Domicílio particular,,-0,,6,3,82320250
410690205050157,Urbano,RUA ROSA TREVISAN,191,SOBRADO 4,,,BAIRRO BUTIATUVINHA,,Domicílio particular,,-0,,6,3,82320250
410690205050157,Urbano,RUA ROSA TREVISAN,191,SOBRADO 6,,,BAIRRO BUTIATUVINHA,,Domicílio particular,,-0,,6,3,82320250
410690205050157,Urbano,RUA ROSA TREVISAN,147,CASA,,,BAIRRO BUTIATUVINHA,,Domicílio particular,,-0,,6,4,82320250
410690205050157,Urbano,RUA ROSA TREVISAN,SN,PORTAO,,,BAIRRO BUTIATUVINHA,,Domicílio particular,,-0,,6,4,82320250
410690205050157,Urbano,RUA ROSA TREVISAN,6,SOBRADO,,,BAIRRO BUTIATUVINHA,,Domicílio particular,,-0,,6,4,82320250
410690205050157,Urbano,RUA ROSA TREVISAN,5,SOBRADO,,,BAIRRO BUTIATUVINHA,,Domicílio particular,,-0,,6,4,82320250
410690205050157,Urbano,RUA ROSA TREVISAN,4,SOBRADO,,,BAIRRO BUTIATUVINHA,,Domicílio particular,,-0,,6,4,82320250
410690205050157,Urbano,RUA ROSA TREVISAN,3,SOBRADO,,,BAIRRO BUTIATUVINHA,,Domicílio particular,,-0,,6,4,82320250
410690205050157,Urbano,RUA ROSA TREVISAN,2,SOBRADO,,,BAIRRO BUTIATUVINHA,,Domicílio particular,,-0,,6,4,82320250
410690205050157,Urbano,RUA ROSA TREVISAN,1,SOBRADO,,,BAIRRO BUTIATUVINHA,,Domicílio particular,,-0,,6,4,82320250
410690205050157,Urbano,TRAVESSA MARIANA,5,TRAVESSA_INTERNA,,,BAIRRO BUTIATUVINHA,,Domicílio particular,,-0,,1,7,82320260
410690205050157,Urbano,RUA IRMA ANGELICA MAZZAROTTO,75,CASA,,,BAIRRO BUTIATUVINHA,,Domicílio particular,,-0,,1,4,82320210
410690205050157,Urbano,AVENIDA MANOEL RIBAS,7497,LOJA 01,,,BAIRRO BUTIATUVINHA,,Estabelecimento de outras finalidades,CONSORCIO DE IMOVEIS DA CEF,Único,,1,1,82400000
410690205050157,Urbano,AVENIDA MANOEL RIBAS,7149,ANEXO,,,BAIRRO BUTIATUVINHA,,Domicílio particular,,-0,,2,1,82400000
410690205050157,Urbano,RUA ROSA TREVISAN,765,CASA FUNDOS,,,BAIRRO BUTIATUVINHA,,Domicílio particular,,-0,,5,3,82320250
410690205050157,Urbano,RUA JOAO TODESCHINI,361,CASA 361,,,BAIRRO BUTIATUVINHA,,Domicílio particular,,-0,,3,3,82320180
410690205050157,Urbano,RUA ROSA TREVISAN,171CASA 02,CASA 171,,,BAIRRO BUTIATUVINHA,,Domicílio particular,,-0,,6,3,82320250
410690205050157,Urbano,RUA ROSA TREVISAN,171,CASA CASA 04,,,BAIRRO BUTIATUVINHA,,Domicílio particular,,-0,,6,3,82320250
410690205050157,Urbano,RUA ROSA TREVISAN,171CASA 01,CASA CASA 01,,,BAIRRO BUTIATUVINHA,,Domicílio particular,,-0,,6,3,82320250
410690205050157,Urbano,RUA ROSA TREVISAN,171CASA 03,CASA CASA 03,,,BAIRRO BUTIATUVINHA,,Domicílio particular,,-0,,6,3,82320250
410690205050157,Urbano,RUA ROSA TREVISAN,155,CASA 155,,,BAIRRO BUTIATUVINHA,,Domicílio particular,,-0,,6,3,82320250
410690205050157,Urbano,RUA ROSA TREVISAN,191,CASA CASA 03,,,BAIRRO BUTIATUVINHA,,Domicílio particular,,-0,,6,3,82320250
410690205050157,Urbano,RUA ROSA TREVISAN,191CASA 02,CASA,,,BAIRRO BUTIATUVINHA,,Domicílio particular,,-0,,6,3,82320250
410690205050157,Urbano,RUA ROSA TREVISAN,191CASA 05,CASA 05,,,BAIRRO BUTIATUVINHA,,Domicílio particular,,-0,,6,3,82320250
