Código da unidade geográfica,Situação do setor,Logradouro,Número no logradouro,Complemento,Latitude,Longitude,Localidade,Ponto de referência,Espécie de endereço,Tipo de estabelecimento,Indicador de endereço,Identificação domicílio coletivo,Número da quadra,Número da face,CEP
410690205050149,Urbano,RUA JOSE TULIO,27,,,,SANTA FELICIDADE,,Domicílio particular,,-0,,1,23,82030470
410690205050149,Urbano,RUA JOSE TULIO,635,CASA 1,,,SANTA FELICIDADE,,Domicílio particular,,-0,,1,23,82030470
410690205050149,Urbano,RUA JOSE TULIO,635,CASA 2,,,SANTA FELICIDADE,,Domicílio particular,,-0,,1,23,82030470
410690205050149,Urbano,RUA JOSE TULIO,635,CASA 3,,,SANTA FELICIDADE,,Domicílio particular,,-0,,1,23,82030470
410690205050149,Urbano,RUA JOSE TULIO,424,CASA 1,,,SANTA FELICIDADE,,Edificação em construção,,-0,,1,23,82030470
410690205050149,Urbano,RUA JOSE TULIO,424,CASA 2,,,SANTA FELICIDADE,,Domicílio particular,,-0,,1,23,82030470
410690205050149,Urbano,RUA NATAL PEDRO DALLA STELLA,434,,,,SANTA FELICIDADE,,Domicílio particular,,-0,,1,24,82030490
410690205050149,Urbano,RUA NATAL PEDRO DALLA STELLA,438,,,,SANTA FELICIDADE,,Domicílio particular,,-0,,1,24,82030490
410690205050149,Urbano,RUA NATAL PEDRO DALLA STELLA,44,,,,SANTA FELICIDADE,,Domicílio particular,,-0,,1,24,82030490
410690205050149,Urbano,RUA NATAL PEDRO DALLA STELLA,736,,,,SANTA FELICIDADE,,Domicílio particular,,-0,,1,24,82030490
410690205050149,Urbano,RUA ANTONIO BARTAPELI,20,CASA 1,,,SANTA FELICIDADE,,Domicílio particular,,-0,,1,25,82030460
410690205050149,Urbano,RUA ANTONIO BARTAPELI,20,CASA 2,,,SANTA FELICIDADE,,Domicílio particular,,-0,,1,25,82030460
410690205050149,Urbano,RUA ANTONIO BARTAPELI,30,CASA 1,,,SANTA FELICIDADE,,Domicílio particular,,-0,,1,25,82030460
410690205050149,Urbano,RUA ANTONIO BARTAPELI,30,CASA 2,,,SANTA FELICIDADE,,Domicílio particular,,-0,,1,25,82030460
410690205050149,Urbano,RUA ANTONIO BARTAPELI,40,,,,SANTA FELICIDADE,,Domicílio particular,,-0,,1,25,82030460
410690205050149,Urbano,RUA ANTONIO BARTAPELI,48,,,,SANTA FELICIDADE,,Domicílio particular,,-0,,1,25,82030460
410690205050149,Urbano,RUA ANTONIO BARTAPELI,122,CASA 1,,,SANTA FELICIDADE,,Domicílio particular,,-0,,1,25,82030460
410690205050149,Urbano,RUA ANTONIO BARTAPELI,122,CASA 2,,,SANTA FELICIDADE,,Domicílio particular,,-0,,1,25,82030460
410690205050149,Urbano,RUA ANTONIO BARTAPELI,122,CASA 3,,,SANTA FELICIDADE,,Domicílio particular,,-0,,1,25,82030460
410690205050149,Urbano,RUA ANTONIO BARTAPELI,122,CASA 4,,,SANTA FELICIDADE,,Domicílio particular,,-0,,1,25,82030460
410690205050149,Urbano,RUA ANTONIO BARTAPELI,122,CASA 5,,,SANTA FELICIDADE,,Domicílio particular,,-0,,1,25,82030460
410690205050149,Urbano,RUA ANTONIO BARTAPELI,122,CASA 6,,,SANTA FELICIDADE,,Domicílio particular,,-0,,1,25,82030460
410690205050149,Urbano,RUA ANTONIO BARTAPELI,122,CASA 7,,,SANTA FELICIDADE,,Domicílio particular,,-0,,1,25,82030460
410690205050149,Urbano,RUA ANTONIO BARTAPELI,122,CASA 8,,,SANTA FELICIDADE,,Domicílio particular,,-0,,1,25,82030460
410690205050149,Urbano,RUA ANTONIO BARTAPELI,122,FRENTE,,,SANTA FELICIDADE,,Domicílio particular,,-0,,1,25,82030460
410690205050149,Urbano,RUA ANTONIO BARTAPELI,124,,,,SANTA FELICIDADE,,Domicílio particular,,-0,,1,25,82030460
410690205050149,Urbano,RUA ANTONIO BARTAPELI,160,CASA a,,,SANTA FELICIDADE,,Domicílio particular,,-0,,1,25,82030460
410690205050149,Urbano,RUA ANTONIO BARTAPELI,160,CASA b,,,SANTA FELICIDADE,,Domicílio particular,,-0,,1,25,82030460
410690205050149,Urbano,RUA ANTONIO BARTAPELI,160,CASA c,,,SANTA FELICIDADE,,Domicílio particular,,-0,,1,25,82030460
410690205050149,Urbano,RUA ANTONIO BARTAPELI,170,,,,SANTA FELICIDADE,,Domicílio particular,,-0,,1,25,82030460
410690205050149,Urbano,RUA LINDAMIR PIZATTO MAZZAROTTO,1,,,,SANTA FELICIDADE,,Domicílio particular,,-0,,2,1,82030520
410690205050149,Urbano,RUA LINDAMIR PIZATTO MAZZAROTTO,2,,,,SANTA FELICIDADE,,Domicílio particular,,-0,,2,1,82030520
410690205050149,Urbano,RUA JOSE TULIO,131,,,,SANTA FELICIDADE,,Domicílio particular,,-0,,1,23,82030470
410690205050149,Urbano,RUA JOSE TULIO,SN,,,,SANTA FELICIDADE,,Domicílio particular,,-0,,1,23,82030470
410690205050149,Urbano,RUA JOSE TULIO,SN,SOBRADO,,,SANTA FELICIDADE,,Domicílio particular,,-0,,1,23,82030470
410690205050149,Urbano,RUA JOSE TULIO,121,,,,SANTA FELICIDADE,,Domicílio particular,,-0,,1,23,82030470
410690205050149,Urbano,RUA JOSE TULIO,SN,CASA,,,SANTA FELICIDADE,,Domicílio particular,,-0,,1,22,82030470
410690205050149,Urbano,RUA JOSE TULIO,SN,CASA 2,,,SANTA FELICIDADE,,Domicílio particular,,-0,,1,22,82030470
410690205050149,Urbano,RUA JOSE TULIO,SN,CASA 1,,,SANTA FELICIDADE,,Edificação em construção,,-0,,1,22,82030470
410690205050149,Urbano,RUA JOSE TULIO,115,,,,SANTA FELICIDADE,,Domicílio particular,,-0,,1,22,82030470
410690205050149,Urbano,RUA JOSE TULIO,120,,,,SANTA FELICIDADE,,Domicílio particular,,-0,,1,22,82030470
410690205050149,Urbano,RUA JOSE TULIO,140,,,,SANTA FELICIDADE,,Domicílio particular,,-0,,1,22,82030470
410690205050149,Urbano,RUA JOSE TULIO,130,,,,SANTA FELICIDADE,,Domicílio particular,,-0,,1,22,82030470
410690205050149,Urbano,RUA JOSE TULIO,134,,,,SANTA FELICIDADE,,Domicílio particular,,-0,,1,22,82030470
410690205050149,Urbano,RUA JOSE TULIO,44,,,,SANTA FELICIDADE,,Estabelecimento de outras finalidades,OFIINA MECANICA,Único,,1,22,82030470
410690205050149,Urbano,RUA NATAL PEDRO DALLA STELLA,394,,,,SANTA FELICIDADE,,Estabelecimento de outras finalidades,BARRACAO FECHADO,Único,,1,21,82030490
410690205050149,Urbano,RUA NATAL PEDRO DALLA STELLA,550,,,,SANTA FELICIDADE,,Domicílio particular,,-0,,1,21,82030490
410690205050149,Urbano,RUA NATAL PEDRO DALLA STELLA,500,,,,SANTA FELICIDADE,,Domicílio particular,,-0,,1,21,82030490
410690205050149,Urbano,RUA NATAL PEDRO DALLA STELLA,490,,,,SANTA FELICIDADE,,Domicílio particular,,-0,,1,21,82030490
410690205050149,Urbano,RUA NATAL PEDRO DALLA STELLA,366,,,,SANTA FELICIDADE,,Domicílio particular,,-0,,1,21,82030490
410690205050149,Urbano,RUA NATAL PEDRO DALLA STELLA,304,,,,SANTA FELICIDADE,,Domicílio particular,,-0,,1,21,82030490
410690205050149,Urbano,RUA MADRE CLELIA MERLONI,608,,,,SANTA FELICIDADE,,Domicílio particular,,-0,,1,20,82030480
410690205050149,Urbano,RUA MADRE CLELIA MERLONI,610,,,,SANTA FELICIDADE,,Domicílio particular,,-0,,1,20,82030480
410690205050149,Urbano,RUA MADRE CLELIA MERLONI,620,,,,SANTA FELICIDADE,,Domicílio particular,,-0,,1,20,82030480
410690205050149,Urbano,RUA MADRE CLELIA MERLONI,622,,,,SANTA FELICIDADE,,Domicílio particular,,-0,,1,20,82030480
410690205050149,Urbano,RUA MADRE CLELIA MERLONI,40,FUNDOS,,,SANTA FELICIDADE,,Domicílio particular,,-0,,1,20,82030480
410690205050149,Urbano,RUA MADRE CLELIA MERLONI,40,FRENTE,,,SANTA FELICIDADE,,Domicílio particular,,-0,,1,20,82030480
410690205050149,Urbano,RUA MADRE CLELIA MERLONI,626,,,,SANTA FELICIDADE,,Domicílio particular,,-0,,1,20,82030480
410690205050149,Urbano,RUA MADRE CLELIA MERLONI,686,,,,SANTA FELICIDADE,,Domicílio particular,,-0,,1,20,82030480
410690205050149,Urbano,RUA MADRE CLELIA MERLONI,262,,,,SANTA FELICIDADE,,Domicílio particular,,-0,,1,20,82030480
410690205050149,Urbano,RUA MADRE CLELIA MERLONI,624,FUNDOS,,,SANTA FELICIDADE,,Domicílio particular,,-0,,1,20,82030480
410690205050149,Urbano,RUA MADRE CLELIA MERLONI,624,FRENTE,,,SANTA FELICIDADE,,Domicílio particular,,-0,,1,20,82030480
410690205050149,Urbano,RUA MADRE CLELIA MERLONI,628,,,,SANTA FELICIDADE,,Domicílio particular,,-0,,1,20,82030480
410690205050149,Urbano,RUA LINDAMIR PIZATTO MAZZAROTTO,100,,,,SANTA FELICIDADE,,Domicílio particular,,-0,,1,19,82030520
410690205050149,Urbano,RUA LINDAMIR PIZATTO MAZZAROTTO,14,CASA 2,,,SANTA FELICIDADE,,Domicílio particular,,-0,,1,19,82030520
410690205050149,Urbano,RUA LINDAMIR PIZATTO MAZZAROTTO,14,CASA 1,,,SANTA FELICIDADE,,Domicílio particular,,-0,,1,19,82030520
410690205050149,Urbano,RUA LINDAMIR PIZATTO MAZZAROTTO,14,FRENTE,,,SANTA FELICIDADE,,Edificação em construção,,-0,,1,19,82030520
410690205050149,Urbano,RUA LINDAMIR PIZATTO MAZZAROTTO,195,CASA 7,,,SANTA FELICIDADE,,Domicílio particular,,-0,,1,18,82030520
410690205050149,Urbano,RUA LINDAMIR PIZATTO MAZZAROTTO,195,CASA 6,,,SANTA FELICIDADE,,Domicílio particular,,-0,,1,18,82030520
410690205050149,Urbano,RUA LINDAMIR PIZATTO MAZZAROTTO,195,CASA 5,,,SANTA FELICIDADE,,Domicílio particular,,-0,,1,18,82030520
410690205050149,Urbano,RUA LINDAMIR PIZATTO MAZZAROTTO,195,CASA 4,,,SANTA FELICIDADE,,Domicílio particular,,-0,,1,18,82030520
410690205050149,Urbano,RUA LINDAMIR PIZATTO MAZZAROTTO,195,CASA 3,,,SANTA FELICIDADE,,Domicílio particular,,-0,,1,18,82030520
410690205050149,Urbano,RUA LINDAMIR PIZATTO MAZZAROTTO,195,CASA 1,,,SANTA FELICIDADE,,Domicílio particular,,-0,,1,18,82030520
410690205050149,Urbano,RUA LINDAMIR PIZATTO MAZZAROTTO,77,CASA 4,,,SANTA FELICIDADE,,Domicílio particular,,-0,,1,18,82030520
410690205050149,Urbano,RUA LINDAMIR PIZATTO MAZZAROTTO,77,CASA 3,,,SANTA FELICIDADE,,Domicílio particular,,-0,,1,18,82030520
410690205050149,Urbano,RUA LINDAMIR PIZATTO MAZZAROTTO,77,CASA 2,,,SANTA FELICIDADE,,Domicílio particular,,-0,,1,18,82030520
410690205050149,Urbano,RUA LINDAMIR PIZATTO MAZZAROTTO,77,CASA 1,,,SANTA FELICIDADE,,Domicílio particular,,-0,,1,18,82030520
410690205050149,Urbano,RUA LINDAMIR PIZATTO MAZZAROTTO,69,CASA 3,,,SANTA FELICIDADE,,Domicílio particular,,-0,,1,18,82030520
410690205050149,Urbano,RUA LINDAMIR PIZATTO MAZZAROTTO,69,CASA 2,,,SANTA FELICIDADE,,Domicílio particular,,-0,,1,18,82030520
410690205050149,Urbano,RUA LINDAMIR PIZATTO MAZZAROTTO,69,CASA 1,,,SANTA FELICIDADE,,Domicílio particular,,-0,,1,18,82030520
410690205050149,Urbano,RUA LINDAMIR PIZATTO MAZZAROTTO,132,,,,SANTA FELICIDADE,,Domicílio particular,,-0,,1,18,82030520
410690205050149,Urbano,RUA LINDAMIR PIZATTO MAZZAROTTO,130,,,,SANTA FELICIDADE,,Domicílio particular,,-0,,1,18,82030520
410690205050149,Urbano,RUA LINDAMIR PIZATTO MAZZAROTTO,128,,,,SANTA FELICIDADE,,Domicílio particular,,-0,,1,18,82030520
410690205050149,Urbano,RUA LINDAMIR PIZATTO MAZZAROTTO,SN,,,,SANTA FELICIDADE,,Domicílio particular,,-0,,1,18,82030520
410690205050149,Urbano,RUA LINDAMIR PIZATTO MAZZAROTTO,10,,,,SANTA FELICIDADE,,Domicílio particular,,-0,,1,18,82030520
410690205050149,Urbano,RUA LINDAMIR PIZATTO MAZZAROTTO,4,,,,SANTA FELICIDADE,,Domicílio particular,,-0,,1,18,82030520
410690205050149,Urbano,RUA LINDAMIR PIZATTO MAZZAROTTO,3,,,,SANTA FELICIDADE,,Domicílio particular,,-0,,1,18,82030520
410690205050149,Urbano,RUA LINDAMIR PIZATTO MAZZAROTTO,2,CASA 2,,,SANTA FELICIDADE,,Domicílio particular,,-0,,1,18,82030520
410690205050149,Urbano,RUA LINDAMIR PIZATTO MAZZAROTTO,2,CASA 1,,,SANTA FELICIDADE,,Domicílio particular,,-0,,1,18,82030520
410690205050149,Urbano,RUA LINDAMIR PIZATTO MAZZAROTTO,38,,,,SANTA FELICIDADE,,Domicílio particular,,-0,,1,18,82030520
410690205050149,Urbano,RUA LINDAMIR PIZATTO MAZZAROTTO,8,,,,SANTA FELICIDADE,,Domicílio particular,,-0,,1,18,82030520
410690205050149,Urbano,RUA MARCOS MOCELLIN,36,,,,SANTA FELICIDADE,,Domicílio particular,,-0,,1,17,82020510
410690205050149,Urbano,RUA EGIDIO ANTONIO ZAMILIAN,13,,,,SANTA FELICIDADE,,Domicílio particular,,-0,,1,16,82030500
410690205050149,Urbano,RUA EGIDIO ANTONIO ZAMILIAN,15,,,,SANTA FELICIDADE,,Domicílio particular,,-0,,1,16,82030500
410690205050149,Urbano,RUA EGIDIO ANTONIO ZAMILIAN,95,FUNDOS,,,SANTA FELICIDADE,,Domicílio particular,,-0,,1,16,82030500
410690205050149,Urbano,RUA EGIDIO ANTONIO ZAMILIAN,95,FRENTE,,,SANTA FELICIDADE,,Domicílio particular,,-0,,1,16,82030500
410690205050149,Urbano,RUA EGIDIO ANTONIO ZAMILIAN,21,,,,SANTA FELICIDADE,,Domicílio particular,,-0,,1,16,82030500
410690205050149,Urbano,RUA EGIDIO ANTONIO ZAMILIAN,19,,,,SANTA FELICIDADE,,Domicílio particular,,-0,,1,16,82030500
410690205050149,Urbano,RUA EGIDIO ANTONIO ZAMILIAN,125,,,,SANTA FELICIDADE,,Domicílio particular,,-0,,1,16,82030500
410690205050149,Urbano,RUA PEDRO RIBEIRO DOS SANTOS,27,FUNDOS,,,SANTA FELICIDADE,,Domicílio particular,,-0,,1,6,82020620
410690205050149,Urbano,RUA PEDRO RIBEIRO DOS SANTOS,27,FRENTE,,,SANTA FELICIDADE,,Domicílio particular,,-0,,1,6,82020620
410690205050149,Urbano,RUA PEDRO RIBEIRO DOS SANTOS,1367,,,,SANTA FELICIDADE,,Estabelecimento de outras finalidades,GARAGEM,Único,,1,6,82020620
410690205050149,Urbano,RUA PEDRO RIBEIRO DOS SANTOS,1367,,,,SANTA FELICIDADE,,Domicílio particular,,-0,,1,6,82020620
410690205050149,Urbano,RUA PEDRO RIBEIRO DOS SANTOS,SN,,,,SANTA FELICIDADE,,Domicílio particular,,-0,,1,6,82020620
410690205050149,Urbano,RUA PEDRO RIBEIRO DOS SANTOS,13,,,,SANTA FELICIDADE,,Domicílio particular,,-0,,1,6,82020620
410690205050149,Urbano,RUA PEDRO RIBEIRO DOS SANTOS,214,FRENTE,,,SANTA FELICIDADE,,Domicílio particular,,-0,,1,5,82020620
410690205050149,Urbano,RUA PEDRO RIBEIRO DOS SANTOS,16,,,,SANTA FELICIDADE,,Domicílio particular,,-0,,1,5,82020620
410690205050149,Urbano,RUA PEDRO RIBEIRO DOS SANTOS,130,CASA 5,,,SANTA FELICIDADE,,Domicílio particular,,-0,,1,5,82020620
410690205050149,Urbano,RUA PEDRO RIBEIRO DOS SANTOS,130,CASA 4,,,SANTA FELICIDADE,,Domicílio particular,,-0,,1,5,82020620
410690205050149,Urbano,RUA PEDRO RIBEIRO DOS SANTOS,130,CASA 3,,,SANTA FELICIDADE,,Domicílio particular,,-0,,1,5,82020620
410690205050149,Urbano,RUA PEDRO RIBEIRO DOS SANTOS,130,CASA 2,,,SANTA FELICIDADE,,Domicílio particular,,-0,,1,5,82020620
410690205050149,Urbano,RUA PEDRO RIBEIRO DOS SANTOS,130,CASA 1,,,SANTA FELICIDADE,,Domicílio particular,,-0,,1,5,82020620
410690205050149,Urbano,RUA PEDRO RIBEIRO DOS SANTOS,120,,,,SANTA FELICIDADE,,Domicílio particular,,-0,,1,5,82020620
410690205050149,Urbano,RUA PEDRO RIBEIRO DOS SANTOS,17,,,,SANTA FELICIDADE,,Domicílio particular,,-0,,1,5,82020620
410690205050149,Urbano,RUA PEDRO RIBEIRO DOS SANTOS,100,,,,SANTA FELICIDADE,,Domicílio particular,,-0,,1,5,82020620
410690205050149,Urbano,RUA PEDRO RIBEIRO DOS SANTOS,53,,,,SANTA FELICIDADE,,Domicílio particular,,-0,,1,5,82020620
410690205050149,Urbano,RUA PEDRO RIBEIRO DOS SANTOS,62,,,,SANTA FELICIDADE,,Domicílio particular,,-0,,1,5,82020620
410690205050149,Urbano,RUA MARCOS MOCELLIN,715,,,,SANTA FELICIDADE,,Estabelecimento de outras finalidades,DEPOSITO,Único,,1,4,82020510
410690205050149,Urbano,RUA MARCOS MOCELLIN,735,,,,SANTA FELICIDADE,,Domicílio particular,,-0,,1,4,82020510
410690205050149,Urbano,RUA MARCOS MOCELLIN,747,,,,SANTA FELICIDADE,,Domicílio particular,,-0,,1,4,82020510
410690205050149,Urbano,RUA MARCOS MOCELLIN,773,,,,SANTA FELICIDADE,,Estabelecimento de outras finalidades,BAR,Único,,1,4,82020510
410690205050149,Urbano,RUA ODILON NEGRAO,SN,ANEXO,,,SANTA FELICIDADE,,Domicílio particular,,-0,,1,3,82020640
410690205050149,Urbano,RUA ODILON NEGRAO,773,CASA 2,,,SANTA FELICIDADE,,Domicílio particular,,-0,,1,3,82020640
410690205050149,Urbano,RUA ODILON NEGRAO,773,CASA 1,,,SANTA FELICIDADE,,Domicílio particular,,-0,,1,3,82020640
410690205050149,Urbano,RUA ODILON NEGRAO,16,FUNDOS,,,SANTA FELICIDADE,,Domicílio particular,,-0,,1,3,82020640
410690205050149,Urbano,RUA ODILON NEGRAO,16,FRENTE,,,SANTA FELICIDADE,,Domicílio particular,,-0,,1,3,82020640
410690205050149,Urbano,RUA ODILON NEGRAO,18,,,,SANTA FELICIDADE,,Domicílio particular,,-0,,1,3,82020640
410690205050149,Urbano,RUA ODILON NEGRAO,6,FUNDOS,,,SANTA FELICIDADE,,Domicílio particular,,-0,,1,3,82020640
410690205050149,Urbano,RUA ODILON NEGRAO,6,FRENTE,,,SANTA FELICIDADE,,Domicílio particular,,-0,,1,3,82020640
410690205050149,Urbano,RUA ODILON NEGRAO,7,,,,SANTA FELICIDADE,,Domicílio particular,,-0,,1,3,82020640
410690205050149,Urbano,RUA ODILON NEGRAO,11,FUNDOS,,,SANTA FELICIDADE,,Domicílio particular,,-0,,1,3,82020640
410690205050149,Urbano,RUA ODILON NEGRAO,11,FRENTE,,,SANTA FELICIDADE,,Domicílio particular,,-0,,1,3,82020640
410690205050149,Urbano,RUA ODILON NEGRAO,13,FUNDOS,,,SANTA FELICIDADE,,Domicílio particular,,-0,,1,3,82020640
410690205050149,Urbano,RUA ODILON NEGRAO,13,FRENTE,,,SANTA FELICIDADE,,Domicílio particular,,-0,,1,3,82020640
410690205050149,Urbano,RUA ODILON NEGRAO,10,,,,SANTA FELICIDADE,,Domicílio particular,,-0,,1,3,82020640
410690205050149,Urbano,RUA ODILON NEGRAO,145,,,,SANTA FELICIDADE,,Domicílio particular,,-0,,1,3,82020640
410690205050149,Urbano,RUA ODILON NEGRAO,SN,CHALE,,,SANTA FELICIDADE,,Domicílio particular,,-0,,1,3,82020640
410690205050149,Urbano,RUA ODILON NEGRAO,73,FUNDOS,,,SANTA FELICIDADE,,Domicílio particular,,-0,,1,3,82020640
410690205050149,Urbano,RUA ODILON NEGRAO,73,FRENTE,,,SANTA FELICIDADE,,Domicílio particular,,-0,,1,3,82020640
410690205050149,Urbano,RUA ODILON NEGRAO,173,FUNDOS,,,SANTA FELICIDADE,,Edificação em construção,,-0,,1,3,82020640
410690205050149,Urbano,RUA ODILON NEGRAO,173,FRENTE,,,SANTA FELICIDADE,,Domicílio particular,,-0,,1,3,82020640
410690205050149,Urbano,RUA ODILON NEGRAO,90,FUNDOS,,,SANTA FELICIDADE,,Domicílio particular,,-0,,1,3,82020640
410690205050149,Urbano,RUA ODILON NEGRAO,90,FRENTE,,,SANTA FELICIDADE,,Domicílio particular,,-0,,1,3,82020640
410690205050149,Urbano,RUA ODILON NEGRAO,5,,,,SANTA FELICIDADE,,Domicílio particular,,-0,,1,3,82020640
410690205050149,Urbano,RUA ODILON NEGRAO,57,,,,SANTA FELICIDADE,,Edificação em construção,,-0,,1,3,82020640
410690205050149,Urbano,RUA ODILON NEGRAO,225,,,,SANTA FELICIDADE,,Estabelecimento de outras finalidades,BARRACAO,Único,,1,3,82020640
410690205050149,Urbano,RUA ODILON NEGRAO,225,,,,SANTA FELICIDADE,,Domicílio particular,,-0,,1,3,82020640
410690205050149,Urbano,RUA SEBASTIAO SANTOS,400,,,,SANTA FELICIDADE,,Domicílio particular,,-0,,1,1,82030420
410690205050149,Urbano,RUA SEBASTIAO SANTOS,400,CASA a,,,SANTA FELICIDADE,,Domicílio particular,,-0,,1,1,82030420
410690205050149,Urbano,RUA SEBASTIAO SANTOS,348,,,,SANTA FELICIDADE,,Domicílio particular,,-0,,1,1,82030420
410690205050149,Urbano,RUA SEBASTIAO SANTOS,322,,,,SANTA FELICIDADE,,Domicílio particular,,-0,,1,1,82030420
410690205050149,Urbano,RUA EGIDIO ANTONIO ZAMILIAN,27,FUNDOS,,,SANTA FELICIDADE,,Domicílio particular,,-0,,1,16,82030500
410690205050149,Urbano,RUA EGIDIO ANTONIO ZAMILIAN,27,FRENTE,,,SANTA FELICIDADE,,Domicílio particular,,-0,,1,16,82030500
410690205050149,Urbano,RUA EGIDIO ANTONIO ZAMILIAN,29,,,,SANTA FELICIDADE,,Domicílio particular,,-0,,1,16,82030500
410690205050149,Urbano,RUA EGIDIO ANTONIO ZAMILIAN,181,,,,SANTA FELICIDADE,,Domicílio particular,,-0,,1,16,82030500
410690205050149,Urbano,RUA EGIDIO ANTONIO ZAMILIAN,195,,,,SANTA FELICIDADE,,Domicílio particular,,-0,,1,16,82030500
410690205050149,Urbano,RUA EGIDIO ANTONIO ZAMILIAN,209,,,,SANTA FELICIDADE,,Domicílio particular,,-0,,1,16,82030500
410690205050149,Urbano,RUA EGIDIO ANTONIO ZAMILIAN,221,,,,SANTA FELICIDADE,,Domicílio particular,,-0,,1,16,82030500
410690205050149,Urbano,RUA EGIDIO ANTONIO ZAMILIAN,233,,,,SANTA FELICIDADE,,Domicílio particular,,-0,,1,16,82030500
410690205050149,Urbano,RUA EGIDIO ANTONIO ZAMILIAN,SN,,,,SANTA FELICIDADE,,Domicílio particular,,-0,,1,15,82030500
410690205050149,Urbano,RUA EGIDIO ANTONIO ZAMILIAN,230,FUNDOS,,,SANTA FELICIDADE,,Domicílio particular,,-0,,1,15,82030500
410690205050149,Urbano,RUA EGIDIO ANTONIO ZAMILIAN,230,FRENTE,,,SANTA FELICIDADE,,Domicílio particular,,-0,,1,15,82030500
410690205050149,Urbano,RUA EGIDIO ANTONIO ZAMILIAN,52,,,,SANTA FELICIDADE,,Domicílio particular,,-0,,1,15,82030500
410690205050149,Urbano,RUA EGIDIO ANTONIO ZAMILIAN,56,,,,SANTA FELICIDADE,,Domicílio particular,,-0,,1,15,82030500
410690205050149,Urbano,RUA EGIDIO ANTONIO ZAMILIAN,100,FUNDOS,,,SANTA FELICIDADE,,Estabelecimento de outras finalidades,GARAGEM E EDICULA,Único,,1,15,82030500
410690205050149,Urbano,RUA EGIDIO ANTONIO ZAMILIAN,100,FRENTE,,,SANTA FELICIDADE,,Domicílio particular,,-0,,1,15,82030500
410690205050149,Urbano,RUA EGIDIO ANTONIO ZAMILIAN,50,,,,SANTA FELICIDADE,,Domicílio particular,,-0,,1,15,82030500
410690205050149,Urbano,RUA EGIDIO ANTONIO ZAMILIAN,30,FUNDOS,,,SANTA FELICIDADE,,Domicílio particular,,-0,,1,15,82030500
410690205050149,Urbano,RUA EGIDIO ANTONIO ZAMILIAN,30,FRENTE,,,SANTA FELICIDADE,,Domicílio particular,,-0,,1,15,82030500
410690205050149,Urbano,RUA EGIDIO ANTONIO ZAMILIAN,28,FUNDOS,,,SANTA FELICIDADE,,Domicílio particular,,-0,,1,15,82030500
410690205050149,Urbano,RUA EGIDIO ANTONIO ZAMILIAN,28,FRENTE,,,SANTA FELICIDADE,,Domicílio particular,,-0,,1,15,82030500
410690205050149,Urbano,RUA EGIDIO ANTONIO ZAMILIAN,26,CASA 2,,,SANTA FELICIDADE,,Domicílio particular,,-0,,1,15,82030500
410690205050149,Urbano,RUA EGIDIO ANTONIO ZAMILIAN,26,CASA 1,,,SANTA FELICIDADE,,Domicílio particular,,-0,,1,15,82030500
410690205050149,Urbano,RUA EGIDIO ANTONIO ZAMILIAN,22,,,,SANTA FELICIDADE,,Domicílio particular,,-0,,1,15,82030500
410690205050149,Urbano,RUA EGIDIO ANTONIO ZAMILIAN,24,,,,SANTA FELICIDADE,,Domicílio particular,,-0,,1,15,82030500
410690205050149,Urbano,RUA EGIDIO ANTONIO ZAMILIAN,20,,,,SANTA FELICIDADE,,Domicílio particular,,-0,,1,15,82030500
410690205050149,Urbano,RUA EGIDIO ANTONIO ZAMILIAN,18,,,,SANTA FELICIDADE,,Domicílio particular,,-0,,1,15,82030500
410690205050149,Urbano,RUA EGIDIO ANTONIO ZAMILIAN,16,,,,SANTA FELICIDADE,,Domicílio particular,,-0,,1,15,82030500
410690205050149,Urbano,RUA EGIDIO ANTONIO ZAMILIAN,14,,,,SANTA FELICIDADE,,Domicílio particular,,-0,,1,15,82030500
410690205050149,Urbano,RUA EGIDIO ANTONIO ZAMILIAN,SN,,,,SANTA FELICIDADE,,Edificação em construção,,-0,,1,15,82030500
410690205050149,Urbano,RUA NATAL PEDRO DALLA STELLA,184,,,,SANTA FELICIDADE,,Domicílio particular,,-0,,1,14,82030490
410690205050149,Urbano,RUA NATAL PEDRO DALLA STELLA,186,CASA 2,,,SANTA FELICIDADE,,Domicílio particular,,-0,,1,14,82030490
410690205050149,Urbano,RUA NATAL PEDRO DALLA STELLA,186,CASA 1,,,SANTA FELICIDADE,,Domicílio particular,,-0,,1,14,82030490
410690205050149,Urbano,RUA NATAL PEDRO DALLA STELLA,12,,,,SANTA FELICIDADE,,Domicílio particular,,-0,,1,14,82030490
410690205050149,Urbano,RUA NATAL PEDRO DALLA STELLA,10,,,,SANTA FELICIDADE,,Domicílio particular,,-0,,1,14,82030490
410690205050149,Urbano,RUA NATAL PEDRO DALLA STELLA,8,,,,SANTA FELICIDADE,,Domicílio particular,,-0,,1,14,82030490
410690205050149,Urbano,RUA NATAL PEDRO DALLA STELLA,2,,,,SANTA FELICIDADE,,Domicílio particular,,-0,,1,14,82030490
410690205050149,Urbano,RUA NATAL PEDRO DALLA STELLA,54,,,,SANTA FELICIDADE,,Domicílio particular,,-0,,1,14,82030490
410690205050149,Urbano,RUA NATAL PEDRO DALLA STELLA,34,,,,SANTA FELICIDADE,,Domicílio particular,,-0,,1,14,82030490
410690205050149,Urbano,RUA MARCOS MOCELLIN,539,,,,SANTA FELICIDADE,,Domicílio particular,,-0,,1,13,82020510
410690205050149,Urbano,RUA MARCOS MOCELLIN,555,,,,SANTA FELICIDADE,,Domicílio particular,,-0,,1,13,82020510
410690205050149,Urbano,RUA MARCOS MOCELLIN,565,,,,SANTA FELICIDADE,,Domicílio particular,,-0,,1,13,82020510
410690205050149,Urbano,RUA MARCOS MOCELLIN,567,,,,SANTA FELICIDADE,,Estabelecimento de outras finalidades,SALAO CABELEREIRA,Único,,1,13,82020510
410690205050149,Urbano,RUA PEDRO DALLA STELLA,49,,,,SANTA FELICIDADE,,Estabelecimento de outras finalidades,BARRACAO FECHADO,Único,,1,12,82020610
410690205050149,Urbano,RUA PEDRO DALLA STELLA,100,,,,SANTA FELICIDADE,,Domicílio particular,,-0,,1,12,82020610
410690205050149,Urbano,RUA PEDRO DALLA STELLA,SN,,,,SANTA FELICIDADE,,Domicílio particular,,-0,,1,12,82020610
410690205050149,Urbano,RUA PEDRO DALLA STELLA,SN,,,,SANTA FELICIDADE,,Domicílio particular,,-0,,1,12,82020610
410690205050149,Urbano,RUA PEDRO DALLA STELLA,177,CASA 4,,,SANTA FELICIDADE,,Domicílio particular,,-0,,1,12,82020610
410690205050149,Urbano,RUA PEDRO DALLA STELLA,177,CASA 3,,,SANTA FELICIDADE,,Domicílio particular,,-0,,1,12,82020610
410690205050149,Urbano,RUA PEDRO DALLA STELLA,177,CASA 2,,,SANTA FELICIDADE,,Domicílio particular,,-0,,1,12,82020610
410690205050149,Urbano,RUA PEDRO DALLA STELLA,177,CASA 1,,,SANTA FELICIDADE,,Domicílio particular,,-0,,1,12,82020610
410690205050149,Urbano,RUA PEDRO DALLA STELLA,177,,,,SANTA FELICIDADE,,Domicílio particular,,-0,,1,12,82020610
410690205050149,Urbano,RUA PEDRO DALLA STELLA,49,,,,SANTA FELICIDADE,,Domicílio particular,,-0,,1,12,82020610
410690205050149,Urbano,RUA PEDRO DALLA STELLA,199,,,,SANTA FELICIDADE,,Domicílio particular,,-0,,1,12,82020610
410690205050149,Urbano,RUA PEDRO DALLA STELLA,51,CASA 3,,,SANTA FELICIDADE,,Domicílio particular,,-0,,1,12,82020610
410690205050149,Urbano,RUA PEDRO DALLA STELLA,51,CASA 2,,,SANTA FELICIDADE,,Domicílio particular,,-0,,1,12,82020610
410690205050149,Urbano,RUA PEDRO DALLA STELLA,51,CASA 1,,,SANTA FELICIDADE,,Domicílio particular,,-0,,1,12,82020610
410690205050149,Urbano,RUA PEDRO DALLA STELLA,56,,,,SANTA FELICIDADE,,Domicílio particular,,-0,,1,12,82020610
410690205050149,Urbano,RUA PEDRO DALLA STELLA,241,,,,SANTA FELICIDADE,,Domicílio particular,,-0,,1,12,82020610
410690205050149,Urbano,RUA PEDRO DALLA STELLA,631,FUNDOS,,,SANTA FELICIDADE,,Domicílio particular,,-0,,1,12,82020610
410690205050149,Urbano,RUA PEDRO DALLA STELLA,631,FRENTE,,,SANTA FELICIDADE,,Domicílio particular,,-0,,1,12,82020610
410690205050149,Urbano,RUA PEDRO DALLA STELLA,281,,,,SANTA FELICIDADE,,Domicílio particular,,-0,,1,12,82020610
410690205050149,Urbano,RUA PEDRO DALLA STELLA,311,,,,SANTA FELICIDADE,,Domicílio particular,,-0,,1,12,82020610
410690205050149,Urbano,RUA PEDRO DALLA STELLA,321,FUNDOS,,,SANTA FELICIDADE,,Domicílio particular,,-0,,1,12,82020610
410690205050149,Urbano,RUA PEDRO DALLA STELLA,321,FRENTE,,,SANTA FELICIDADE,,Domicílio particular,,-0,,1,12,82020610
410690205050149,Urbano,RUA PEDRO DALLA STELLA,345,,,,SANTA FELICIDADE,,Domicílio particular,,-0,,1,12,82020610
410690205050149,Urbano,RUA PEDRO DALLA STELLA,351,,,,SANTA FELICIDADE,,Domicílio particular,,-0,,1,12,82020610
410690205050149,Urbano,RUA PEDRO DALLA STELLA,365,FUNDOS,,,SANTA FELICIDADE,,Domicílio particular,,-0,,1,12,82020610
410690205050149,Urbano,RUA PEDRO DALLA STELLA,365,FRENTE,,,SANTA FELICIDADE,,Domicílio particular,,-0,,1,12,82020610
410690205050149,Urbano,RUA PEDRO DALLA STELLA,238,,,,SANTA FELICIDADE,,Domicílio particular,,-0,,1,12,82020610
410690205050149,Urbano,RUA PEDRO DALLA STELLA,243,,,,SANTA FELICIDADE,,Domicílio particular,,-0,,1,12,82020610
410690205050149,Urbano,RUA PEDRO DALLA STELLA,42,,,,SANTA FELICIDADE,,Domicílio particular,,-0,,1,11,82020610
410690205050149,Urbano,RUA PEDRO DALLA STELLA,33,FUNDOS,,,SANTA FELICIDADE,,Domicílio particular,,-0,,1,11,82020610
410690205050149,Urbano,RUA PEDRO DALLA STELLA,33,FRENTE,,,SANTA FELICIDADE,,Domicílio particular,,-0,,1,11,82020610
410690205050149,Urbano,RUA PEDRO DALLA STELLA,342,,,,SANTA FELICIDADE,,Domicílio particular,,-0,,1,11,82020610
410690205050149,Urbano,RUA PEDRO DALLA STELLA,62,FUNDOS,,,SANTA FELICIDADE,,Domicílio particular,,-0,,1,11,82020610
410690205050149,Urbano,RUA PEDRO DALLA STELLA,62,FRENTE,,,SANTA FELICIDADE,,Domicílio particular,,-0,,1,11,82020610
410690205050149,Urbano,RUA PEDRO DALLA STELLA,14,,,,SANTA FELICIDADE,,Domicílio particular,,-0,,1,11,82020610
410690205050149,Urbano,RUA PEDRO DALLA STELLA,13,,,,SANTA FELICIDADE,,Domicílio particular,,-0,,1,11,82020610
410690205050149,Urbano,RUA PEDRO DALLA STELLA,256,,,,SANTA FELICIDADE,,Domicílio particular,,-0,,1,11,82020610
410690205050149,Urbano,RUA PEDRO DALLA STELLA,27,FUNDOS,,,SANTA FELICIDADE,,Domicílio particular,,-0,,1,11,82020610
410690205050149,Urbano,RUA PEDRO DALLA STELLA,27,FRENTE,,,SANTA FELICIDADE,,Domicílio particular,,-0,,1,11,82020610
410690205050149,Urbano,RUA PEDRO DALLA STELLA,228,CASA 2,,,SANTA FELICIDADE,,Domicílio particular,,-0,,1,11,82020610
410690205050149,Urbano,RUA PEDRO DALLA STELLA,228,CASA 1,,,SANTA FELICIDADE,,Domicílio particular,,-0,,1,11,82020610
410690205050149,Urbano,RUA PEDRO DALLA STELLA,208,,,,SANTA FELICIDADE,,Domicílio particular,,-0,,1,11,82020610
410690205050149,Urbano,RUA PEDRO DALLA STELLA,186,,,,SANTA FELICIDADE,,Domicílio particular,,-0,,1,11,82020610
410690205050149,Urbano,RUA PEDRO DALLA STELLA,148,,,,SANTA FELICIDADE,,Estabelecimento de outras finalidades,CAMPO DE FUTEBOL,Único,,1,11,82020610
410690205050149,Urbano,RUA PEDRO DALLA STELLA,SN,,,,SANTA FELICIDADE,,Domicílio particular,,-0,,1,11,82020610
410690205050149,Urbano,RUA PEDRO DALLA STELLA,34,,,,SANTA FELICIDADE,,Domicílio particular,,-0,,1,11,82020610
410690205050149,Urbano,RUA PEDRO DALLA STELLA,30,FUNDOS,,,SANTA FELICIDADE,,Edificação em construção,,-0,,1,11,82020610
410690205050149,Urbano,RUA PEDRO DALLA STELLA,30,FRENTE,,,SANTA FELICIDADE,,Domicílio particular,,-0,,1,11,82020610
410690205050149,Urbano,RUA PEDRO DALLA STELLA,22,,,,SANTA FELICIDADE,,Domicílio particular,,-0,,1,11,82020610
410690205050149,Urbano,RUA PEDRO DALLA STELLA,60,,,,SANTA FELICIDADE,,Domicílio particular,,-0,,1,11,82020610
410690205050149,Urbano,RUA MARCOS MOCELLIN,585,,,,SANTA FELICIDADE,,Estabelecimento de outras finalidades,DISTRIBUIDORA DE BEBIDAS,Único,,1,10,82020510
410690205050149,Urbano,RUA MARCOS MOCELLIN,601,,,,SANTA FELICIDADE,,Domicílio particular,,-0,,1,10,82020510
410690205050149,Urbano,RUA MARCOS MOCELLIN,615,SOBRADO,,,SANTA FELICIDADE,,Domicílio particular,,-0,,1,10,82020510
410690205050149,Urbano,RUA MARCOS MOCELLIN,615,TERREO LOJA 2,,,SANTA FELICIDADE,,Estabelecimento de outras finalidades,SALAO DE BELEZA,Único,,1,10,82020510
410690205050149,Urbano,RUA MARCOS MOCELLIN,633,CASA 2,,,SANTA FELICIDADE,,Domicílio particular,,-0,,1,10,82020510
410690205050149,Urbano,RUA MARCOS MOCELLIN,633,CASA 1,,,SANTA FELICIDADE,,Domicílio particular,,-0,,1,10,82020510
410690205050149,Urbano,RUA MARCOS MOCELLIN,643,,,,SANTA FELICIDADE,,Domicílio particular,,-0,,1,10,82020510
410690205050149,Urbano,RUA MARCOS MOCELLIN,653,,,,SANTA FELICIDADE,,Domicílio particular,,-0,,1,10,82020510
410690205050149,Urbano,RUA MARCOS MOCELLIN,665,CASA 2,,,SANTA FELICIDADE,,Domicílio particular,,-0,,1,10,82020510
410690205050149,Urbano,RUA MARCOS MOCELLIN,665,CASA 1,,,SANTA FELICIDADE,,Domicílio particular,,-0,,1,10,82020510
410690205050149,Urbano,RUA MARCOS MOCELLIN,675,,,,SANTA FELICIDADE,,Estabelecimento de outras finalidades,IGREJA UNIVERSAL DO REINO,Único,,1,10,82020510
410690205050149,Urbano,RUA PEDRO RIBEIRO DOS SANTOS,SN,CASA 2,,,SANTA FELICIDADE,,Domicílio particular,,-0,,1,9,82020620
410690205050149,Urbano,RUA PEDRO RIBEIRO DOS SANTOS,SN,CASA 1,,,SANTA FELICIDADE,,Domicílio particular,,-0,,1,9,82020620
410690205050149,Urbano,RUA PEDRO RIBEIRO DOS SANTOS,SN,CASA,,,SANTA FELICIDADE,,Domicílio particular,,-0,,1,9,82020620
410690205050149,Urbano,RUA PEDRO RIBEIRO DOS SANTOS,18,,,,SANTA FELICIDADE,,Domicílio particular,,-0,,1,9,82020620
410690205050149,Urbano,RUA PEDRO RIBEIRO DOS SANTOS,22,CASA 2,,,SANTA FELICIDADE,,Domicílio particular,,-0,,1,9,82020620
410690205050149,Urbano,RUA PEDRO RIBEIRO DOS SANTOS,22,CASA 1,,,SANTA FELICIDADE,,Domicílio particular,,-0,,1,9,82020620
410690205050149,Urbano,RUA VICENZA,SN,CASA 2,,,SANTA FELICIDADE,,Domicílio particular,,-0,,1,8,82020630
410690205050149,Urbano,RUA VICENZA,SN,CASA 1,,,SANTA FELICIDADE,,Domicílio particular,,-0,,1,8,82020630
410690205050149,Urbano,RUA VICENZA,742,,,,SANTA FELICIDADE,,Domicílio particular,,-0,,1,8,82020630
410690205050149,Urbano,RUA VICENZA,6,,,,SANTA FELICIDADE,,Domicílio particular,,-0,,1,7,82020630
410690205050149,Urbano,RUA VICENZA,135,,,,SANTA FELICIDADE,,Domicílio particular,,-0,,1,7,82020630
410690205050149,Urbano,RUA VICENZA,133,,,,SANTA FELICIDADE,,Domicílio particular,,-0,,1,7,82020630
410690205050149,Urbano,RUA PEDRO RIBEIRO DOS SANTOS,SN,CASA 2,,,SANTA FELICIDADE,,Domicílio particular,,-0,,1,6,82020620
410690205050149,Urbano,RUA PEDRO RIBEIRO DOS SANTOS,SN,CASA 1,,,SANTA FELICIDADE,,Domicílio particular,,-0,,1,6,82020620
410690205050149,Urbano,RUA PEDRO RIBEIRO DOS SANTOS,140,,,,SANTA FELICIDADE,,Domicílio particular,,-0,,1,6,82020620
410690205050149,Urbano,RUA PEDRO RIBEIRO DOS SANTOS,108,CASA 12,,,SANTA FELICIDADE,,Domicílio particular,,-0,,1,6,82020620
410690205050149,Urbano,RUA PEDRO RIBEIRO DOS SANTOS,108,CASA 11,,,SANTA FELICIDADE,,Domicílio particular,,-0,,1,6,82020620
410690205050149,Urbano,RUA PEDRO RIBEIRO DOS SANTOS,108,CASA 10,,,SANTA FELICIDADE,,Domicílio particular,,-0,,1,6,82020620
410690205050149,Urbano,RUA PEDRO RIBEIRO DOS SANTOS,108,CASA 9,,,SANTA FELICIDADE,,Domicílio particular,,-0,,1,6,82020620
410690205050149,Urbano,RUA PEDRO RIBEIRO DOS SANTOS,108,CASA 8,,,SANTA FELICIDADE,,Domicílio particular,,-0,,1,6,82020620
410690205050149,Urbano,RUA PEDRO RIBEIRO DOS SANTOS,108,CASA 7,,,SANTA FELICIDADE,,Domicílio particular,,-0,,1,6,82020620
410690205050149,Urbano,RUA PEDRO RIBEIRO DOS SANTOS,108,CASA 6,,,SANTA FELICIDADE,,Domicílio particular,,-0,,1,6,82020620
410690205050149,Urbano,RUA PEDRO RIBEIRO DOS SANTOS,108,CASA 5,,,SANTA FELICIDADE,,Domicílio particular,,-0,,1,6,82020620
410690205050149,Urbano,RUA PEDRO RIBEIRO DOS SANTOS,108,CASA 4,,,SANTA FELICIDADE,,Domicílio particular,,-0,,1,6,82020620
410690205050149,Urbano,RUA PEDRO RIBEIRO DOS SANTOS,108,CASA 3,,,SANTA FELICIDADE,,Domicílio particular,,-0,,1,6,82020620
410690205050149,Urbano,RUA PEDRO RIBEIRO DOS SANTOS,108,CASA 2,,,SANTA FELICIDADE,,Domicílio particular,,-0,,1,6,82020620
410690205050149,Urbano,RUA PEDRO RIBEIRO DOS SANTOS,108,CASA 1,,,SANTA FELICIDADE,,Domicílio particular,,-0,,1,6,82020620
410690205050149,Urbano,RUA PEDRO RIBEIRO DOS SANTOS,125,,,,SANTA FELICIDADE,,Domicílio particular,,-0,,1,6,82020620
410690205050149,Urbano,RUA PEDRO RIBEIRO DOS SANTOS,139,,,,SANTA FELICIDADE,,Domicílio particular,,-0,,1,6,82020620
410690205050149,Urbano,RUA PEDRO RIBEIRO DOS SANTOS,185,FUNDOS,,,SANTA FELICIDADE,,Domicílio particular,,-0,,1,6,82020620
410690205050149,Urbano,RUA PEDRO RIBEIRO DOS SANTOS,185,FRENTE,,,SANTA FELICIDADE,,Domicílio particular,,-0,,1,6,82020620
410690205050149,Urbano,RUA NATAL PEDRO DALLA STELLA,350,,,,SANTA FELICIDADE,,Domicílio particular,,-0,,2,2,82030490
410690205050149,Urbano,RUA NATAL PEDRO DALLA STELLA,340,,,,SANTA FELICIDADE,,Domicílio particular,,-0,,2,2,82030490
410690205050149,Urbano,RUA NATAL PEDRO DALLA STELLA,288,,,,SANTA FELICIDADE,,Domicílio particular,,-0,,2,2,82030490
410690205050149,Urbano,RUA NATAL PEDRO DALLA STELLA,314,,,,SANTA FELICIDADE,,Domicílio particular,,-0,,2,2,82030490
410690205050149,Urbano,RUA NATAL PEDRO DALLA STELLA,604,,,,SANTA FELICIDADE,,Estabelecimento de outras finalidades,BAR E MERCEARIA,Único,,2,2,82030490
410690205050149,Urbano,RUA MADRE CLELIA MERLONI,604,,,,SANTA FELICIDADE,,Domicílio particular,,-0,,2,3,82030480
410690205050149,Urbano,RUA MADRE CLELIA MERLONI,616,,,,SANTA FELICIDADE,,Domicílio particular,,-0,,2,3,82030480
410690205050149,Urbano,RUA MADRE CLELIA MERLONI,633,,,,SANTA FELICIDADE,,Domicílio particular,,-0,,2,3,82030480
410690205050149,Urbano,RUA MADRE CLELIA MERLONI,635,,,,SANTA FELICIDADE,,Domicílio particular,,-0,,2,3,82030480
410690205050149,Urbano,RUA MADRE CLELIA MERLONI,144,,,,SANTA FELICIDADE,,Domicílio particular,,-0,,2,3,82030480
410690205050149,Urbano,RUA MADRE CLELIA MERLONI,145,,,,SANTA FELICIDADE,,Domicílio particular,,-0,,2,3,82030480
410690205050149,Urbano,RUA MADRE CLELIA MERLONI,263,CASA 1,,,SANTA FELICIDADE,,Domicílio particular,,-0,,2,3,82030480
410690205050149,Urbano,RUA MADRE CLELIA MERLONI,263,CASA 2,,,SANTA FELICIDADE,,Domicílio particular,,-0,,2,3,82030480
410690205050149,Urbano,RUA MARCOS MOCELLIN,315,,,,SANTA FELICIDADE,,Domicílio particular,,-0,,1,4,82020510
410690205050149,Urbano,RUA PEDRO RIBEIRO DOS SANTOS,53,,,,SANTA FELICIDADE,,Domicílio particular,,-0,,1,5,82020620
410690205050149,Urbano,RUA MADRE CLELIA MERLONI,686,,,,SANTA FELICIDADE,,Domicílio particular,,-0,,1,20,82030480
410690205050149,Urbano,RUA SEBASTIAO SANTOS,400,FUNDOS,,,SANTA FELICIDADE,,Domicílio particular,,-0,,1,1,82030420
