Código da unidade geográfica,Situação do setor,Logradouro,Número no logradouro,Complemento,Latitude,Longitude,Localidade,Ponto de referência,Espécie de endereço,Tipo de estabelecimento,Indicador de endereço,Identificação domicílio coletivo,Número da quadra,Número da face,CEP
410690205050141,Urbano,RUA MARCOS MOCELLIN,187,FRENTE,,,SANTA FELICIDADE,,Domicílio particular,,-0,,2,2,82020510
410690205050141,Urbano,RUA MARCOS MOCELLIN,187,FUNDOS,,,SANTA FELICIDADE,,Domicílio particular,,-0,,2,2,82020510
410690205050141,Urbano,RUA MARCOS MOCELLIN,171,FRENTE,,,SANTA FELICIDADE,,Domicílio particular,,-0,,2,2,82020510
410690205050141,Urbano,RUA MARCOS MOCELLIN,171,FUNDOS,,,SANTA FELICIDADE,,Domicílio particular,,-0,,2,2,82020510
410690205050141,Urbano,RUA MARCOS MOCELLIN,161,,,,SANTA FELICIDADE,,Domicílio particular,,-0,,2,2,82020510
410690205050141,Urbano,RUA MARCOS MOCELLIN,135,,,,SANTA FELICIDADE,,Domicílio particular,,-0,,2,2,82020510
410690205050141,Urbano,RUA MARCOS MOCELLIN,115,TERREO,,,SANTA FELICIDADE,,Estabelecimento de outras finalidades,PONTO DA ESFIHA,Único,,2,2,82020510
410690205050141,Urbano,RUA MARCOS MOCELLIN,115,SOBRADO,,,SANTA FELICIDADE,,Domicílio particular,,-0,,2,2,82020510
410690205050141,Urbano,RUA MARCOS MOCELLIN,119,,,,SANTA FELICIDADE,,Estabelecimento de outras finalidades,CENTRO DE DEPILACAO S E J,Único,,2,2,82020510
410690205050141,Urbano,RUA MARCOS MOCELLIN,101,CASA 1,,,SANTA FELICIDADE,,Domicílio particular,,-0,,2,2,82020510
410690205050141,Urbano,RUA MARCOS MOCELLIN,93,FUNDOS CASA 1,,,SANTA FELICIDADE,,Domicílio particular,,-0,,2,2,82020510
410690205050141,Urbano,RUA MARCOS MOCELLIN,93,FUNDOS CASA 2,,,SANTA FELICIDADE,,Domicílio particular,,-0,,2,2,82020510
410690205050141,Urbano,RUA MARCOS MOCELLIN,89,TERREO LOJA 1,,,SANTA FELICIDADE,,Estabelecimento de outras finalidades,QUEST LAN HOUSE,Único,,2,2,82020510
410690205050141,Urbano,RUA MARCOS MOCELLIN,89,TERREO LOJA 2,,,SANTA FELICIDADE,,Estabelecimento de outras finalidades,ATELIER DE COSTURA,Único,,2,2,82020510
410690205050141,Urbano,RUA MARCOS MOCELLIN,89,SOBRELOJA LOJA 1,,,SANTA FELICIDADE,,Estabelecimento de outras finalidades,CENTRO ESTETICO,Único,,2,2,82020510
410690205050141,Urbano,RUA MARCOS MOCELLIN,89,SOBRELOJA LOJA 2,,,SANTA FELICIDADE,,Estabelecimento de saúde,ODONTOLOGIA PREVENTIVA E RESTAURADORA,Único,,2,2,82020510
410690205050141,Urbano,RUA MARCOS MOCELLIN,89,SOBRELOJA LOJA 3,,,SANTA FELICIDADE,,Estabelecimento de saúde,PSICOLOGIA ATENDIMENTO INFANTIL ADOLESCE,Único,,2,2,82020510
410690205050141,Urbano,RUA MARCOS MOCELLIN,63,FRENTE,,,SANTA FELICIDADE,,Domicílio particular,,-0,,2,2,82020510
410690205050141,Urbano,RUA MARCOS MOCELLIN,63,FUNDOS,,,SANTA FELICIDADE,,Domicílio particular,,-0,,2,2,82020510
410690205050141,Urbano,RUA MARCOS MOCELLIN,49,,,,SANTA FELICIDADE,,Domicílio particular,,-0,,2,2,82020510
410690205050141,Urbano,RUA MARCOS MOCELLIN,11,,,,SANTA FELICIDADE,,Domicílio particular,,-0,,2,2,82020510
410690205050141,Urbano,AVENIDA MANOEL RIBAS,6000,,,,SANTA FELICIDADE,,Estabelecimento de outras finalidades,ACOUGUE E MERCEARIA ITALIA,Único,,2,3,82020000
410690205050141,Urbano,AVENIDA MANOEL RIBAS,6000,ANEXO a,,,SANTA FELICIDADE,,Estabelecimento de outras finalidades,ACOUGUE ITALIA,Único,,2,3,82020000
410690205050141,Urbano,AVENIDA MANOEL RIBAS,6020,,,,SANTA FELICIDADE,,Estabelecimento de outras finalidades,ANDARAKI CALCADOS E ESPORTES,Único,,2,3,82020000
410690205050141,Urbano,AVENIDA MANOEL RIBAS,6036,LOJA 1,,,SANTA FELICIDADE,,Estabelecimento de outras finalidades,ATUALLE,Único,,2,3,82020000
410690205050141,Urbano,AVENIDA MANOEL RIBAS,6036,LOJA 2,,,SANTA FELICIDADE,,Estabelecimento de outras finalidades,AUTO ESCOLA SABRINA,Único,,2,3,82020000
410690205050141,Urbano,AVENIDA MANOEL RIBAS,6036,SOBRADO,,,SANTA FELICIDADE,,Domicílio particular,,-0,,2,3,82020000
410690205050141,Urbano,AVENIDA MANOEL RIBAS,6040,TERREO,,,SANTA FELICIDADE,,Estabelecimento de outras finalidades,CABELEIREIRO UNISSEX MARCO E CARMEN,Único,,2,3,82020000
410690205050141,Urbano,AVENIDA MANOEL RIBAS,6040,SOBRELOJA,,,SANTA FELICIDADE,,Estabelecimento de outras finalidades,ADVOGADAS ASSOCIADAS,Único,,2,3,82020000
410690205050141,Urbano,AVENIDA MANOEL RIBAS,6040,FUNDOS,,,SANTA FELICIDADE,,Estabelecimento de outras finalidades,CAMMINARE CENTRO DE APOIO,Único,,2,3,82020000
410690205050141,Urbano,AVENIDA MANOEL RIBAS,6066,,,,SANTA FELICIDADE,,Estabelecimento de outras finalidades,COMPREAKI CALCADOS CONFECCOES E ESPORTES,Único,,2,3,82020000
410690205050141,Urbano,AVENIDA MANOEL RIBAS,6080,TERREO,,,SANTA FELICIDADE,,Estabelecimento de outras finalidades,ARTE E LINHA,Único,,2,3,82020000
410690205050141,Urbano,RUA MARCOS MOCELLIN,201,,,,SANTA FELICIDADE,,Domicílio particular,,-0,,2,2,82020510
410690205050141,Urbano,RUA MARCOS MOCELLIN,221,,,,SANTA FELICIDADE,,Domicílio particular,,-0,,2,2,82020510
410690205050141,Urbano,RUA VIA VENETO,941,SOBRELOJA,,,SANTA FELICIDADE,,Estabelecimento de outras finalidades,ADVOCACIA ROBSON IVAN STIVAL,Único,,2,1,82020470
410690205050141,Urbano,RUA VIA VENETO,941,TERREO LOJA 4,,,SANTA FELICIDADE,,Estabelecimento de outras finalidades,ESTETICA E BELEZA,Único,,2,1,82020470
410690205050141,Urbano,RUA VIA VENETO,941,TERREO LOJA 3,,,SANTA FELICIDADE,,Estabelecimento de saúde,ODONTOPEDIATRIA DIRCE KWIATKOWSKI,Único,,2,1,82020470
410690205050141,Urbano,RUA VIA VENETO,941,TERREO LOJA 2,,,SANTA FELICIDADE,,Estabelecimento de outras finalidades,ELETRONICA NATION,Único,,2,1,82020470
410690205050141,Urbano,RUA VIA VENETO,941,TERREO LOJA 1,,,SANTA FELICIDADE,,Estabelecimento de outras finalidades,MAP SERVICOS CONTABEIS,Único,,2,1,82020470
410690205050141,Urbano,RUA VIA VENETO,983,CASA 2,,,SANTA FELICIDADE,,Domicílio particular,,-0,,2,1,82020470
410690205050141,Urbano,RUA VIA VENETO,983,CASA 1,,,SANTA FELICIDADE,,Domicílio particular,,-0,,2,1,82020470
410690205050141,Urbano,RUA VIA VENETO,1001,,,,SANTA FELICIDADE,,Domicílio particular,,-0,,2,1,82020470
410690205050141,Urbano,RUA VIA VENETO,1009,FUNDOS APARTAMENTO 2,,,SANTA FELICIDADE,,Domicílio particular,,-0,,2,1,82020470
410690205050141,Urbano,RUA VIA VENETO,1009,FUNDOS APARTAMENTO 1,,,SANTA FELICIDADE,,Estabelecimento de outras finalidades,ESCRITORIO DO SOBRADO,Único,,2,1,82020470
410690205050141,Urbano,RUA VIA VENETO,1009,FUNDOS CASA 3,,,SANTA FELICIDADE,,Domicílio particular,,-0,,2,1,82020470
410690205050141,Urbano,RUA VIA VENETO,1009,FUNDOS CASA 2,,,SANTA FELICIDADE,,Domicílio particular,,-0,,2,1,82020470
410690205050141,Urbano,RUA VIA VENETO,1009,FUNDOS CASA 1,,,SANTA FELICIDADE,,Domicílio particular,,-0,,2,1,82020470
410690205050141,Urbano,RUA VIA VENETO,1009,FRENTE SOBRELOJA,,,SANTA FELICIDADE,,Estabelecimento de saúde,VITALITI ACUPUNTURA E ESTETICA,Único,,2,1,82020470
410690205050141,Urbano,RUA VIA VENETO,1009,FRENTE TERREO,,,SANTA FELICIDADE,,Estabelecimento de outras finalidades,PANIFICADORA PANE DI TRENTO,Único,,2,1,82020470
410690205050141,Urbano,RUA VIA VENETO,1029,,,,SANTA FELICIDADE,,Domicílio particular,,-0,,2,1,82020470
410690205050141,Urbano,RUA VIA VENETO,SN,,,,SANTA FELICIDADE,,Estabelecimento de outras finalidades,DROGARIAS FARMAIS,Único,,2,1,82020470
410690205050141,Urbano,RUA VIA VENETO,10,,,,SANTA FELICIDADE,,Estabelecimento de saúde,UNIDADE DE SAUDE SANTA FELICIDADE,Único,,2,1,82020470
410690205050141,Urbano,RUA VIA VENETO,1097,TERREO LOJA 3,,,SANTA FELICIDADE,,Estabelecimento de outras finalidades,TREVO EMBALAGENS,Único,,2,1,82020470
410690205050141,Urbano,RUA VIA VENETO,1097,TERREO LOJA 2,,,SANTA FELICIDADE,,Estabelecimento de outras finalidades,TREVO EMBALAGENS,Único,,2,1,82020470
410690205050141,Urbano,RUA VIA VENETO,1097,TERREO LOJA 1,,,SANTA FELICIDADE,,Estabelecimento de outras finalidades,DATTACRED EMPRESTIMOS,Único,,2,1,82020470
410690205050141,Urbano,RUA VIA VENETO,1097,SOBRELOJA SALA 3,,,SANTA FELICIDADE,,Estabelecimento de saúde,FELICITA ODONTOLOGIA,Único,,2,1,82020470
410690205050141,Urbano,RUA VIA VENETO,1097,SOBRELOJA SALA 2,,,SANTA FELICIDADE,,Estabelecimento de outras finalidades,SEA CAPITAIN EMPREENDIMENTOS E PARTICIPA,Único,,2,1,82020470
410690205050141,Urbano,RUA VIA VENETO,1097,SOBRELOJA SALA 1,,,SANTA FELICIDADE,,Estabelecimento de outras finalidades,ADVOGADOS ASSOCIADOS,Único,,2,1,82020470
410690205050141,Urbano,RUA VIA VENETO,1103,,,,SANTA FELICIDADE,,Estabelecimento de outras finalidades,LAVA CAR,Único,,2,1,82020470
410690205050141,Urbano,RUA VIA VENETO,1117,TERREO,,,SANTA FELICIDADE,,Estabelecimento de outras finalidades,DROSE CABELO E CIA,Único,,2,1,82020470
410690205050141,Urbano,RUA VIA VENETO,1117,SOBRELOJA,,,SANTA FELICIDADE,,Estabelecimento de saúde,CLINICA ODONTOLOGICA SANTA FELICIDADE,Único,,2,1,82020470
410690205050141,Urbano,RUA VIA VENETO,1135,,,,SANTA FELICIDADE,,Estabelecimento de outras finalidades,DISTRITO SANITARIO SANTA FELICIDADE,Único,,2,1,82020470
410690205050141,Urbano,RUA VIA VENETO,1145,,,,SANTA FELICIDADE,,Estabelecimento de outras finalidades,ESTACIONAMENTO EXCLUSIVO DA ACADEMIA BOD,Único,,2,1,82020470
410690205050141,Urbano,RUA VIA VENETO,1169,LOJA 2,,,SANTA FELICIDADE,,Estabelecimento de outras finalidades,VIA SIGN COMUNICACAO VISUAL,Único,,2,1,82020470
410690205050141,Urbano,RUA VIA VENETO,1169,LOJA 1,,,SANTA FELICIDADE,,Estabelecimento de outras finalidades,QUIOSQUE DA MASSA E LANCHES PINGUIM,Único,,2,1,82020470
410690205050141,Urbano,RUA SANTA BERTILLA BOSCARDIN,SN,FUNDOS,,,SANTA FELICIDADE,,Domicílio particular,,-0,,1,4,82020490
410690205050141,Urbano,RUA SANTA BERTILLA BOSCARDIN,262,FUNDOS,,,SANTA FELICIDADE,,Domicílio particular,,-0,,1,4,82020490
410690205050141,Urbano,RUA SANTA BERTILLA BOSCARDIN,262,FRENTE LOJA 3,,,SANTA FELICIDADE,,Estabelecimento de outras finalidades,LIMAO ROSA SANDUICHERIA E SUCOS,Único,,1,4,82020490
410690205050141,Urbano,RUA SANTA BERTILLA BOSCARDIN,262,FRENTE LOJA 2,,,SANTA FELICIDADE,,Estabelecimento de outras finalidades,BELLAFER BOLSAS E ACESSORIOS,Único,,1,4,82020490
410690205050141,Urbano,RUA SANTA BERTILLA BOSCARDIN,262,FRENTE LOJA 1,,,SANTA FELICIDADE,,Estabelecimento de outras finalidades,PICOL HAIR CIA DA BELEZA,Único,,1,4,82020490
410690205050141,Urbano,RUA SANTA BERTILLA BOSCARDIN,246,,,,SANTA FELICIDADE,,Domicílio particular,,-0,,1,4,82020490
410690205050141,Urbano,RUA SANTA BERTILLA BOSCARDIN,236,,,,SANTA FELICIDADE,,Domicílio particular,,-0,,1,4,82020490
410690205050141,Urbano,RUA SANTA BERTILLA BOSCARDIN,222,,,,SANTA FELICIDADE,,Domicílio particular,,-0,,1,4,82020490
410690205050141,Urbano,RUA SANTA BERTILLA BOSCARDIN,220,,,,SANTA FELICIDADE,,Domicílio particular,,-0,,1,4,82020490
410690205050141,Urbano,RUA SANTA BERTILLA BOSCARDIN,200,,,,SANTA FELICIDADE,,Estabelecimento de saúde,CLINICA DE FRATURAS E FISIOTERAPIA VIA V,Único,,1,4,82020490
410690205050141,Urbano,RUA SANTA BERTILLA BOSCARDIN,162,,,,SANTA FELICIDADE,,Estabelecimento de outras finalidades,IVETE J C CABELEIREIROS UNISSEX,Único,,1,4,82020490
410690205050141,Urbano,RUA VIA VENETO,1166,,,,SANTA FELICIDADE,,Domicílio particular,,-0,,1,3,82020470
410690205050141,Urbano,RUA VIA VENETO,SN,FUNDOS,,,SANTA FELICIDADE,,Domicílio particular,,-0,,1,3,82020470
410690205050141,Urbano,RUA VIA VENETO,SN,,,,SANTA FELICIDADE,,Estabelecimento de outras finalidades,FOXIE 29 ROUPAS,Único,,1,3,82020470
410690205050141,Urbano,RUA VIA VENETO,1120,,,,SANTA FELICIDADE,,Estabelecimento de outras finalidades,LAVANDERIA PALOMA,Único,,1,3,82020470
410690205050141,Urbano,RUA VIA VENETO,1120,FUNDOS,,,SANTA FELICIDADE,,Domicílio particular,,-0,,1,3,82020470
410690205050141,Urbano,RUA VIA VENETO,1120,FRENTE,,,SANTA FELICIDADE,,Domicílio particular,,-0,,1,3,82020470
410690205050141,Urbano,RUA VIA VENETO,1104,FUNDOS,,,SANTA FELICIDADE,,Domicílio particular,,-0,,1,3,82020470
410690205050141,Urbano,RUA VIA VENETO,1104,LOJA 2,,,SANTA FELICIDADE,,Estabelecimento de outras finalidades,LOJA VAGA,Único,,1,3,82020470
410690205050141,Urbano,RUA VIA VENETO,1104,LOJA 1,,,SANTA FELICIDADE,,Estabelecimento de outras finalidades,LOTERICA OU LOTERIAS,Único,,1,3,82020470
410690205050141,Urbano,RUA VIA VENETO,1094,,,,SANTA FELICIDADE,,Domicílio particular,,-0,,1,3,82020470
410690205050141,Urbano,RUA VIA VENETO,1094,,,,SANTA FELICIDADE,,Estabelecimento de outras finalidades,AVIARIO NOVA BELLUNO,Único,,1,3,82020470
410690205050141,Urbano,RUA VIA VENETO,1074,TERREO,,,SANTA FELICIDADE,,Estabelecimento de outras finalidades,MALLORCA UNIFORMES,Único,,1,3,82020470
410690205050141,Urbano,RUA VIA VENETO,1074,SOBRADO,,,SANTA FELICIDADE,,Estabelecimento de outras finalidades,ADVOCACIA TRABALHISTA PREVIDENCIARIO CIV,Único,,1,3,82020470
410690205050141,Urbano,RUA VIA VENETO,SN,,,,SANTA FELICIDADE,,Estabelecimento de outras finalidades,POSTO DE GASOLINA TREVIZO,Único,,1,3,82020470
410690205050141,Urbano,RUA VIA VENETO,1040,,,,SANTA FELICIDADE,,Domicílio particular,,-0,,1,3,82020470
410690205050141,Urbano,RUA VIA VENETO,1030,,,,SANTA FELICIDADE,,Estabelecimento de outras finalidades,VETERINARIA SANTA MARIA,Único,,1,3,82020470
410690205050141,Urbano,RUA VIA VENETO,1020,FUNDOS,,,SANTA FELICIDADE,,Domicílio particular,,-0,,1,3,82020470
410690205050141,Urbano,RUA VIA VENETO,980,TERREO,,,SANTA FELICIDADE,,Estabelecimento de outras finalidades,STIVAL MATERIAIS DE CONSTRUCAO,Único,,1,3,82020470
410690205050141,Urbano,RUA VIA VENETO,980,SOBRADO 1,,,SANTA FELICIDADE,,Domicílio particular,,-0,,1,3,82020470
410690205050141,Urbano,RUA VIA VENETO,960,,,,SANTA FELICIDADE,,Estabelecimento de outras finalidades,AUDIO VIA ACESSORIOS PARA AUTOMOVEIS,Único,,1,3,82020470
410690205050141,Urbano,RUA VIA VENETO,972,,,,SANTA FELICIDADE,,Estabelecimento de outras finalidades,ESTOFARIA TULIO,Único,,1,3,82020470
410690205050141,Urbano,RUA VIA VENETO,980,CASA a,,,SANTA FELICIDADE,,Estabelecimento de outras finalidades,BELLA PEDRA MARMORES E GRANITOS EXOTICOS,Único,,1,3,82020470
410690205050141,Urbano,RUA MARCOS MOCELLIN,281,,,,SANTA FELICIDADE,,Domicílio particular,,-0,,1,2,82020510
410690205050141,Urbano,RUA MARCOS MOCELLIN,291,,,,SANTA FELICIDADE,,Domicílio particular,,-0,,1,2,82020510
410690205050141,Urbano,RUA MARCOS MOCELLIN,319,,,,SANTA FELICIDADE,,Domicílio particular,,-0,,1,2,82020510
410690205050141,Urbano,RUA MARCOS MOCELLIN,341,CASA 23,,,SANTA FELICIDADE,,Domicílio particular,,-0,,1,2,82020510
410690205050141,Urbano,RUA MARCOS MOCELLIN,341,CASA 22,,,SANTA FELICIDADE,,Domicílio particular,,-0,,1,2,82020510
410690205050141,Urbano,RUA MARCOS MOCELLIN,341,CASA 21,,,SANTA FELICIDADE,,Domicílio particular,,-0,,1,2,82020510
410690205050141,Urbano,RUA MARCOS MOCELLIN,341,CASA 20,,,SANTA FELICIDADE,,Domicílio particular,,-0,,1,2,82020510
410690205050141,Urbano,RUA MARCOS MOCELLIN,341,CASA 19,,,SANTA FELICIDADE,,Domicílio particular,,-0,,1,2,82020510
410690205050141,Urbano,RUA MARCOS MOCELLIN,341,CASA 18,,,SANTA FELICIDADE,,Domicílio particular,,-0,,1,2,82020510
410690205050141,Urbano,RUA MARCOS MOCELLIN,341,CASA 17,,,SANTA FELICIDADE,,Domicílio particular,,-0,,1,2,82020510
410690205050141,Urbano,RUA MARCOS MOCELLIN,341,CASA 16,,,SANTA FELICIDADE,,Domicílio particular,,-0,,1,2,82020510
410690205050141,Urbano,RUA MARCOS MOCELLIN,341,CASA 15,,,SANTA FELICIDADE,,Domicílio particular,,-0,,1,2,82020510
410690205050141,Urbano,RUA MARCOS MOCELLIN,341,CASA 14,,,SANTA FELICIDADE,,Domicílio particular,,-0,,1,2,82020510
410690205050141,Urbano,RUA MARCOS MOCELLIN,341,CASA 13,,,SANTA FELICIDADE,,Domicílio particular,,-0,,1,2,82020510
410690205050141,Urbano,RUA MARCOS MOCELLIN,341,CASA 12,,,SANTA FELICIDADE,,Domicílio particular,,-0,,1,2,82020510
410690205050141,Urbano,RUA MARCOS MOCELLIN,341,CASA 11,,,SANTA FELICIDADE,,Domicílio particular,,-0,,1,2,82020510
410690205050141,Urbano,RUA MARCOS MOCELLIN,341,CASA 10,,,SANTA FELICIDADE,,Domicílio particular,,-0,,1,2,82020510
410690205050141,Urbano,RUA MARCOS MOCELLIN,341,CASA 9,,,SANTA FELICIDADE,,Domicílio particular,,-0,,1,2,82020510
410690205050141,Urbano,RUA MARCOS MOCELLIN,341,CASA 8,,,SANTA FELICIDADE,,Domicílio particular,,-0,,1,2,82020510
410690205050141,Urbano,RUA MARCOS MOCELLIN,341,CASA 7,,,SANTA FELICIDADE,,Domicílio particular,,-0,,1,2,82020510
410690205050141,Urbano,RUA MARCOS MOCELLIN,341,CASA 6,,,SANTA FELICIDADE,,Domicílio particular,,-0,,1,2,82020510
410690205050141,Urbano,RUA MARCOS MOCELLIN,341,CASA 5,,,SANTA FELICIDADE,,Domicílio particular,,-0,,1,2,82020510
410690205050141,Urbano,RUA MARCOS MOCELLIN,341,CASA 4,,,SANTA FELICIDADE,,Domicílio particular,,-0,,1,2,82020510
410690205050141,Urbano,RUA MARCOS MOCELLIN,341,CASA 3,,,SANTA FELICIDADE,,Domicílio particular,,-0,,1,2,82020510
410690205050141,Urbano,RUA MARCOS MOCELLIN,341,CASA 2,,,SANTA FELICIDADE,,Domicílio particular,,-0,,1,2,82020510
410690205050141,Urbano,RUA MARCOS MOCELLIN,341,CASA 1,,,SANTA FELICIDADE,,Domicílio particular,,-0,,1,2,82020510
410690205050141,Urbano,RUA MARCOS MOCELLIN,381,,,,SANTA FELICIDADE,,Domicílio particular,,-0,,1,2,82020510
410690205050141,Urbano,RUA MARCOS MOCELLIN,395,,,,SANTA FELICIDADE,,Domicílio particular,,-0,,1,2,82020510
410690205050141,Urbano,RUA JOAO DALLA STELLA,156,,,,SANTA FELICIDADE,,Domicílio particular,,-0,,1,1,82020500
410690205050141,Urbano,RUA JOAO DALLA STELLA,158,,,,SANTA FELICIDADE,,Domicílio particular,,-0,,1,1,82020500
410690205050141,Urbano,RUA JOAO DALLA STELLA,166,,,,SANTA FELICIDADE,,Domicílio particular,,-0,,1,1,82020500
410690205050141,Urbano,RUA JOAO DALLA STELLA,168,,,,SANTA FELICIDADE,,Domicílio particular,,-0,,1,1,82020500
410690205050141,Urbano,RUA JOAO DALLA STELLA,169,,,,SANTA FELICIDADE,,Domicílio particular,,-0,,1,1,82020500
410690205050141,Urbano,RUA JOAO DALLA STELLA,129,,,,SANTA FELICIDADE,,Domicílio particular,,-0,,1,1,82020500
410690205050141,Urbano,RUA JOAO DALLA STELLA,295,,,,SANTA FELICIDADE,,Estabelecimento de outras finalidades,MJ TURISMO,Único,,1,1,82020500
410690205050141,Urbano,AVENIDA MANOEL RIBAS,6080,SOBRELOJA,,,SANTA FELICIDADE,,Estabelecimento de outras finalidades,DBR SERVICOS,Único,,2,3,82020000
410690205050141,Urbano,AVENIDA MANOEL RIBAS,6080,FUNDOS SALA 1,,,SANTA FELICIDADE,,Estabelecimento de outras finalidades,ABSV FOTO E VIDEO,Único,,2,3,82020000
410690205050141,Urbano,AVENIDA MANOEL RIBAS,6080,FUNDOS SALA 2,,,SANTA FELICIDADE,,Estabelecimento de outras finalidades,FELIPE ROEHE FOTO VIDEO E CONVITES,Único,,2,3,82020000
410690205050141,Urbano,AVENIDA MANOEL RIBAS,6080,FUNDOS SALA 3,,,SANTA FELICIDADE,,Estabelecimento de outras finalidades,ADRIANE ROEHE ATELIER LOCACAO DE TRAJES,Único,,2,3,82020000
410690205050141,Urbano,AVENIDA MANOEL RIBAS,6104,,,,SANTA FELICIDADE,,Estabelecimento de outras finalidades,FELICITA JEANS MODA JOVEM,Único,,2,3,82020000
410690205050141,Urbano,RUA CHRISTINA DRESCH VIALLE,6112,,,,SANTA FELICIDADE,,Estabelecimento de outras finalidades,ESTACIONAMENTO PARA CLIENTES SKATE BURGU,Único,,2,4,82020495
410690205050141,Urbano,RUA CHRISTINA DRESCH VIALLE,6,CASA 1,,,SANTA FELICIDADE,,Domicílio particular,,-0,,2,5,82020495
410690205050141,Urbano,RUA CHRISTINA DRESCH VIALLE,6,CASA 2,,,SANTA FELICIDADE,,Domicílio particular,,-0,,2,5,82020495
410690205050141,Urbano,RUA CHRISTINA DRESCH VIALLE,8,,,,SANTA FELICIDADE,,Domicílio particular,,-0,,2,5,82020495
410690205050141,Urbano,RUA CHRISTINA DRESCH VIALLE,11,,,,SANTA FELICIDADE,,Edificação em construção,,-0,,2,5,82020495
410690205050141,Urbano,RUA CHRISTINA DRESCH VIALLE,9,,,,SANTA FELICIDADE,,Domicílio particular,,-0,,2,5,82020495
410690205050141,Urbano,RUA CHRISTINA DRESCH VIALLE,10,,,,SANTA FELICIDADE,,Domicílio particular,,-0,,2,5,82020495
410690205050141,Urbano,RUA CHRISTINA DRESCH VIALLE,12,,,,SANTA FELICIDADE,,Domicílio particular,,-0,,2,5,82020495
410690205050141,Urbano,RUA CHRISTINA DRESCH VIALLE,18,,,,SANTA FELICIDADE,,Domicílio particular,,-0,,2,6,82020495
410690205050141,Urbano,RUA CHRISTINA DRESCH VIALLE,7,FRENTE,,,SANTA FELICIDADE,,Domicílio particular,,-0,,2,6,82020495
410690205050141,Urbano,RUA CHRISTINA DRESCH VIALLE,7,FUNDOS,,,SANTA FELICIDADE,,Domicílio particular,,-0,,2,6,82020495
410690205050141,Urbano,RUA CHRISTINA DRESCH VIALLE,15,,,,SANTA FELICIDADE,,Domicílio particular,,-0,,2,6,82020495
410690205050141,Urbano,RUA CHRISTINA DRESCH VIALLE,2,,,,SANTA FELICIDADE,,Domicílio particular,,-0,,2,7,82020495
410690205050141,Urbano,RUA CHRISTINA DRESCH VIALLE,3,,,,SANTA FELICIDADE,,Domicílio particular,,-0,,2,7,82020495
410690205050141,Urbano,RUA CHRISTINA DRESCH VIALLE,4,FRENTE,,,SANTA FELICIDADE,,Domicílio particular,,-0,,2,7,82020495
410690205050141,Urbano,RUA CHRISTINA DRESCH VIALLE,4,FUNDOS,,,SANTA FELICIDADE,,Domicílio particular,,-0,,2,7,82020495
410690205050141,Urbano,RUA CHRISTINA DRESCH VIALLE,20,,,,SANTA FELICIDADE,,Domicílio particular,,-0,,2,8,82020495
410690205050141,Urbano,RUA CHRISTINA DRESCH VIALLE,5,,,,SANTA FELICIDADE,,Domicílio particular,,-0,,2,8,82020495
410690205050141,Urbano,RUA CHRISTINA DRESCH VIALLE,26,,,,SANTA FELICIDADE,,Domicílio particular,,-0,,2,8,82020495
410690205050141,Urbano,RUA CHRISTINA DRESCH VIALLE,17,,,,SANTA FELICIDADE,,Domicílio particular,,-0,,2,8,82020495
410690205050141,Urbano,RUA CHRISTINA DRESCH VIALLE,SN,,,,SANTA FELICIDADE,,Domicílio particular,,-0,,2,8,82020495
410690205050141,Urbano,AVENIDA MANOEL RIBAS,SN,,,,SANTA FELICIDADE,,Estabelecimento de outras finalidades,SKATE BURGUER,Único,,2,9,82020000
410690205050141,Urbano,AVENIDA MANOEL RIBAS,6148,TERREO,,,SANTA FELICIDADE,,Estabelecimento de outras finalidades,COSMETICOS,Único,,2,9,82020000
410690205050141,Urbano,RUA SANTA BERTILLA BOSCARDIN,30,LOJA 1,,,SANTA FELICIDADE,,Estabelecimento de outras finalidades,BELLUNO CALCADOS,Único,,2,10,82020490
410690205050141,Urbano,RUA SANTA BERTILLA BOSCARDIN,30,LOJA 2,,,SANTA FELICIDADE,,Estabelecimento de outras finalidades,RELOJOARIA TOPAZIO,Único,,2,10,82020490
410690205050141,Urbano,RUA SANTA BERTILLA BOSCARDIN,30,LOJA 3,,,SANTA FELICIDADE,,Estabelecimento de outras finalidades,CASA DO CADERNO,Único,,2,10,82020490
410690205050141,Urbano,RUA SANTA BERTILLA BOSCARDIN,30,SOBRELOJA SALA 1,,,SANTA FELICIDADE,,Estabelecimento de outras finalidades,INFO CENTER,Único,,2,10,82020490
410690205050141,Urbano,RUA SANTA BERTILLA BOSCARDIN,30,SOBRELOJA SALA 2,,,SANTA FELICIDADE,,Estabelecimento de outras finalidades,CASA DO CADERNO,Único,,2,10,82020490
410690205050141,Urbano,RUA SANTA BERTILLA BOSCARDIN,30,SOBRELOJA SALA 3,,,SANTA FELICIDADE,,Estabelecimento de outras finalidades,CASA DO CADERNO,Único,,2,10,82020490
410690205050141,Urbano,RUA SANTA BERTILLA BOSCARDIN,30,SOBRELOJA SALA 4,,,SANTA FELICIDADE,,Estabelecimento de saúde,CNF ODONTOLOGIA INTEGRADA,Único,,2,10,82020490
410690205050141,Urbano,RUA SANTA BERTILLA BOSCARDIN,30,SOBRELOJA SALA 5,,,SANTA FELICIDADE,,Estabelecimento de outras finalidades,MUSI STUDIO,Único,,2,10,82020490
410690205050141,Urbano,RUA SANTA BERTILLA BOSCARDIN,30,SOBRELOJA SALA 6,,,SANTA FELICIDADE,,Estabelecimento de outras finalidades,MUSI STUDIO,Único,,2,10,82020490
410690205050141,Urbano,RUA SANTA BERTILLA BOSCARDIN,50,,,,SANTA FELICIDADE,,Estabelecimento de outras finalidades,WORDS INGLES E ESPANHOL,Único,,2,10,82020490
410690205050141,Urbano,RUA SANTA BERTILLA BOSCARDIN,56,,,,SANTA FELICIDADE,,Domicílio particular,,-0,,2,10,82020490
410690205050141,Urbano,RUA SANTA BERTILLA BOSCARDIN,62,,,,SANTA FELICIDADE,,Estabelecimento de outras finalidades,ROSANGELA MAZZAROTTO ARQUITETA E URBANIS,Único,,2,10,82020490
410690205050141,Urbano,RUA SANTA BERTILLA BOSCARDIN,90,,,,SANTA FELICIDADE,,Estabelecimento de outras finalidades,ACADEMIA BODY CENTER,Único,,2,10,82020490
410690205050141,Urbano,RUA SANTA BERTILLA BOSCARDIN,136,,,,SANTA FELICIDADE,,Estabelecimento de outras finalidades,REGALLIS,Único,,2,10,82020490
410690205050141,Urbano,RUA SANTA BERTILLA BOSCARDIN,140,,,,SANTA FELICIDADE,,Domicílio particular,,-0,,2,10,82020490
410690205050141,Urbano,RUA VIA VENETO,861,,,,SANTA FELICIDADE,,Domicílio particular,,-0,,3,1,82020470
410690205050141,Urbano,RUA VIA VENETO,771,,,,SANTA FELICIDADE,,Estabelecimento de outras finalidades,INDUSTRIA E COMERCIO DE VELAS E PRODUTOS,Único,,3,1,82020470
410690205050141,Urbano,RUA ANGELO SLOMPO,33,,,,SANTA FELICIDADE,,Estabelecimento de outras finalidades,GARAGEM INDUSTRIA E COMERCIO DE VELAS E,Único,,3,2,82020480
410690205050141,Urbano,RUA ANGELO SLOMPO,100,,,,SANTA FELICIDADE,,Estabelecimento de outras finalidades,SERRALHERIA,Único,,3,2,82020480
410690205050141,Urbano,RUA ANGELO SLOMPO,229,CASA 3,,,SANTA FELICIDADE,,Domicílio particular,,-0,,3,2,82020480
410690205050141,Urbano,RUA ANGELO SLOMPO,229,CASA 2,,,SANTA FELICIDADE,,Domicílio particular,,-0,,3,2,82020480
410690205050141,Urbano,RUA ANGELO SLOMPO,229,CASA 1,,,SANTA FELICIDADE,,Domicílio particular,,-0,,3,2,82020480
410690205050141,Urbano,RUA ANGELO SLOMPO,195,,,,SANTA FELICIDADE,,Domicílio particular,,-0,,3,2,82020480
410690205050141,Urbano,RUA ANGELO SLOMPO,181,,,,SANTA FELICIDADE,,Domicílio particular,,-0,,3,2,82020480
410690205050141,Urbano,RUA ANGELO SLOMPO,165,,,,SANTA FELICIDADE,,Domicílio particular,,-0,,3,2,82020480
410690205050141,Urbano,RUA ANGELO SLOMPO,153,,,,SANTA FELICIDADE,,Estabelecimento de outras finalidades,DISTRIBUIDORA GRANADA AGUA SUCOS E BEBID,Único,,3,2,82020480
410690205050141,Urbano,RUA ANGELO SLOMPO,139,,,,SANTA FELICIDADE,,Domicílio particular,,-0,,3,2,82020480
410690205050141,Urbano,RUA ANGELO SLOMPO,77,,,,SANTA FELICIDADE,,Domicílio particular,,-0,,3,2,82020480
410690205050141,Urbano,RUA ANGELO SLOMPO,75,,,,SANTA FELICIDADE,,Domicílio particular,,-0,,3,2,82020480
410690205050141,Urbano,RUA ANGELO SLOMPO,71,,,,SANTA FELICIDADE,,Domicílio particular,,-0,,3,2,82020480
410690205050141,Urbano,RUA ANGELO SLOMPO,67,,,,SANTA FELICIDADE,,Domicílio particular,,-0,,3,2,82020480
410690205050141,Urbano,RUA ANGELO SLOMPO,63,,,,SANTA FELICIDADE,,Domicílio particular,,-0,,3,2,82020480
410690205050141,Urbano,RUA MARCOS MOCELLIN,20,,,,SANTA FELICIDADE,,Estabelecimento de outras finalidades,SONHARE COLCHOES,Único,,3,3,82020510
410690205050141,Urbano,RUA MARCOS MOCELLIN,22,SOBRELOJA 2,,,SANTA FELICIDADE,,Estabelecimento de outras finalidades,ADVOGADOS CIVIL E TRABALHISTA,Único,,3,3,82020510
410690205050141,Urbano,RUA MARCOS MOCELLIN,22,SOBRELOJA 1,,,SANTA FELICIDADE,,Estabelecimento de outras finalidades,JORNAL FOLHA SANTA FELICIDADE,Único,,3,3,82020510
410690205050141,Urbano,RUA MARCOS MOCELLIN,50,TERREO LOJA 4,,,SANTA FELICIDADE,,Estabelecimento de outras finalidades,FRUTAS E VERDURAS,Único,,3,3,82020510
410690205050141,Urbano,RUA MARCOS MOCELLIN,50,TERREO LOJA 3,,,SANTA FELICIDADE,,Estabelecimento de outras finalidades,REI DOS ALIMENTOS,Único,,3,3,82020510
410690205050141,Urbano,RUA MARCOS MOCELLIN,50,TERREO LOJA 2,,,SANTA FELICIDADE,,Estabelecimento de outras finalidades,CRAVO E ROSA PRODUTOS NATURAIS,Único,,3,3,82020510
410690205050141,Urbano,RUA MARCOS MOCELLIN,50,TERREO LOJA 1,,,SANTA FELICIDADE,,Estabelecimento de outras finalidades,ACOUGUE,Único,,3,3,82020510
410690205050141,Urbano,RUA MARCOS MOCELLIN,96,,,,SANTA FELICIDADE,,Domicílio particular,,-0,,3,3,82020510
410690205050141,Urbano,RUA MARCOS MOCELLIN,104,FRENTE,,,SANTA FELICIDADE,,Estabelecimento de outras finalidades,DIAGA LANCHES,Único,,3,3,82020510
410690205050141,Urbano,RUA MARCOS MOCELLIN,104,FUNDOS,,,SANTA FELICIDADE,,Domicílio particular,,-0,,3,3,82020510
410690205050141,Urbano,RUA MARCOS MOCELLIN,120,,,,SANTA FELICIDADE,,Domicílio particular,,-0,,3,3,82020510
410690205050141,Urbano,RUA MARCOS MOCELLIN,146,,,,SANTA FELICIDADE,,Domicílio particular,,-0,,3,3,82020510
410690205050141,Urbano,RUA MARCOS MOCELLIN,152,,,,SANTA FELICIDADE,,Estabelecimento de outras finalidades,TELE EMBALAGENS,Único,,3,3,82020510
410690205050141,Urbano,RUA MARCOS MOCELLIN,164,,,,SANTA FELICIDADE,,Domicílio particular,,-0,,3,3,82020510
410690205050141,Urbano,RUA MARCOS MOCELLIN,176,,,,SANTA FELICIDADE,,Domicílio particular,,-0,,3,3,82020510
410690205050141,Urbano,RUA MARCOS MOCELLIN,176,ANEXO 1,,,SANTA FELICIDADE,,Estabelecimento de outras finalidades,DAS VELAS ARTIGOS RELIGIOSOS,Único,,3,3,82020510
410690205050141,Urbano,RUA MARCOS MOCELLIN,188,,,,SANTA FELICIDADE,,Domicílio particular,,-0,,3,3,82020510
410690205050141,Urbano,RUA MARCOS MOCELLIN,198,,,,SANTA FELICIDADE,,Domicílio particular,,-0,,3,3,82020510
410690205050141,Urbano,RUA MARCOS MOCELLIN,SN,,,,SANTA FELICIDADE,,Domicílio particular,,-0,,3,3,82020510
410690205050141,Urbano,RUA MARCOS MOCELLIN,222,,,,SANTA FELICIDADE,,Domicílio particular,,-0,,3,3,82020510
410690205050141,Urbano,RUA VEREADOR JOBAR CASSOU,56,,,,SANTA FELICIDADE,,Edificação em construção,,-0,,4,1,82020520
410690205050141,Urbano,RUA VEREADOR JOBAR CASSOU,121,,,,SANTA FELICIDADE,,Domicílio particular,,-0,,4,1,82020520
410690205050141,Urbano,RUA VEREADOR JOBAR CASSOU,123,,,,SANTA FELICIDADE,,Domicílio particular,,-0,,4,1,82020520
410690205050141,Urbano,RUA VEREADOR JOBAR CASSOU,128,,,,SANTA FELICIDADE,,Domicílio particular,,-0,,4,1,82020520
410690205050141,Urbano,RUA VEREADOR JOBAR CASSOU,118,,,,SANTA FELICIDADE,,Domicílio particular,,-0,,4,1,82020520
410690205050141,Urbano,RUA VEREADOR JOBAR CASSOU,132,,,,SANTA FELICIDADE,,Domicílio particular,,-0,,4,1,82020520
410690205050141,Urbano,RUA VEREADOR JOBAR CASSOU,144,,,,SANTA FELICIDADE,,Domicílio particular,,-0,,4,1,82020520
410690205050141,Urbano,RUA VEREADOR JOBAR CASSOU,160,,,,SANTA FELICIDADE,,Domicílio particular,,-0,,4,1,82020520
410690205050141,Urbano,RUA VEREADOR JOBAR CASSOU,172,,,,SANTA FELICIDADE,,Domicílio particular,,-0,,4,1,82020520
410690205050141,Urbano,RUA AFFONSO REFFO,SN,,,,SANTA FELICIDADE,,Domicílio particular,,-0,,4,2,82020525
410690205050141,Urbano,RUA AFFONSO REFFO,102,,,,SANTA FELICIDADE,,Domicílio particular,,-0,,4,2,82020525
410690205050141,Urbano,RUA AFFONSO REFFO,SN,,,,SANTA FELICIDADE,,Domicílio particular,,-0,,4,2,82020525
410690205050141,Urbano,RUA AFFONSO REFFO,76,,,,SANTA FELICIDADE,,Domicílio particular,,-0,,4,2,82020525
410690205050141,Urbano,RUA AFFONSO REFFO,80,,,,SANTA FELICIDADE,,Domicílio particular,,-0,,4,2,82020525
410690205050141,Urbano,RUA AFFONSO REFFO,SN,,,,SANTA FELICIDADE,,Domicílio particular,,-0,,4,2,82020525
410690205050141,Urbano,RUA JOAO NATAL SLOMPO,SN,,,,SANTA FELICIDADE,,Domicílio particular,,-0,,4,3,82020535
410690205050141,Urbano,RUA JOAO NATAL SLOMPO,SN,,,,SANTA FELICIDADE,,Domicílio particular,,-0,,4,3,82020535
410690205050141,Urbano,RUA JOAO NATAL SLOMPO,SN,,,,SANTA FELICIDADE,,Domicílio particular,,-0,,4,3,82020535
410690205050141,Urbano,RUA JOAO NATAL SLOMPO,SN,,,,SANTA FELICIDADE,,Domicílio particular,,-0,,4,3,82020535
410690205050141,Urbano,RUA JOAO NATAL SLOMPO,16,,,,SANTA FELICIDADE,,Domicílio particular,,-0,,4,4,82020535
410690205050141,Urbano,RUA JOAO NATAL SLOMPO,SN,,,,SANTA FELICIDADE,,Domicílio particular,,-0,,4,4,82020535
410690205050141,Urbano,RUA JOAO NATAL SLOMPO,177,,,,SANTA FELICIDADE,,Domicílio particular,,-0,,4,4,82020535
410690205050141,Urbano,RUA JOAO NATAL SLOMPO,12,,,,SANTA FELICIDADE,,Domicílio particular,,-0,,4,4,82020535
410690205050141,Urbano,RUA JOAO NATAL SLOMPO,11,,,,SANTA FELICIDADE,,Domicílio particular,,-0,,4,4,82020535
410690205050141,Urbano,RUA JOAO NATAL SLOMPO,10,,,,SANTA FELICIDADE,,Domicílio particular,,-0,,4,4,82020535
410690205050141,Urbano,RUA JOAO NATAL SLOMPO,126,,,,SANTA FELICIDADE,,Domicílio particular,,-0,,4,4,82020535
410690205050141,Urbano,RUA JOAO JACOB MANFRON,SN,CASA 1,,,SANTA FELICIDADE,,Domicílio particular,,-0,,4,5,82020540
410690205050141,Urbano,RUA JOAO JACOB MANFRON,SN,CASA 2,,,SANTA FELICIDADE,,Domicílio particular,,-0,,4,5,82020540
410690205050141,Urbano,RUA JOAO JACOB MANFRON,SN,CASA 3,,,SANTA FELICIDADE,,Domicílio particular,,-0,,4,5,82020540
410690205050141,Urbano,RUA JOAO JACOB MANFRON,36,,,,SANTA FELICIDADE,,Domicílio particular,,-0,,4,5,82020540
410690205050141,Urbano,RUA JOAO JACOB MANFRON,71,,,,SANTA FELICIDADE,,Domicílio particular,,-0,,4,5,82020540
410690205050141,Urbano,RUA JOAO JACOB MANFRON,59,,,,SANTA FELICIDADE,,Domicílio particular,,-0,,4,5,82020540
410690205050141,Urbano,RUA JOAO JACOB MANFRON,12,,,,SANTA FELICIDADE,,Domicílio particular,,-0,,4,5,82020540
410690205050141,Urbano,RUA JOAO JACOB MANFRON,33,,,,SANTA FELICIDADE,,Domicílio particular,,-0,,4,5,82020540
410690205050141,Urbano,RUA JOAO JACOB MANFRON,21,,,,SANTA FELICIDADE,,Domicílio particular,,-0,,4,5,82020540
410690205050141,Urbano,RUA VEREADOR JOBAR CASSOU,328,,,,SANTA FELICIDADE,,Domicílio particular,,-0,,4,6,82020520
410690205050141,Urbano,RUA VEREADOR JOBAR CASSOU,344,,,,SANTA FELICIDADE,,Domicílio particular,,-0,,4,6,82020520
410690205050141,Urbano,RUA VEREADOR JOBAR CASSOU,200,,,,SANTA FELICIDADE,,Domicílio particular,,-0,,5,1,82020520
410690205050141,Urbano,RUA TARANTO,4,,,,SANTA FELICIDADE,,Domicílio particular,,-0,,5,2,82020530
410690205050141,Urbano,RUA TARANTO,3,,,,SANTA FELICIDADE,,Domicílio particular,,-0,,5,2,82020530
410690205050141,Urbano,RUA TARANTO,48,,,,SANTA FELICIDADE,,Domicílio particular,,-0,,5,2,82020530
410690205050141,Urbano,RUA TARANTO,50,,,,SANTA FELICIDADE,,Domicílio particular,,-0,,5,2,82020530
410690205050141,Urbano,RUA TARANTO,70,,,,SANTA FELICIDADE,,Domicílio particular,,-0,,5,2,82020530
410690205050141,Urbano,RUA TARANTO,94,,,,SANTA FELICIDADE,,Domicílio particular,,-0,,5,2,82020530
410690205050141,Urbano,RUA TARANTO,8,,,,SANTA FELICIDADE,,Estabelecimento de outras finalidades,QUADRA DE ESPORTES,Único,,5,2,82020530
410690205050141,Urbano,RUA JOAO NATAL SLOMPO,7,,,,SANTA FELICIDADE,,Domicílio particular,,-0,,5,3,82020535
410690205050141,Urbano,RUA AFFONSO REFFO,70,,,,SANTA FELICIDADE,,Domicílio particular,,-0,,5,4,82020535
410690205050141,Urbano,RUA VEREADOR JOBAR CASSOU,234,,,,SANTA FELICIDADE,,Domicílio particular,,-0,,6,1,82020520
410690205050141,Urbano,RUA VEREADOR JOBAR CASSOU,250,,,,SANTA FELICIDADE,,Domicílio particular,,-0,,6,1,82020520
410690205050141,Urbano,RUA VEREADOR JOBAR CASSOU,264,,,,SANTA FELICIDADE,,Domicílio particular,,-0,,6,1,82020520
410690205050141,Urbano,RUA JOAO JACOB MANFRON,11,,,,SANTA FELICIDADE,,Domicílio particular,,-0,,6,2,82020540
410690205050141,Urbano,RUA JOAO JACOB MANFRON,SN,,,,SANTA FELICIDADE,,Estabelecimento de outras finalidades,SALAO DO REINO DAS TESTEMUNHAS DE JEOVA,Único,,6,2,82020540
410690205050141,Urbano,RUA JOAO JACOB MANFRON,13,,,,SANTA FELICIDADE,,Domicílio particular,,-0,,6,2,82020540
410690205050141,Urbano,RUA JOAO JACOB MANFRON,15,,,,SANTA FELICIDADE,,Domicílio particular,,-0,,6,2,82020540
410690205050141,Urbano,RUA JOAO JACOB MANFRON,72,,,,SANTA FELICIDADE,,Domicílio particular,,-0,,6,2,82020540
410690205050141,Urbano,RUA JOAO JACOB MANFRON,44,,,,SANTA FELICIDADE,,Domicílio particular,,-0,,6,2,82020540
410690205050141,Urbano,RUA JOAO JACOB MANFRON,45,,,,SANTA FELICIDADE,,Domicílio particular,,-0,,6,2,82020540
410690205050141,Urbano,RUA JOAO JACOB MANFRON,8,,,,SANTA FELICIDADE,,Domicílio particular,,-0,,6,2,82020540
410690205050141,Urbano,RUA JOAO JACOB MANFRON,4,FRENTE,,,SANTA FELICIDADE,,Domicílio particular,,-0,,6,2,82020540
410690205050141,Urbano,RUA JOAO JACOB MANFRON,4,FUNDOS,,,SANTA FELICIDADE,,Domicílio particular,,-0,,6,2,82020540
410690205050141,Urbano,RUA JOAO NATAL SLOMPO,147,,,,SANTA FELICIDADE,,Domicílio particular,,-0,,6,3,82020535
410690205050141,Urbano,RUA JOAO NATAL SLOMPO,142,CASA 1,,,SANTA FELICIDADE,,Domicílio particular,,-0,,6,3,82020535
410690205050141,Urbano,RUA JOAO NATAL SLOMPO,142,CASA 2,,,SANTA FELICIDADE,,Domicílio particular,,-0,,6,3,82020535
410690205050141,Urbano,RUA TARANTO,103,,,,SANTA FELICIDADE,,Domicílio particular,,-0,,6,4,82020530
410690205050141,Urbano,RUA TARANTO,95,,,,SANTA FELICIDADE,,Domicílio particular,,-0,,6,4,82020530
410690205050141,Urbano,RUA TARANTO,62,,,,SANTA FELICIDADE,,Domicílio particular,,-0,,6,4,82020530
410690205050141,Urbano,RUA TARANTO,69,,,,SANTA FELICIDADE,,Domicílio particular,,-0,,6,4,82020530
410690205050141,Urbano,RUA TARANTO,8,,,,SANTA FELICIDADE,,Domicílio particular,,-0,,6,4,82020530
410690205050141,Urbano,RUA TARANTO,33,,,,SANTA FELICIDADE,,Domicílio particular,,-0,,6,4,82020530
410690205050141,Urbano,RUA VIA VENETO,780,,,,SANTA FELICIDADE,,Estabelecimento de outras finalidades,EMPALHADEIRA DE CADEIRAS SANTA FELICIDAD,Único,,4,10,82020530
410690205050141,Urbano,RUA VIA VENETO,780,,,,SANTA FELICIDADE,,Domicílio particular,,-0,,4,10,82020530
410690205050141,Urbano,RUA VIA VENETO,SN,,,,SANTA FELICIDADE,,Edificação em construção,,-0,,4,10,82020530
410690205050141,Urbano,RUA VIA VENETO,SN,,,,SANTA FELICIDADE,,Domicílio particular,,-0,,4,10,82020530
410690205050141,Urbano,RUA VIA VENETO,850,,,,SANTA FELICIDADE,,Estabelecimento de outras finalidades,ESTACIONAMENTO,Único,,4,10,82020530
410690205050141,Urbano,RUA VIA VENETO,890,TERREO,,,SANTA FELICIDADE,,Estabelecimento de outras finalidades,ROSA DE BASSI GRAFICA E EDITORA,Único,,4,10,82020530
410690205050141,Urbano,RUA VIA VENETO,890,SOBRELOJA,,,SANTA FELICIDADE,,Estabelecimento de outras finalidades,KUMON SANTA FELICIDADE,Único,,4,10,82020530
410690205050141,Urbano,RUA MARCOS MOCELLIN,776,,,,SANTA FELICIDADE,,Estabelecimento de outras finalidades,AQUARELA MODAS CONFECCOES EM GERAL,Único,,4,11,82020530
410690205050141,Urbano,RUA MARCOS MOCELLIN,SN,,,,SANTA FELICIDADE,,Estabelecimento de outras finalidades,SUBESTACAO,Único,,4,11,82020530
410690205050141,Urbano,RUA JOAO DALLA STELLA,156,CASA,,,SANTA FELICIDADE,,Domicílio particular,,-0,,1,1,82020500
410690205050141,Urbano,RUA JOAO DALLA STELLA,158,FUNDOS,,,SANTA FELICIDADE,,Domicílio particular,,-0,,1,1,82020500
410690205050141,Urbano,RUA SANTA BERTILLA BOSCARDIN,246,,,,SANTA FELICIDADE,,Domicílio particular,,-0,,1,4,82020490
410690205050141,Urbano,AVENIDA MANOEL RIBAS,6080,SALA 2,,,SANTA FELICIDADE,,Estabelecimento de saúde,ODONTOLOGIA,Único,,2,3,82020000
410690205050141,Urbano,RUA VIA VENETO,983,CASA 3,,,SANTA FELICIDADE,,Domicílio particular,,-0,,2,1,82020470
410690205050141,Urbano,RUA SANTA BERTILLA BOSCARDIN,136,FUNDOS,,,SANTA FELICIDADE,,Domicílio particular,,-0,,2,10,82020490
410690205050141,Urbano,AVENIDA MANOEL RIBAS,6048,,,,SANTA FELICIDADE,,Domicílio particular,,-0,,2,3,82020000
410690205050141,Urbano,RUA MARCOS MOCELLIN,49,FUNDOS,,,SANTA FELICIDADE,,Domicílio particular,,-0,,2,2,82020510
410690205050141,Urbano,RUA CHRISTINA DRESCH VIALLE,9B,CASA,,,SANTA FELICIDADE,,Domicílio particular,,-0,,2,5,82020495
410690205050141,Urbano,RUA CHRISTINA DRESCH VIALLE,82,,,,SANTA FELICIDADE,,Domicílio particular,,-0,,2,6,82020495
410690205050141,Urbano,RUA MARCOS MOCELLIN,150,,,,SANTA FELICIDADE,,Estabelecimento de outras finalidades,CABELEREIRO,Único,,3,3,82020510
410690205050141,Urbano,RUA ANGELO SLOMPO,229,CASA 3,,,SANTA FELICIDADE,,Domicílio particular,,-0,,3,2,82020480
410690205050141,Urbano,RUA ANGELO SLOMPO,88,,,,SANTA FELICIDADE,,Domicílio particular,,-0,,3,2,82020480
410690205050141,Urbano,RUA VIA VENETO,890,SOBRELOJA 2,,,SANTA FELICIDADE,,Estabelecimento de outras finalidades,WEEKDAYS CURSO DE IDIOMAS,Único,,4,10,82020530
410690205050141,Urbano,RUA VEREADOR JOBAR CASSOU,160,FUNDOS,,,SANTA FELICIDADE,,Domicílio particular,,-0,,4,1,82020520
410690205050141,Urbano,RUA JOAO NATAL SLOMPO,14,FUNDOS 2,,,SANTA FELICIDADE,,Domicílio particular,,-0,,4,3,82020535
410690205050141,Urbano,RUA AFFONSO REFFO,63,,,,SANTA FELICIDADE,,Domicílio particular,,-0,,4,2,82020525
410690205050141,Urbano,RUA AFFONSO REFFO,63,FUNDOS 2,,,SANTA FELICIDADE,,Domicílio particular,,-0,,4,2,82020525
410690205050141,Urbano,RUA AFFONSO REFFO,102,FUNDOS 2,,,SANTA FELICIDADE,,Domicílio particular,,-0,,4,2,82020525
410690205050141,Urbano,RUA JOAO NATAL SLOMPO,11,CASA 6,,,SANTA FELICIDADE,,Domicílio particular,,-0,,4,4,82020535
410690205050141,Urbano,RUA JOAO NATAL SLOMPO,11,CASA 2,,,SANTA FELICIDADE,,Domicílio particular,,-0,,4,4,82020535
410690205050141,Urbano,RUA JOAO NATAL SLOMPO,11,CASA 3,,,SANTA FELICIDADE,,Domicílio particular,,-0,,4,4,82020535
410690205050141,Urbano,RUA JOAO NATAL SLOMPO,11,CASA 4,,,SANTA FELICIDADE,,Domicílio particular,,-0,,4,4,82020535
410690205050141,Urbano,RUA JOAO NATAL SLOMPO,11,CASA 5,,,SANTA FELICIDADE,,Domicílio particular,,-0,,4,4,82020535
410690205050141,Urbano,RUA VEREADOR JOBAR CASSOU,264,FUNDOS,,,SANTA FELICIDADE,,Domicílio particular,,-0,,6,1,82020520
410690205050141,Urbano,RUA VEREADOR JOBAR CASSOU,264,FRENTE,,,SANTA FELICIDADE,,Domicílio particular,,-0,,6,1,82020520
410690205050141,Urbano,RUA VEREADOR JOBAR CASSOU,234,FUNDOS,,,SANTA FELICIDADE,,Domicílio particular,,-0,,6,1,82020520
410690205050141,Urbano,RUA AFFONSO REFFO,100,CASA 3,,,SANTA FELICIDADE,,Domicílio particular,,-0,,4,2,82020525
410690205050141,Urbano,RUA AFFONSO REFFO,100,CASA 2,,,SANTA FELICIDADE,,Domicílio particular,,-0,,4,2,82020525
410690205050141,Urbano,RUA AFFONSO REFFO,100,CASA 4,,,SANTA FELICIDADE,,Domicílio particular,,-0,,4,2,82020525
410690205050141,Urbano,RUA AFFONSO REFFO,94,FUNDOS,,,SANTA FELICIDADE,,Domicílio particular,,-0,,5,4,82020535
410690205050141,Urbano,RUA JOAO NATAL SLOMPO,145,,,,SANTA FELICIDADE,,Domicílio particular,,-0,,6,3,82020535
410690205050141,Urbano,RUA JOAO JACOB MANFRON,72,CASA,,,SANTA FELICIDADE,,Domicílio particular,,-0,,6,2,82020540
410690205050141,Urbano,RUA ANGELO SLOMPO,229,CASA 2 FUNDOS,,,SANTA FELICIDADE,,Domicílio particular,,-0,,3,2,82020480
410690205050141,Urbano,RUA JOAO JACOB MANFRON,11B,CASA,,,SANTA FELICIDADE,,Estabelecimento de outras finalidades,IGREJA TESTEMUNHA DE JEOVA,Único,,6,2,82020540
