Código da unidade geográfica,Situação do setor,Logradouro,Número no logradouro,Complemento,Latitude,Longitude,Localidade,Ponto de referência,Espécie de endereço,Tipo de estabelecimento,Indicador de endereço,Identificação domicílio coletivo,Número da quadra,Número da face,CEP
410690205050166,Urbano,RUA FRANCISCO DALLALIBERA,SN,BARRACAO,,,BAIRRO SANTA FELICIDADE,,Estabelecimento de outras finalidades,BAR E LANCHONETE,Único,,1,1,82030290
410690205050166,Urbano,RUA FRANCISCO DALLALIBERA,1539,BARRACAO,,,BAIRRO SANTA FELICIDADE,,Estabelecimento de outras finalidades,AUTO ELETRICA,Único,,1,1,82030290
410690205050166,Urbano,RUA FRANCISCO DALLALIBERA,1475,SOBRADO loja 1,,,BAIRRO SANTA FELICIDADE,,Estabelecimento de outras finalidades,AUTO PECAS,Único,,1,1,82030290
410690205050166,Urbano,RUA FRANCISCO DALLALIBERA,1475,SOBRADO loja 2,,,BAIRRO SANTA FELICIDADE,,Estabelecimento de outras finalidades,ESCAPAMENTOS,Único,,1,1,82030290
410690205050166,Urbano,RUA FRANCISCO DALLALIBERA,1475,APARTAMENTO,,,BAIRRO SANTA FELICIDADE,,Domicílio particular,,-0,,1,1,82030290
410690205050166,Urbano,RUA FRANCISCO DALLALIBERA,1475,,,,BAIRRO SANTA FELICIDADE,,Estabelecimento de outras finalidades,LOJA FECHADA,Único,,1,1,82030290
410690205050166,Urbano,RUA FRANCISCO DALLALIBERA,1429,SOBRADO,,,BAIRRO SANTA FELICIDADE,,Domicílio particular,,-0,,1,1,82030290
410690205050166,Urbano,RUA FRANCISCO DALLALIBERA,1415,CASA,,,BAIRRO SANTA FELICIDADE,,Domicílio particular,,-0,,1,1,82030290
410690205050166,Urbano,RUA FRANCISCO DALLALIBERA,1395,CASA,,,BAIRRO SANTA FELICIDADE,,Domicílio particular,,-0,,1,1,82030290
410690205050166,Urbano,RUA FRANCISCO DALLALIBERA,1389,CASA,,,BAIRRO SANTA FELICIDADE,,Domicílio particular,,-0,,1,1,82030290
410690205050166,Urbano,RUA FRANCISCO DALLALIBERA,1359,CASA,,,BAIRRO SANTA FELICIDADE,,Domicílio particular,,-0,,1,1,82030290
410690205050166,Urbano,RUA JACOB BASSO,56,CASA,,,BAIRRO SANTA FELICIDADE,,Domicílio particular,,-0,,1,2,82030310
410690205050166,Urbano,RUA JACOB BASSO,6,SOBRADO,,,BAIRRO SANTA FELICIDADE,,Domicílio particular,,-0,,1,2,82030310
410690205050166,Urbano,RUA JACOB BASSO,6,CASA,,,BAIRRO SANTA FELICIDADE,,Domicílio particular,,-0,,1,2,82030310
410690205050166,Urbano,RUA JACOB BASSO,3,CASA,,,BAIRRO SANTA FELICIDADE,,Domicílio particular,,-0,,1,2,82030310
410690205050166,Urbano,RUA JACOB BASSO,3,FUNDOS,,,BAIRRO SANTA FELICIDADE,,Domicílio particular,,-0,,1,2,82030310
410690205050166,Urbano,RUA PEDRO REVA,283,CASA,,,BAIRRO SANTA FELICIDADE,,Domicílio particular,,-0,,1,3,82030510
410690205050166,Urbano,RUA PEDRO REVA,530,CASA,,,BAIRRO SANTA FELICIDADE,,Domicílio particular,,-0,,1,3,82030510
410690205050166,Urbano,RUA PEDRO REVA,530,FUNDOS,,,BAIRRO SANTA FELICIDADE,,Domicílio particular,,-0,,1,3,82030510
410690205050166,Urbano,RUA PEDRO REVA,555,SOBRADO,,,BAIRRO SANTA FELICIDADE,,Domicílio particular,,-0,,1,3,82030510
410690205050166,Urbano,RUA PEDRO REVA,555,BARRACAO,,,BAIRRO SANTA FELICIDADE,,Estabelecimento de outras finalidades,FABRICACAO DE MOVEIS,Único,,1,3,82030510
410690205050166,Urbano,RUA ZACARIAS ALVES DE SOUZA,465,PORTAO,,,BAIRRO SANTA FELICIDADE,,Estabelecimento de outras finalidades,SAIDA DE VEICULOS,Único,,1,4,82030390
410690205050166,Urbano,RUA ZACARIAS ALVES DE SOUZA,9,PORTAO,,,BAIRRO SANTA FELICIDADE,,Domicílio particular,,-0,,1,4,82030390
410690205050166,Urbano,RUA ZACARIAS ALVES DE SOUZA,19,CASA,,,BAIRRO SANTA FELICIDADE,,Domicílio particular,,-0,,1,4,82030390
410690205050166,Urbano,RUA ZACARIAS ALVES DE SOUZA,375,SOBRADO,,,BAIRRO SANTA FELICIDADE,,Domicílio particular,,-0,,1,4,82030390
410690205050166,Urbano,RUA ZACARIAS ALVES DE SOUZA,375,CASA,,,BAIRRO SANTA FELICIDADE,,Domicílio particular,,-0,,1,4,82030390
410690205050166,Urbano,RUA ZACARIAS ALVES DE SOUZA,375,SOBRADO,,,BAIRRO SANTA FELICIDADE,,Domicílio particular,,-0,,1,4,82030390
410690205050166,Urbano,RUA ZACARIAS ALVES DE SOUZA,100,CASA,,,BAIRRO SANTA FELICIDADE,,Domicílio particular,,-0,,1,4,82030390
410690205050166,Urbano,RUA ZACARIAS ALVES DE SOUZA,85,CASA,,,BAIRRO SANTA FELICIDADE,,Domicílio particular,,-0,,1,4,82030390
410690205050166,Urbano,RUA ZACARIAS ALVES DE SOUZA,89,CASA,,,BAIRRO SANTA FELICIDADE,,Domicílio particular,,-0,,1,4,82030390
410690205050166,Urbano,RUA ZACARIAS ALVES DE SOUZA,89,CASA,,,BAIRRO SANTA FELICIDADE,,Estabelecimento de outras finalidades,OFICINA,Único,,1,4,82030390
410690205050166,Urbano,RUA ZACARIAS ALVES DE SOUZA,89,FUNDOS,,,BAIRRO SANTA FELICIDADE,,Domicílio particular,,-0,,1,4,82030390
410690205050166,Urbano,RUA ZACARIAS ALVES DE SOUZA,181,CASA,,,BAIRRO SANTA FELICIDADE,,Domicílio particular,,-0,,1,4,82030390
410690205050166,Urbano,RUA ANTONIO FERRO,95,CASA,,,BAIRRO SANTA FELICIDADE,,Domicílio particular,,-0,,1,5,82030380
410690205050166,Urbano,RUA ANTONIO FERRO,57,CASA,,,BAIRRO SANTA FELICIDADE,,Domicílio particular,,-0,,1,5,82030380
410690205050166,Urbano,RUA ANTONIO FERRO,10,CASA,,,BAIRRO SANTA FELICIDADE,,Domicílio particular,,-0,,1,5,82030380
410690205050166,Urbano,RUA ANTONIO FERRO,6,CASA,,,BAIRRO SANTA FELICIDADE,,Domicílio particular,,-0,,1,5,82030380
410690205050166,Urbano,RUA ANTONIO FERRO,6,LADO,,,BAIRRO SANTA FELICIDADE,,Domicílio particular,,-0,,1,5,82030380
410690205050166,Urbano,RUA ANTONIO FERRO,8,SOBRADO,,,BAIRRO SANTA FELICIDADE,,Edificação em construção,,-0,,1,5,82030380
410690205050166,Urbano,RUA ANTONIO FERRO,8,CASA,,,BAIRRO SANTA FELICIDADE,,Domicílio particular,,-0,,1,5,82030380
410690205050166,Urbano,RUA ANTONIO FERRO,474,CASA,,,BAIRRO SANTA FELICIDADE,,Domicílio particular,,-0,,1,5,82030380
410690205050166,Urbano,RUA ANTONIO FERRO,57,FUNDOS,,,BAIRRO SANTA FELICIDADE,,Domicílio particular,,-0,,1,5,82030380
410690205050166,Urbano,RUA SATURNINO MIRANDA,478,BARRACA,,,BAIRRO SANTA FELICIDADE,,Estabelecimento de outras finalidades,VENDA DE GAS,Único,,1,6,82030320
410690205050166,Urbano,RUA SATURNINO MIRANDA,494,CASA,,,BAIRRO SANTA FELICIDADE,,Domicílio particular,,-0,,1,6,82030320
410690205050166,Urbano,RUA ANGELO FERRO,10,SOBRADO,,,BAIRRO SANTA FELICIDADE,,Domicílio particular,,-0,,1,7,82030320
410690205050166,Urbano,RUA ANGELO FERRO,12,SOBRADO,,,BAIRRO SANTA FELICIDADE,,Domicílio particular,,-0,,1,7,82030320
410690205050166,Urbano,RUA ANGELO FERRO,42,SOBRADO 1,,,BAIRRO SANTA FELICIDADE,,Domicílio particular,,-0,,1,7,82030320
410690205050166,Urbano,RUA ANGELO FERRO,42,SOBRADO 2,,,BAIRRO SANTA FELICIDADE,,Domicílio particular,,-0,,1,7,82030320
410690205050166,Urbano,RUA ANGELO FERRO,42,SOBRADO 3,,,BAIRRO SANTA FELICIDADE,,Domicílio particular,,-0,,1,7,82030320
410690205050166,Urbano,RUA ANGELO FERRO,42,SOBRADO 4,,,BAIRRO SANTA FELICIDADE,,Domicílio particular,,-0,,1,7,82030320
410690205050166,Urbano,RUA ANGELO FERRO,70,CASA,,,BAIRRO SANTA FELICIDADE,,Domicílio particular,,-0,,1,7,82030320
410690205050166,Urbano,RUA ANGELO FERRO,74,SOBRADO,,,BAIRRO SANTA FELICIDADE,,Domicílio particular,,-0,,1,7,82030320
410690205050166,Urbano,RUA ANGELO FERRO,78,CASA,,,BAIRRO SANTA FELICIDADE,,Domicílio particular,,-0,,1,7,82030320
410690205050166,Urbano,RUA ANGELO FERRO,73,CASA,,,BAIRRO SANTA FELICIDADE,,Domicílio particular,,-0,,1,8,82030320
410690205050166,Urbano,RUA ANGELO FERRO,67,CASA,,,BAIRRO SANTA FELICIDADE,,Domicílio particular,,-0,,1,8,82030320
410690205050166,Urbano,RUA ANGELO FERRO,59,CASA,,,BAIRRO SANTA FELICIDADE,,Domicílio particular,,-0,,1,8,82030320
410690205050166,Urbano,RUA ANGELO FERRO,41,CASA,,,BAIRRO SANTA FELICIDADE,,Domicílio particular,,-0,,1,8,82030320
410690205050166,Urbano,RUA ANGELO FERRO,77,CASA,,,BAIRRO SANTA FELICIDADE,,Domicílio particular,,-0,,1,8,82030320
410690205050166,Urbano,RUA ANGELO FERRO,15,CASA,,,BAIRRO SANTA FELICIDADE,,Domicílio particular,,-0,,1,8,82030320
410690205050166,Urbano,RUA ANGELO FERRO,15,FUNDOS,,,BAIRRO SANTA FELICIDADE,,Domicílio particular,,-0,,1,8,82030320
410690205050166,Urbano,RUA ANGELO FERRO,9,CASA,,,BAIRRO SANTA FELICIDADE,,Domicílio particular,,-0,,1,8,82030320
410690205050166,Urbano,RUA ANGELO FERRO,9,FUNDOS,,,BAIRRO SANTA FELICIDADE,,Domicílio particular,,-0,,1,8,82030320
410690205050166,Urbano,RUA SATURNINO MIRANDA,526,SOBRADO,,,BAIRRO SANTA FELICIDADE,,Domicílio particular,,-0,,1,9,82030320
410690205050166,Urbano,RUA SATURNINO MIRANDA,526,APARTAMENTO,,,BAIRRO SANTA FELICIDADE,,Domicílio particular,,-0,,1,9,82030320
410690205050166,Urbano,RUA SATURNINO MIRANDA,530,CASA,,,BAIRRO SANTA FELICIDADE,,Domicílio particular,,-0,,1,9,82030320
410690205050166,Urbano,RUA SATURNINO MIRANDA,42,BARRACAO,,,BAIRRO SANTA FELICIDADE,,Estabelecimento de outras finalidades,LOJA FECHADA,Único,,1,9,82030320
410690205050166,Urbano,RUA SATURNINO MIRANDA,42,CASA,,,BAIRRO SANTA FELICIDADE,,Domicílio particular,,-0,,1,9,82030320
410690205050166,Urbano,RUA SATURNINO MIRANDA,42,FUNDOS,,,BAIRRO SANTA FELICIDADE,,Domicílio particular,,-0,,1,9,82030320
410690205050166,Urbano,RUA SATURNINO MIRANDA,560,BARRACAO loja 4,,,BAIRRO SANTA FELICIDADE,,Estabelecimento de outras finalidades,SERRALHEIRIA E TORNO,Único,,1,9,82030320
410690205050166,Urbano,RUA SATURNINO MIRANDA,560,BARRACAO,,,BAIRRO SANTA FELICIDADE,,Estabelecimento de outras finalidades,FORRO DIVISORIAS EM GESSO,Único,,1,9,82030320
410690205050166,Urbano,RUA SATURNINO MIRANDA,560,LOJA 6,,,BAIRRO SANTA FELICIDADE,,Estabelecimento de outras finalidades,FABRICA DE MOVEIS,Único,,1,9,82030320
410690205050166,Urbano,RUA SATURNINO MIRANDA,670,,,,BAIRRO SANTA FELICIDADE,,Estabelecimento de outras finalidades,LAVA CAR,Único,,1,9,82030320
410690205050166,Urbano,RUA SATURNINO MIRANDA,630,CASA a,,,BAIRRO SANTA FELICIDADE,,Estabelecimento de saúde,CLINICA MEDICA,Único,,1,9,82030320
410690205050166,Urbano,RUA SATURNINO MIRANDA,668,CASA,,,BAIRRO SANTA FELICIDADE,,Domicílio particular,,-0,,1,9,82030320
410690205050166,Urbano,RUA SATURNINO MIRANDA,650,CASA,,,BAIRRO SANTA FELICIDADE,,Domicílio particular,,-0,,1,9,82030320
410690205050166,Urbano,RUA SATURNINO MIRANDA,660,SOBRADO,,,BAIRRO SANTA FELICIDADE,,Estabelecimento de outras finalidades,DECORACAO E SALAO DE BELEZA,Único,,1,9,82030320
410690205050166,Urbano,RUA SATURNINO MIRANDA,660,APARTAMENTO 1,,,BAIRRO SANTA FELICIDADE,,Domicílio particular,,-0,,1,9,82030320
410690205050166,Urbano,RUA SATURNINO MIRANDA,660,APARTAMENTO 2,,,BAIRRO SANTA FELICIDADE,,Domicílio particular,,-0,,1,9,82030320
410690205050166,Urbano,RUA SATURNINO MIRANDA,692,SOBRADO,,,BAIRRO SANTA FELICIDADE,,Domicílio particular,,-0,,1,9,82030320
410690205050166,Urbano,RUA SATURNINO MIRANDA,692,APARTAMENTO,,,BAIRRO SANTA FELICIDADE,,Domicílio particular,,-0,,1,9,82030320
410690205050166,Urbano,RUA SATURNINO MIRANDA,692,CASA,,,BAIRRO SANTA FELICIDADE,,Domicílio particular,,-0,,1,9,82030320
410690205050166,Urbano,RUA SATURNINO MIRANDA,770,SOBRADO loja 1,,,BAIRRO SANTA FELICIDADE,,Estabelecimento de outras finalidades,OTICAS ITALIA,Único,,1,9,82030320
410690205050166,Urbano,RUA SATURNINO MIRANDA,770,SOBRADO loja 2,,,BAIRRO SANTA FELICIDADE,,Estabelecimento de outras finalidades,SALAO DE BELEZA,Único,,1,9,82030320
410690205050166,Urbano,RUA SATURNINO MIRANDA,770,SOBRADO loja 3,,,BAIRRO SANTA FELICIDADE,,Estabelecimento de outras finalidades,PAPELARIA E PRESENTES EM GERAL,Único,,1,9,82030320
410690205050166,Urbano,RUA SATURNINO MIRANDA,770,SOBRADO loja 4,,,BAIRRO SANTA FELICIDADE,,Estabelecimento de outras finalidades,OTICA,Único,,1,9,82030320
410690205050166,Urbano,RUA SATURNINO MIRANDA,770,SOBRADO loja 5,,,BAIRRO SANTA FELICIDADE,,Estabelecimento de saúde,ODONTOLOGIA,Único,,1,9,82030320
410690205050166,Urbano,RUA SATURNINO MIRANDA,770,SOBRADO loja 6,,,BAIRRO SANTA FELICIDADE,,Estabelecimento de outras finalidades,EXAME DE VISTA,Único,,1,9,82030320
410690205050166,Urbano,RUA SATURNINO MIRANDA,684,APARTAMENTO,,,BAIRRO SANTA FELICIDADE,,Estabelecimento de outras finalidades,CONTABILIDADE SAO JOSE,Único,,1,9,82030320
410690205050166,Urbano,RUA SATURNINO MIRANDA,690,CASA,,,BAIRRO SANTA FELICIDADE,,Domicílio particular,,-0,,1,9,82030320
410690205050166,Urbano,RUA SATURNINO MIRANDA,76,BARRACAO,,,BAIRRO SANTA FELICIDADE,,Estabelecimento de outras finalidades,GRAFICA,Único,,1,9,82030320
410690205050166,Urbano,RUA SATURNINO MIRANDA,770,CASA 1,,,BAIRRO SANTA FELICIDADE,,Domicílio particular,,-0,,1,10,82030320
410690205050166,Urbano,RUA SATURNINO MIRANDA,770,CASA 2,,,BAIRRO SANTA FELICIDADE,,Domicílio particular,,-0,,1,10,82030320
410690205050166,Urbano,RUA SATURNINO MIRANDA,770,CASA 3,,,BAIRRO SANTA FELICIDADE,,Domicílio particular,,-0,,1,10,82030320
410690205050166,Urbano,RUA SATURNINO MIRANDA,770,CASA 4,,,BAIRRO SANTA FELICIDADE,,Domicílio particular,,-0,,1,10,82030320
410690205050166,Urbano,RUA SATURNINO MIRANDA,770,CASA 5,,,BAIRRO SANTA FELICIDADE,,Domicílio particular,,-0,,1,10,82030320
410690205050166,Urbano,RUA SATURNINO MIRANDA,770,CASA 6,,,BAIRRO SANTA FELICIDADE,,Domicílio particular,,-0,,1,10,82030320
410690205050166,Urbano,RUA SATURNINO MIRANDA,770,CASA 7,,,BAIRRO SANTA FELICIDADE,,Domicílio particular,,-0,,1,10,82030320
410690205050166,Urbano,RUA SATURNINO MIRANDA,780,SOBRADO 1,,,BAIRRO SANTA FELICIDADE,,Domicílio particular,,-0,,1,11,82030320
410690205050166,Urbano,RUA SATURNINO MIRANDA,780,SOBRADO 2,,,BAIRRO SANTA FELICIDADE,,Domicílio particular,,-0,,1,11,82030320
410690205050166,Urbano,RUA SATURNINO MIRANDA,780,SOBRADO 3,,,BAIRRO SANTA FELICIDADE,,Domicílio particular,,-0,,1,11,82030320
410690205050166,Urbano,RUA SATURNINO MIRANDA,780,SOBRADO 4,,,BAIRRO SANTA FELICIDADE,,Domicílio particular,,-0,,1,11,82030320
410690205050166,Urbano,RUA SATURNINO MIRANDA,780,SOBRADO 5,,,BAIRRO SANTA FELICIDADE,,Domicílio particular,,-0,,1,11,82030320
410690205050166,Urbano,RUA SATURNINO MIRANDA,780,SOBRADO 6,,,BAIRRO SANTA FELICIDADE,,Domicílio particular,,-0,,1,11,82030320
410690205050166,Urbano,RUA SATURNINO MIRANDA,780,SOBRADO 7,,,BAIRRO SANTA FELICIDADE,,Domicílio particular,,-0,,1,11,82030320
410690205050166,Urbano,RUA SATURNINO MIRANDA,780,SOBRADO 8,,,BAIRRO SANTA FELICIDADE,,Domicílio particular,,-0,,1,11,82030320
410690205050166,Urbano,RUA SATURNINO MIRANDA,780,SOBRADO 9,,,BAIRRO SANTA FELICIDADE,,Domicílio particular,,-0,,1,11,82030320
410690205050166,Urbano,RUA SATURNINO MIRANDA,780,SOBRADO 10,,,BAIRRO SANTA FELICIDADE,,Domicílio particular,,-0,,1,11,82030320
410690205050166,Urbano,RUA SATURNINO MIRANDA,780,SOBRADO 11,,,BAIRRO SANTA FELICIDADE,,Domicílio particular,,-0,,1,11,82030320
410690205050166,Urbano,RUA SATURNINO MIRANDA,780,SOBRADO 12,,,BAIRRO SANTA FELICIDADE,,Domicílio particular,,-0,,1,11,82030320
410690205050166,Urbano,RUA SATURNINO MIRANDA,780,SOBRADO 13,,,BAIRRO SANTA FELICIDADE,,Domicílio particular,,-0,,1,11,82030320
410690205050166,Urbano,RUA SATURNINO MIRANDA,780,SOBRADO 14,,,BAIRRO SANTA FELICIDADE,,Domicílio particular,,-0,,1,11,82030320
410690205050166,Urbano,RUA SATURNINO MIRANDA,780,SOBRADO 15,,,BAIRRO SANTA FELICIDADE,,Domicílio particular,,-0,,1,11,82030320
410690205050166,Urbano,RUA SATURNINO MIRANDA,780,SOBRADO 16,,,BAIRRO SANTA FELICIDADE,,Domicílio particular,,-0,,1,11,82030320
410690205050166,Urbano,RUA SATURNINO MIRANDA,780,SOBRADO 17,,,BAIRRO SANTA FELICIDADE,,Domicílio particular,,-0,,1,11,82030320
410690205050166,Urbano,RUA SATURNINO MIRANDA,780,SOBRADO 18,,,BAIRRO SANTA FELICIDADE,,Domicílio particular,,-0,,1,11,82030320
410690205050166,Urbano,RUA SATURNINO MIRANDA,780,SOBRADO 19,,,BAIRRO SANTA FELICIDADE,,Domicílio particular,,-0,,1,11,82030320
410690205050166,Urbano,RUA SATURNINO MIRANDA,780,SOBRADO 20,,,BAIRRO SANTA FELICIDADE,,Domicílio particular,,-0,,1,11,82030320
410690205050166,Urbano,RUA SATURNINO MIRANDA,800,SOBRADO c,,,BAIRRO SANTA FELICIDADE,,Domicílio particular,,-0,,1,11,82030320
410690205050166,Urbano,RUA SATURNINO MIRANDA,800,CASA d,,,BAIRRO SANTA FELICIDADE,,Domicílio particular,,-0,,1,11,82030320
410690205050166,Urbano,RUA SATURNINO MIRANDA,800,FUNDOS d,,,BAIRRO SANTA FELICIDADE,,Domicílio particular,,-0,,1,11,82030320
410690205050166,Urbano,RUA SATURNINO MIRANDA,800,LADO d,,,BAIRRO SANTA FELICIDADE,,Domicílio particular,,-0,,1,11,82030320
410690205050166,Urbano,RUA SATURNINO MIRANDA,832,,,,BAIRRO SANTA FELICIDADE,,Estabelecimento de outras finalidades,REVENDA DE AUTOMOVEIS,Único,,1,12,82030320
410690205050166,Urbano,RUA SATURNINO MIRANDA,SN,,,,BAIRRO SANTA FELICIDADE,,Estabelecimento de outras finalidades,POSTO DE COMBUSTIVEL E LOJA DE CONVENIEN,Único,,1,12,82030320
410690205050166,Urbano,RUA ALBERTO BALHANA,30,CASA,,,BAIRRO SANTA FELICIDADE,,Domicílio particular,,-0,,2,1,82030400
410690205050166,Urbano,RUA ALBERTO BALHANA,850,CASA,,,BAIRRO SANTA FELICIDADE,,Domicílio particular,,-0,,2,1,82030400
410690205050166,Urbano,RUA ALBERTO BALHANA,850,SOBRADO,,,BAIRRO SANTA FELICIDADE,,Domicílio particular,,-0,,2,1,82030400
410690205050166,Urbano,RUA ALBERTO BALHANA,850,FUNDOS,,,BAIRRO SANTA FELICIDADE,,Domicílio particular,,-0,,2,1,82030400
410690205050166,Urbano,RUA ALBERTO BALHANA,40,CASA,,,BAIRRO SANTA FELICIDADE,,Domicílio particular,,-0,,2,1,82030400
410690205050166,Urbano,RUA ALBERTO BALHANA,40,FUNDOS,,,BAIRRO SANTA FELICIDADE,,Domicílio particular,,-0,,2,1,82030400
410690205050166,Urbano,RUA ALBERTO BALHANA,274,CASA,,,BAIRRO SANTA FELICIDADE,,Domicílio particular,,-0,,2,1,82030400
410690205050166,Urbano,RUA ALBERTO BALHANA,206,CASA,,,BAIRRO SANTA FELICIDADE,,Domicílio particular,,-0,,2,1,82030400
410690205050166,Urbano,RUA ALBERTO BALHANA,206,LADO,,,BAIRRO SANTA FELICIDADE,,Domicílio particular,,-0,,2,1,82030400
410690205050166,Urbano,RUA ALBERTO BALHANA,206,FUNDOS,,,BAIRRO SANTA FELICIDADE,,Domicílio particular,,-0,,2,1,82030400
410690205050166,Urbano,RUA ALBERTO BALHANA,527,CASA,,,BAIRRO SANTA FELICIDADE,,Domicílio particular,,-0,,2,1,82030400
410690205050166,Urbano,RUA ARTHUR BINDO,527,SOBRADO,,,BAIRRO SANTA FELICIDADE,,Domicílio particular,,-0,,2,2,82030330
410690205050166,Urbano,RUA ARTHUR BINDO,57,CASA,,,BAIRRO SANTA FELICIDADE,,Domicílio particular,,-0,,2,2,82030330
410690205050166,Urbano,RUA ARTHUR BINDO,485,CASA,,,BAIRRO SANTA FELICIDADE,,Domicílio particular,,-0,,2,2,82030330
410690205050166,Urbano,RUA ARTHUR BINDO,485,FUNDOS,,,BAIRRO SANTA FELICIDADE,,Domicílio particular,,-0,,2,2,82030330
410690205050166,Urbano,RUA ARTHUR BINDO,942,CASA,,,BAIRRO SANTA FELICIDADE,,Domicílio particular,,-0,,2,2,82030330
410690205050166,Urbano,RUA ARTHUR BINDO,942,FUNDOS,,,BAIRRO SANTA FELICIDADE,,Domicílio particular,,-0,,2,2,82030330
410690205050166,Urbano,RUA ARTHUR BINDO,805,CASA,,,BAIRRO SANTA FELICIDADE,,Domicílio particular,,-0,,2,2,82030330
410690205050166,Urbano,RUA ARTHUR BINDO,805,FUNDOS,,,BAIRRO SANTA FELICIDADE,,Domicílio particular,,-0,,2,2,82030330
410690205050166,Urbano,RUA ARTHUR BINDO,447,CASA,,,BAIRRO SANTA FELICIDADE,,Domicílio particular,,-0,,2,2,82030330
410690205050166,Urbano,RUA ARTHUR BINDO,437,CASA,,,BAIRRO SANTA FELICIDADE,,Estabelecimento de outras finalidades,ATELIE,Único,,2,2,82030330
410690205050166,Urbano,RUA ARTHUR BINDO,437,SOBRADO,,,BAIRRO SANTA FELICIDADE,,Domicílio particular,,-0,,2,2,82030330
410690205050166,Urbano,RUA ARTHUR BINDO,425,CASA,,,BAIRRO SANTA FELICIDADE,,Domicílio particular,,-0,,2,2,82030330
410690205050166,Urbano,RUA ARTHUR BINDO,415,CASA,,,BAIRRO SANTA FELICIDADE,,Domicílio particular,,-0,,2,2,82030330
410690205050166,Urbano,RUA ARTHUR BINDO,403,CASA,,,BAIRRO SANTA FELICIDADE,,Domicílio particular,,-0,,2,2,82030330
410690205050166,Urbano,RUA ARTHUR BINDO,403,FUNDOS,,,BAIRRO SANTA FELICIDADE,,Domicílio particular,,-0,,2,2,82030330
410690205050166,Urbano,RUA ARTHUR BINDO,75,SOBRADO,,,BAIRRO SANTA FELICIDADE,,Domicílio particular,,-0,,2,2,82030330
410690205050166,Urbano,RUA ARTHUR BINDO,377,CASA,,,BAIRRO SANTA FELICIDADE,,Domicílio particular,,-0,,2,2,82030330
410690205050166,Urbano,RUA ARTHUR BINDO,367,CASA,,,BAIRRO SANTA FELICIDADE,,Domicílio particular,,-0,,2,2,82030330
410690205050166,Urbano,RUA ARTHUR BINDO,367,FUNDOS,,,BAIRRO SANTA FELICIDADE,,Domicílio particular,,-0,,2,2,82030330
410690205050166,Urbano,RUA ARTHUR BINDO,355,CASA,,,BAIRRO SANTA FELICIDADE,,Domicílio particular,,-0,,2,2,82030330
410690205050166,Urbano,RUA ARTHUR BINDO,343,CASA,,,BAIRRO SANTA FELICIDADE,,Domicílio particular,,-0,,2,2,82030330
410690205050166,Urbano,RUA ARTHUR BINDO,331,SOBRADO,,,BAIRRO SANTA FELICIDADE,,Domicílio particular,,-0,,2,2,82030330
410690205050166,Urbano,RUA ARTHUR BINDO,SN,SOBRADO,,,BAIRRO SANTA FELICIDADE,,Domicílio particular,,-0,,2,2,82030330
410690205050166,Urbano,RUA ARTHUR BINDO,SN,SOBRADO,,,BAIRRO SANTA FELICIDADE,,Estabelecimento de outras finalidades,ATELIE DE PINTURA,Único,,2,2,82030330
410690205050166,Urbano,RUA ARTHUR BINDO,307,CASA,,,BAIRRO SANTA FELICIDADE,,Domicílio particular,,-0,,2,2,82030330
410690205050166,Urbano,RUA ARTHUR BINDO,297,CASA,,,BAIRRO SANTA FELICIDADE,,Domicílio particular,,-0,,2,2,82030330
410690205050166,Urbano,RUA ARTHUR BINDO,285,CASA,,,BAIRRO SANTA FELICIDADE,,Domicílio particular,,-0,,2,2,82030330
410690205050166,Urbano,RUA JOAO STRAPASSON,50,SOBRADO,,,BAIRRO SANTA FELICIDADE,,Domicílio particular,,-0,,2,3,82030360
410690205050166,Urbano,RUA JOAO STRAPASSON,1,SOBRADO,,,BAIRRO SANTA FELICIDADE,,Domicílio particular,,-0,,2,3,82030360
410690205050166,Urbano,RUA JOAO STRAPASSON,SN,CASA,,,BAIRRO SANTA FELICIDADE,,Domicílio particular,,-0,,2,3,82030360
410690205050166,Urbano,RUA JOAO FERRO,200,SOBRADO,,,BAIRRO SANTA FELICIDADE,,Domicílio particular,,-0,,2,4,82030370
410690205050166,Urbano,RUA JOAO FERRO,640,SOBRADO,,,BAIRRO SANTA FELICIDADE,,Domicílio particular,,-0,,2,4,82030370
410690205050166,Urbano,RUA JOAO FERRO,16,CASA,,,BAIRRO SANTA FELICIDADE,,Domicílio particular,,-0,,2,4,82030370
410690205050166,Urbano,RUA JOAO FERRO,16,FUNDOS,,,BAIRRO SANTA FELICIDADE,,Domicílio particular,,-0,,2,4,82030370
410690205050166,Urbano,RUA JOAO FERRO,20,CASA,,,BAIRRO SANTA FELICIDADE,,Domicílio particular,,-0,,2,4,82030370
410690205050166,Urbano,RUA JOAO FERRO,8,CASA,,,BAIRRO SANTA FELICIDADE,,Domicílio particular,,-0,,2,4,82030370
410690205050166,Urbano,RUA JOAO FERRO,8,SOBRADO,,,BAIRRO SANTA FELICIDADE,,Domicílio particular,,-0,,2,4,82030370
410690205050166,Urbano,RUA ZACARIAS ALVES DE SOUZA,354,SOBRADO,,,BAIRRO SANTA FELICIDADE,,Domicílio particular,,-0,,2,5,82030390
410690205050166,Urbano,RUA JOAO FERRO,310,CASA,,,BAIRRO SANTA FELICIDADE,,Domicílio particular,,-0,,2,4,82030370
410690205050166,Urbano,RUA ARTHUR BINDO,235,CASA,,,BAIRRO SANTA FELICIDADE,,Domicílio particular,,-0,,3,1,82030330
410690205050166,Urbano,RUA ARTHUR BINDO,211,CASA,,,BAIRRO SANTA FELICIDADE,,Domicílio particular,,-0,,3,1,82030330
410690205050166,Urbano,RUA ARTHUR BINDO,211,FUNDOS,,,BAIRRO SANTA FELICIDADE,,Domicílio particular,,-0,,3,1,82030330
410690205050166,Urbano,RUA ARTHUR BINDO,205,CASA,,,BAIRRO SANTA FELICIDADE,,Domicílio particular,,-0,,3,1,82030330
410690205050166,Urbano,RUA ARTHUR BINDO,185,CASA,,,BAIRRO SANTA FELICIDADE,,Domicílio particular,,-0,,3,1,82030330
410690205050166,Urbano,RUA ARTHUR BINDO,185,FUNDOS,,,BAIRRO SANTA FELICIDADE,,Domicílio particular,,-0,,3,1,82030330
410690205050166,Urbano,RUA ARTHUR BINDO,179,CASA,,,BAIRRO SANTA FELICIDADE,,Domicílio particular,,-0,,3,1,82030330
410690205050166,Urbano,RUA ARTHUR BINDO,178,CASA,,,BAIRRO SANTA FELICIDADE,,Domicílio particular,,-0,,3,1,82030330
410690205050166,Urbano,RUA ARTHUR BINDO,178,FUNDOS,,,BAIRRO SANTA FELICIDADE,,Domicílio particular,,-0,,3,1,82030330
410690205050166,Urbano,RUA ARTHUR BINDO,141,CASA,,,BAIRRO SANTA FELICIDADE,,Domicílio particular,,-0,,3,1,82030330
410690205050166,Urbano,RUA ARTHUR BINDO,141,FUNDOS,,,BAIRRO SANTA FELICIDADE,,Domicílio particular,,-0,,3,1,82030330
410690205050166,Urbano,RUA ARTHUR BINDO,137,CASA,,,BAIRRO SANTA FELICIDADE,,Domicílio particular,,-0,,3,1,82030330
410690205050166,Urbano,RUA ARTHUR BINDO,129,CASA,,,BAIRRO SANTA FELICIDADE,,Domicílio particular,,-0,,3,1,82030330
410690205050166,Urbano,RUA ARTHUR BINDO,23,CASA,,,BAIRRO SANTA FELICIDADE,,Domicílio particular,,-0,,3,1,82030330
410690205050166,Urbano,RUA ARTHUR BINDO,23,FUNDOS,,,BAIRRO SANTA FELICIDADE,,Domicílio particular,,-0,,3,1,82030330
410690205050166,Urbano,RUA ARTHUR BINDO,SN,SOBRADO,,,BAIRRO SANTA FELICIDADE,,Domicílio particular,,-0,,3,1,82030330
410690205050166,Urbano,RUA ARTHUR BINDO,SN,CASA,,,BAIRRO SANTA FELICIDADE,,Domicílio particular,,-0,,3,1,82030330
410690205050166,Urbano,RUA ARTHUR BINDO,85,CASA,,,BAIRRO SANTA FELICIDADE,,Domicílio particular,,-0,,3,1,82030330
410690205050166,Urbano,RUA SATURNINO MIRANDA,250,CASA,,,BAIRRO SANTA FELICIDADE,,Domicílio particular,,-0,,3,2,82030320
410690205050166,Urbano,RUA SATURNINO MIRANDA,312,BARRACAO a,,,BAIRRO SANTA FELICIDADE,,Estabelecimento de outras finalidades,CONCESSIONARIA AUTOMOVEIS,Único,,3,2,82030320
410690205050166,Urbano,RUA SATURNINO MIRANDA,312,SOBRADO,,,BAIRRO SANTA FELICIDADE,,Domicílio particular,,-0,,3,2,82030320
410690205050166,Urbano,RUA SATURNINO MIRANDA,312,TERREO,,,BAIRRO SANTA FELICIDADE,,Estabelecimento de outras finalidades,COM MAT ELETR E HIDRAULICO,Único,,3,2,82030320
410690205050166,Urbano,RUA SATURNINO MIRANDA,312,APARTAMENTO,,,BAIRRO SANTA FELICIDADE,,Domicílio particular,,-0,,3,2,82030320
410690205050166,Urbano,RUA SATURNINO MIRANDA,318,CASA,,,BAIRRO SANTA FELICIDADE,,Estabelecimento de outras finalidades,PIZZARIA,Único,,3,2,82030320
410690205050166,Urbano,RUA SATURNINO MIRANDA,318,CASA,,,BAIRRO SANTA FELICIDADE,,Estabelecimento de outras finalidades,BAR MARMITEX,Único,,3,2,82030320
410690205050166,Urbano,RUA SATURNINO MIRANDA,324,CASA,,,BAIRRO SANTA FELICIDADE,,Estabelecimento de outras finalidades,FRUTEIRA,Único,,3,2,82030320
410690205050166,Urbano,RUA SATURNINO MIRANDA,324,CASA,,,BAIRRO SANTA FELICIDADE,,Domicílio particular,,-0,,3,2,82030320
410690205050166,Urbano,RUA SATURNINO MIRANDA,324,FUNDOS,,,BAIRRO SANTA FELICIDADE,,Domicílio particular,,-0,,3,2,82030320
410690205050166,Urbano,RUA SATURNINO MIRANDA,324,FUNDOS,,,BAIRRO SANTA FELICIDADE,,Domicílio particular,,-0,,3,2,82030320
410690205050166,Urbano,RUA SATURNINO MIRANDA,320,SOBRADO loja 1,,,BAIRRO SANTA FELICIDADE,,Estabelecimento de outras finalidades,ACOUGUE,Único,,3,2,82030320
410690205050166,Urbano,RUA SATURNINO MIRANDA,320,SOBRADO loja 2,,,BAIRRO SANTA FELICIDADE,,Estabelecimento de outras finalidades,COM VIDEO GAMES,Único,,3,2,82030320
410690205050166,Urbano,RUA SATURNINO MIRANDA,320,SOBRADO loja 3,,,BAIRRO SANTA FELICIDADE,,Estabelecimento de outras finalidades,C0M VIDEO GAMES,Único,,3,2,82030320
410690205050166,Urbano,RUA SATURNINO MIRANDA,320,SOBRADO loja 4,,,BAIRRO SANTA FELICIDADE,,Estabelecimento de outras finalidades,CONSULTORIO ODONTOLOGICO,Único,,3,2,82030320
410690205050166,Urbano,RUA SATURNINO MIRANDA,320,APARTAMENTO 1,,,BAIRRO SANTA FELICIDADE,,Domicílio particular,,-0,,3,2,82030320
410690205050166,Urbano,RUA SATURNINO MIRANDA,320,APARTAMENTO 2,,,BAIRRO SANTA FELICIDADE,,Domicílio particular,,-0,,3,2,82030320
410690205050166,Urbano,RUA SATURNINO MIRANDA,312,CASA a,,,BAIRRO SANTA FELICIDADE,,Domicílio particular,,-0,,3,2,82030320
410690205050166,Urbano,RUA JOAO FERRO,28,SOBRADO loja 1,,,BAIRRO SANTA FELICIDADE,,Estabelecimento de outras finalidades,PADARIA,Único,,3,3,82030370
410690205050166,Urbano,RUA JOAO FERRO,28,SOBRADO loja 2,,,BAIRRO SANTA FELICIDADE,,Estabelecimento de outras finalidades,PADARIA,Único,,3,3,82030370
410690205050166,Urbano,RUA JOAO FERRO,28,SOBRADO loja 3,,,BAIRRO SANTA FELICIDADE,,Estabelecimento de outras finalidades,PADARIA,Único,,3,3,82030370
410690205050166,Urbano,RUA JOAO FERRO,28,SOBRADO loja 4,,,BAIRRO SANTA FELICIDADE,,Estabelecimento de outras finalidades,PADARIA,Único,,3,3,82030370
410690205050166,Urbano,RUA JOAO FERRO,28,SOBRADO loja 5,,,BAIRRO SANTA FELICIDADE,,Estabelecimento de outras finalidades,PADARIA,Único,,3,3,82030370
410690205050166,Urbano,RUA JOAO FERRO,28,SOBRADO loja 6,,,BAIRRO SANTA FELICIDADE,,Estabelecimento de outras finalidades,PADARIA,Único,,3,3,82030370
410690205050166,Urbano,RUA JOAO FERRO,28,APARTAMENTO 1,,,BAIRRO SANTA FELICIDADE,,Domicílio particular,,-0,,3,3,82030370
410690205050166,Urbano,RUA JOAO FERRO,28,APARTAMENTO 2,,,BAIRRO SANTA FELICIDADE,,Domicílio particular,,-0,,3,3,82030370
410690205050166,Urbano,RUA JOAO FERRO,30,CASA,,,BAIRRO SANTA FELICIDADE,,Domicílio particular,,-0,,3,3,82030370
410690205050166,Urbano,RUA JOAO FERRO,56,SOBRADO,,,BAIRRO SANTA FELICIDADE,,Domicílio particular,,-0,,3,3,82030370
410690205050166,Urbano,RUA JOAO FERRO,56,SOBRADO,,,BAIRRO SANTA FELICIDADE,,Domicílio particular,,-0,,3,3,82030370
410690205050166,Urbano,RUA JOAO FERRO,72,CASA,,,BAIRRO SANTA FELICIDADE,,Domicílio particular,,-0,,3,3,82030370
410690205050166,Urbano,RUA JOAO FERRO,15,CASA,,,BAIRRO SANTA FELICIDADE,,Domicílio particular,,-0,,3,3,82030370
410690205050166,Urbano,RUA JOAO FERRO,100,SOBRADO,,,BAIRRO SANTA FELICIDADE,,Domicílio particular,,-0,,3,3,82030370
410690205050166,Urbano,RUA JOAO FERRO,114,SOBRADO,,,BAIRRO SANTA FELICIDADE,,Domicílio particular,,-0,,3,3,82030370
410690205050166,Urbano,RUA JOAO FERRO,130,CASA,,,BAIRRO SANTA FELICIDADE,,Domicílio particular,,-0,,3,3,82030370
410690205050166,Urbano,RUA JOAO FERRO,154,CASA,,,BAIRRO SANTA FELICIDADE,,Domicílio particular,,-0,,3,3,82030370
410690205050166,Urbano,RUA JOAO STRAPASSON,65,SOBRADO,,,BAIRRO SANTA FELICIDADE,,Domicílio particular,,-0,,3,4,82030360
410690205050166,Urbano,RUA JOAO STRAPASSON,251,CASA,,,BAIRRO SANTA FELICIDADE,,Domicílio particular,,-0,,3,4,82030360
410690205050166,Urbano,RUA SATURNINO MIRANDA,402,BARRACAO,,,BAIRRO SANTA FELICIDADE,,Estabelecimento de outras finalidades,ACOUGUE,Único,,4,1,82030320
410690205050166,Urbano,RUA SATURNINO MIRANDA,428,CASA,,,BAIRRO SANTA FELICIDADE,,Domicílio particular,,-0,,4,1,82030320
410690205050166,Urbano,RUA SATURNINO MIRANDA,430,SOBRADO loja 1,,,BAIRRO SANTA FELICIDADE,,Domicílio particular,,-0,,4,1,82030320
410690205050166,Urbano,RUA SATURNINO MIRANDA,430,SOBRADO loja 2,,,BAIRRO SANTA FELICIDADE,,Estabelecimento de outras finalidades,CONSULTORIO DENTARIO,Único,,4,1,82030320
410690205050166,Urbano,RUA SATURNINO MIRANDA,430,APARTAMENTO,,,BAIRRO SANTA FELICIDADE,,Domicílio particular,,-0,,4,1,82030320
410690205050166,Urbano,RUA SATURNINO MIRANDA,434,SOBRADO loja 1,,,BAIRRO SANTA FELICIDADE,,Estabelecimento de outras finalidades,INFORMATICA,Único,,4,1,82030320
410690205050166,Urbano,RUA SATURNINO MIRANDA,434,SOBRADO loja 2,,,BAIRRO SANTA FELICIDADE,,Estabelecimento de outras finalidades,INFORMATICA,Único,,4,1,82030320
410690205050166,Urbano,RUA SATURNINO MIRANDA,434,APARTAMENTO,,,BAIRRO SANTA FELICIDADE,,Domicílio particular,,-0,,4,1,82030320
410690205050166,Urbano,RUA ANTONIO FERRO,40,GARAGEM,,,BAIRRO SANTA FELICIDADE,,Domicílio particular,,-0,,4,2,82030380
410690205050166,Urbano,RUA ANTONIO FERRO,41,CASA,,,BAIRRO SANTA FELICIDADE,,Domicílio particular,,-0,,4,2,82030380
410690205050166,Urbano,RUA ANTONIO FERRO,52,SOBRADO loja 1,,,BAIRRO SANTA FELICIDADE,,Estabelecimento de outras finalidades,COMUNICACAO VISUAL,Único,,4,2,82030380
410690205050166,Urbano,RUA ANTONIO FERRO,52,SOBRADO loja 2,,,BAIRRO SANTA FELICIDADE,,Estabelecimento de outras finalidades,LOJA FECHADA,Único,,4,2,82030380
410690205050166,Urbano,RUA ANTONIO FERRO,52,APARTAMENTO,,,BAIRRO SANTA FELICIDADE,,Domicílio particular,,-0,,4,2,82030380
410690205050166,Urbano,RUA ANTONIO FERRO,64,CASA,,,BAIRRO SANTA FELICIDADE,,Domicílio particular,,-0,,4,2,82030380
410690205050166,Urbano,RUA ANTONIO FERRO,128,SOBRADO,,,BAIRRO SANTA FELICIDADE,,Domicílio particular,,-0,,4,2,82030380
410690205050166,Urbano,RUA ANTONIO FERRO,94,SOBRADO,,,BAIRRO SANTA FELICIDADE,,Domicílio particular,,-0,,4,2,82030380
410690205050166,Urbano,RUA ANTONIO FERRO,94,CASA,,,BAIRRO SANTA FELICIDADE,,Domicílio particular,,-0,,4,2,82030380
410690205050166,Urbano,RUA ANTONIO FERRO,160,SOBRADO,,,BAIRRO SANTA FELICIDADE,,Domicílio particular,,-0,,4,2,82030380
410690205050166,Urbano,RUA ANTONIO FERRO,190,SOBRADO,,,BAIRRO SANTA FELICIDADE,,Domicílio particular,,-0,,4,2,82030380
410690205050166,Urbano,RUA ANTONIO FERRO,190,SOBRADO c,,,BAIRRO SANTA FELICIDADE,,Domicílio particular,,-0,,4,2,82030380
410690205050166,Urbano,RUA ANTONIO FERRO,190,SOBRADO b,,,BAIRRO SANTA FELICIDADE,,Domicílio particular,,-0,,4,2,82030380
410690205050166,Urbano,RUA ANTONIO FERRO,190,SOBRADO a,,,BAIRRO SANTA FELICIDADE,,Domicílio particular,,-0,,4,2,82030380
410690205050166,Urbano,RUA JOAO FERRO,239,CASA,,,BAIRRO SANTA FELICIDADE,,Domicílio particular,,-0,,4,3,82030370
410690205050166,Urbano,RUA JOAO FERRO,426,SOBRADO,,,BAIRRO SANTA FELICIDADE,,Domicílio particular,,-0,,4,3,82030370
410690205050166,Urbano,RUA JOAO FERRO,213,CASA,,,BAIRRO SANTA FELICIDADE,,Domicílio particular,,-0,,4,3,82030370
410690205050166,Urbano,RUA JOAO FERRO,161,SOBRADO,,,BAIRRO SANTA FELICIDADE,,Domicílio particular,,-0,,4,3,82030370
410690205050166,Urbano,RUA JOAO FERRO,145,SOBRADO 1,,,BAIRRO SANTA FELICIDADE,,Domicílio particular,,-0,,4,3,82030370
410690205050166,Urbano,RUA JOAO FERRO,145,SOBRADO 2,,,BAIRRO SANTA FELICIDADE,,Domicílio particular,,-0,,4,3,82030370
410690205050166,Urbano,RUA JOAO FERRO,145,SOBRADO 3,,,BAIRRO SANTA FELICIDADE,,Domicílio particular,,-0,,4,3,82030370
410690205050166,Urbano,RUA JOAO FERRO,145,SOBRADO 4,,,BAIRRO SANTA FELICIDADE,,Domicílio particular,,-0,,4,3,82030370
410690205050166,Urbano,RUA JOAO FERRO,127,CASA,,,BAIRRO SANTA FELICIDADE,,Domicílio particular,,-0,,4,3,82030370
410690205050166,Urbano,RUA JOAO FERRO,111,SOBRADO 2,,,BAIRRO SANTA FELICIDADE,,Domicílio particular,,-0,,4,3,82030370
410690205050166,Urbano,RUA JOAO FERRO,111,SOBRADO,,,BAIRRO SANTA FELICIDADE,,Domicílio particular,,-0,,4,3,82030370
410690205050166,Urbano,RUA JOAO FERRO,95,SOBRADO,,,BAIRRO SANTA FELICIDADE,,Edificação em construção,,-0,,4,3,82030370
410690205050166,Urbano,RUA JOAO FERRO,12,CASA,,,BAIRRO SANTA FELICIDADE,,Domicílio particular,,-0,,4,3,82030370
410690205050166,Urbano,RUA JOAO FERRO,SN,SOBRADO 1,,,BAIRRO SANTA FELICIDADE,,Domicílio particular,,-0,,4,3,82030370
410690205050166,Urbano,RUA JOAO FERRO,SN,SOBRADO 2,,,BAIRRO SANTA FELICIDADE,,Domicílio particular,,-0,,4,3,82030370
410690205050166,Urbano,RUA JOAO FERRO,SN,SOBRADO 3,,,BAIRRO SANTA FELICIDADE,,Domicílio particular,,-0,,4,3,82030370
410690205050166,Urbano,RUA JOAO FERRO,SN,SOBRADO 4,,,BAIRRO SANTA FELICIDADE,,Domicílio particular,,-0,,4,3,82030370
410690205050166,Urbano,RUA JOAO FERRO,51,CASA,,,BAIRRO SANTA FELICIDADE,,Domicílio particular,,-0,,4,3,82030370
410690205050166,Urbano,RUA JOAO FERRO,31,SOBRADO b,,,BAIRRO SANTA FELICIDADE,,Domicílio particular,,-0,,4,3,82030370
410690205050166,Urbano,RUA JOAO FERRO,31,SOBRADO a,,,BAIRRO SANTA FELICIDADE,,Domicílio particular,,-0,,4,3,82030370
410690205050166,Urbano,RUA JOAO FERRO,31,LADO,,,BAIRRO SANTA FELICIDADE,,Domicílio particular,,-0,,4,3,82030370
410690205050166,Urbano,RUA SATURNINO MIRANDA,800,CASA,,,BAIRRO SANTA FELICIDADE,,Domicílio particular,,-0,,1,12,82030320
410690205050166,Urbano,RUA SATURNINO MIRANDA,800,CASA b,,,BAIRRO SANTA FELICIDADE,,Domicílio particular,,-0,,1,12,82030320
410690205050166,Urbano,RUA ZACARIAS ALVES DE SOUZA,19,CASA 2,,,BAIRRO SANTA FELICIDADE,,Domicílio particular,,-0,,1,4,82030390
410690205050166,Urbano,RUA ANTONIO FERRO,57,CASA 2,,,BAIRRO SANTA FELICIDADE,,Domicílio particular,,-0,,1,5,82030380
410690205050166,Urbano,RUA SATURNINO MIRANDA,660,TERREO,,,BAIRRO SANTA FELICIDADE,,Estabelecimento de outras finalidades,CENTRO DE ESTETICA,Único,,1,9,82030320
410690205050166,Urbano,RUA SATURNINO MIRANDA,682,TERREO,,,BAIRRO SANTA FELICIDADE,,Estabelecimento de outras finalidades,ACOUGUE CASA DE CARNES,Único,,1,9,82030320
410690205050166,Urbano,RUA SATURNINO MIRANDA,686,TERREO,,,BAIRRO SANTA FELICIDADE,,Estabelecimento de outras finalidades,VENDAS DE ALIMENTOS EM GERAL PORTAL D AG,Único,,1,9,82030320
410690205050166,Urbano,RUA ALBERTO BALHANA,850,FUNDOS 2,,,BAIRRO SANTA FELICIDADE,,Domicílio particular,,-0,,2,1,82030400
410690205050166,Urbano,RUA JOAO FERRO,14,CASA,,,BAIRRO SANTA FELICIDADE,,Domicílio particular,,-0,,2,4,82030370
410690205050166,Urbano,RUA ZACARIAS ALVES DE SOUZA,354,CASA 2,,,BAIRRO SANTA FELICIDADE,,Domicílio particular,,-0,,2,5,82030390
410690205050166,Urbano,RUA ZACARIAS ALVES DE SOUZA,370,CASA,,,BAIRRO SANTA FELICIDADE,,Domicílio particular,,-0,,2,5,82030390
410690205050166,Urbano,RUA ZACARIAS ALVES DE SOUZA,370,CASA 2,,,BAIRRO SANTA FELICIDADE,,Domicílio particular,,-0,,2,5,82030390
410690205050166,Urbano,RUA ZACARIAS ALVES DE SOUZA,382,CASA,,,BAIRRO SANTA FELICIDADE,,Domicílio particular,,-0,,2,5,82030390
410690205050166,Urbano,RUA ARTHUR BINDO,85,FUNDOS,,,BAIRRO SANTA FELICIDADE,,Domicílio particular,,-0,,3,1,82030330
410690205050166,Urbano,RUA SATURNINO MIRANDA,318,FUNDOS CASA,,,BAIRRO SANTA FELICIDADE,,Domicílio particular,,-0,,3,2,82030320
410690205050166,Urbano,RUA SATURNINO MIRANDA,318,FUNDOS CASA,,,BAIRRO SANTA FELICIDADE,,Domicílio particular,,-0,,3,2,82030320
410690205050166,Urbano,RUA SATURNINO MIRANDA,324,LOJA,,,BAIRRO SANTA FELICIDADE,,Estabelecimento de outras finalidades,MASSOTERAPIA,Único,,3,2,82030320
410690205050166,Urbano,RUA SATURNINO MIRANDA,318,LOJA,,,BAIRRO SANTA FELICIDADE,,Estabelecimento de outras finalidades,BAR COM SINUCA,Único,,3,2,82030320
410690205050166,Urbano,RUA SATURNINO MIRANDA,690,FUNDOS 1,,,BAIRRO SANTA FELICIDADE,,Domicílio particular,,-0,,1,9,82030320
410690205050166,Urbano,RUA SATURNINO MIRANDA,690,FUNDOS 2,,,BAIRRO SANTA FELICIDADE,,Domicílio particular,,-0,,1,9,82030320
410690205050166,Urbano,RUA ZACARIAS ALVES DE SOUZA,90,CASA,,,BAIRRO SANTA FELICIDADE,,Domicílio particular,,-0,,2,5,82030390
410690205050166,Urbano,RUA SATURNINO MIRANDA,560,FUNDOS,,,BAIRRO SANTA FELICIDADE,,Domicílio particular,,-0,,1,9,82030320
410690205050166,Urbano,RUA SATURNINO MIRANDA,560,FUNDOS 2,,,BAIRRO SANTA FELICIDADE,,Domicílio particular,,-0,,1,9,82030320
410690205050166,Urbano,RUA SATURNINO MIRANDA,560,CASA,,,BAIRRO SANTA FELICIDADE,,Domicílio particular,,-0,,1,9,82030320
410690205050166,Urbano,RUA SATURNINO MIRANDA,560,CASA,,,BAIRRO SANTA FELICIDADE,,Domicílio particular,,-0,,1,9,82030320
410690205050166,Urbano,RUA ZACARIAS ALVES DE SOUZA,100F,FUNDOS,,,BAIRRO SANTA FELICIDADE,,Domicílio particular,,-0,,1,4,82030390
410690205050166,Urbano,RUA SATURNINO MIRANDA,692,CASA,,,BAIRRO SANTA FELICIDADE,,Estabelecimento de outras finalidades,PIZZARIA,Único,,1,9,82030320
