Código da unidade geográfica,Situação do setor,Logradouro,Número no logradouro,Complemento,Latitude,Longitude,Localidade,Ponto de referência,Espécie de endereço,Tipo de estabelecimento,Indicador de endereço,Identificação domicílio coletivo,Número da quadra,Número da face,CEP
410690205050180,Urbano,RUA WANDA WOLF,1047,SOBRADO A,,,SANTA FELICIDADE,,Domicílio particular,,-0,,2,1,82410380
410690205050180,Urbano,RUA WANDA WOLF,1047,SOBRADO B,,,SANTA FELICIDADE,,Estabelecimento de outras finalidades,PANIF DESATIVADA,Único,,2,1,82410380
410690205050180,Urbano,RUA WANDA WOLF,977,SOBRADO 4,,,SANTA FELICIDADE,,Domicílio particular,,-0,,2,1,82410380
410690205050180,Urbano,RUA WANDA WOLF,977,SOBRADO 3,,,SANTA FELICIDADE,,Domicílio particular,,-0,,2,1,82410380
410690205050180,Urbano,RUA WANDA WOLF,977,SOBRADO 2,,,SANTA FELICIDADE,,Domicílio particular,,-0,,2,1,82410380
410690205050180,Urbano,RUA PAULO J BUSO,414,CASA 01,,,SANTA FELICIDADE,,Domicílio particular,,-0,,1,27,82410380
410690205050180,Urbano,RUA PAULO J BUSO,414,CASA 02,,,SANTA FELICIDADE,,Domicílio particular,,-0,,1,27,82410380
410690205050180,Urbano,RUA PAULO J BUSO,414,CASA 03,,,SANTA FELICIDADE,,Domicílio particular,,-0,,1,27,82410380
410690205050180,Urbano,RUA PAULO J BUSO,414,CASA 04,,,SANTA FELICIDADE,,Domicílio particular,,-0,,1,27,82410380
410690205050180,Urbano,RUA PAULO J BUSO,426,CASA 01 FRENTE,,,SANTA FELICIDADE,,Domicílio particular,,-0,,1,27,82410380
410690205050180,Urbano,RUA PAULO J BUSO,470,CASA 01 FRENTE,,,SANTA FELICIDADE,,Domicílio particular,,-0,,1,27,82410380
410690205050180,Urbano,RUA PAULO J BUSO,470,CASA 02 FUNDOS,,,SANTA FELICIDADE,,Domicílio particular,,-0,,1,27,82410380
410690205050180,Urbano,RUA PAULO J BUSO,476,CASA 01 FRENTE,,,SANTA FELICIDADE,,Domicílio particular,,-0,,1,27,82410380
410690205050180,Urbano,RUA PAULO J BUSO,476,CASA 02 FUNDOS,,,SANTA FELICIDADE,,Domicílio particular,,-0,,1,27,82410380
410690205050180,Urbano,RUA PAULO J BUSO,200,CASA,,,SANTA FELICIDADE,,Domicílio particular,,-0,,1,27,82410380
410690205050180,Urbano,RUA PAULO J BUSO,SN,SOBRADO,,,SANTA FELICIDADE,,Edificação em construção,,-0,,1,27,82410380
410690205050180,Urbano,RUA PAULO J BUSO,1446,CASA,,,SANTA FELICIDADE,,Domicílio particular,,-0,,1,27,82410380
410690205050180,Urbano,AVENIDA DOUTOR EUGENIO BERTOLLI,2916,CASA FRENTE,,,SANTA FELICIDADE,,Domicílio particular,,-0,,1,28,82410530
410690205050180,Urbano,AVENIDA DOUTOR EUGENIO BERTOLLI,2916,CASA FUNDOS,,,SANTA FELICIDADE,,Domicílio particular,,-0,,1,28,82410530
410690205050180,Urbano,AVENIDA DOUTOR EUGENIO BERTOLLI,3032,CASA,,,SANTA FELICIDADE,,Estabelecimento de outras finalidades,ALOJAMENTO TRAB C RES FIXA,Único,,1,29,82410530
410690205050180,Urbano,AVENIDA DOUTOR EUGENIO BERTOLLI,3192,ALAMEDA_INTERNA A CASA 23,,,SANTA FELICIDADE,,Domicílio particular,,-0,,1,31,82410530
410690205050180,Urbano,AVENIDA DOUTOR EUGENIO BERTOLLI,3192,ALAMEDA_INTERNA A CASA 24,,,SANTA FELICIDADE,,Domicílio particular,,-0,,1,31,82410530
410690205050180,Urbano,AVENIDA DOUTOR EUGENIO BERTOLLI,3192,ALAMEDA_INTERNA A CASA 25,,,SANTA FELICIDADE,,Domicílio particular,,-0,,1,31,82410530
410690205050180,Urbano,AVENIDA DOUTOR EUGENIO BERTOLLI,3192,ALAMEDA_INTERNA A CASA 26,,,SANTA FELICIDADE,,Domicílio particular,,-0,,1,31,82410530
410690205050180,Urbano,AVENIDA DOUTOR EUGENIO BERTOLLI,3192,ALAMEDA_INTERNA A CASA 27,,,SANTA FELICIDADE,,Domicílio particular,,-0,,1,31,82410530
410690205050180,Urbano,AVENIDA DOUTOR EUGENIO BERTOLLI,3192,ALAMEDA_INTERNA A CASA 28,,,SANTA FELICIDADE,,Domicílio particular,,-0,,1,31,82410530
410690205050180,Urbano,AVENIDA DOUTOR EUGENIO BERTOLLI,3192,ALAMEDA_INTERNA A CASA 29,,,SANTA FELICIDADE,,Domicílio particular,,-0,,1,31,82410530
410690205050180,Urbano,AVENIDA DOUTOR EUGENIO BERTOLLI,3192,ALAMEDA_INTERNA A CASA 30,,,SANTA FELICIDADE,,Domicílio particular,,-0,,1,31,82410530
410690205050180,Urbano,AVENIDA DOUTOR EUGENIO BERTOLLI,3192,ALAMEDA_INTERNA A CASA 31,,,SANTA FELICIDADE,,Domicílio particular,,-0,,1,31,82410530
410690205050180,Urbano,AVENIDA DOUTOR EUGENIO BERTOLLI,3192,ALAMEDA_INTERNA A CASA 32,,,SANTA FELICIDADE,,Domicílio particular,,-0,,1,31,82410530
410690205050180,Urbano,AVENIDA DOUTOR EUGENIO BERTOLLI,3192,ALAMEDA_INTERNA A CASA 33,,,SANTA FELICIDADE,,Domicílio particular,,-0,,1,31,82410530
410690205050180,Urbano,AVENIDA DOUTOR EUGENIO BERTOLLI,3192,ALAMEDA_INTERNA A CASA 34,,,SANTA FELICIDADE,,Domicílio particular,,-0,,1,31,82410530
410690205050180,Urbano,AVENIDA DOUTOR EUGENIO BERTOLLI,3192,ALAMEDA_INTERNA A CASA 35,,,SANTA FELICIDADE,,Domicílio particular,,-0,,1,31,82410530
410690205050180,Urbano,RUA PAULO J BUSO,320,CASA 04,,,SANTA FELICIDADE,,Domicílio particular,,-0,,1,24,82410380
410690205050180,Urbano,RUA PAULO J BUSO,320,CASA 03,,,SANTA FELICIDADE,,Domicílio particular,,-0,,1,24,82410380
410690205050180,Urbano,RUA PAULO J BUSO,320,CASA 02,,,SANTA FELICIDADE,,Domicílio particular,,-0,,1,24,82410380
410690205050180,Urbano,RUA PAULO J BUSO,320,CASA 01,,,SANTA FELICIDADE,,Domicílio particular,,-0,,1,24,82410380
410690205050180,Urbano,RUA PAULO J BUSO,286,CASA,,,SANTA FELICIDADE,,Domicílio particular,,-0,,1,24,82410380
410690205050180,Urbano,RUA PAULO J BUSO,559,BARRACAO,,,SANTA FELICIDADE,,Estabelecimento de outras finalidades,BARRACAO FRIOS,Único,,1,24,82410380
410690205050180,Urbano,RUA PAULO J BUSO,268,CASA 05,,,SANTA FELICIDADE,,Domicílio particular,,-0,,1,24,82410380
410690205050180,Urbano,RUA PAULO J BUSO,268,CASA 04,,,SANTA FELICIDADE,,Domicílio particular,,-0,,1,24,82410380
410690205050180,Urbano,RUA PAULO J BUSO,268,CASA 03,,,SANTA FELICIDADE,,Domicílio particular,,-0,,1,24,82410380
410690205050180,Urbano,RUA PAULO J BUSO,268,CASA 02,,,SANTA FELICIDADE,,Domicílio particular,,-0,,1,24,82410380
410690205050180,Urbano,RUA PAULO J BUSO,268,CASA FRENTE,,,SANTA FELICIDADE,,Domicílio particular,,-0,,1,24,82410380
410690205050180,Urbano,RUA PEDRO MOSSOLINE GASPARIN,740,SOBRADO 04,,,SANTA FELICIDADE,,Domicílio particular,,-0,,1,26,82410280
410690205050180,Urbano,RUA PEDRO MOSSOLINE GASPARIN,740,SOBRADO 03,,,SANTA FELICIDADE,,Domicílio particular,,-0,,1,26,82410280
410690205050180,Urbano,RUA PEDRO MOSSOLINE GASPARIN,740,SOBRADO 02,,,SANTA FELICIDADE,,Domicílio particular,,-0,,1,26,82410280
410690205050180,Urbano,RUA PEDRO MOSSOLINE GASPARIN,740,SOBRADO 01,,,SANTA FELICIDADE,,Domicílio particular,,-0,,1,26,82410280
410690205050180,Urbano,RUA PEDRO MUSSOLINE GASGARIN,750,SOBRADO 21,,,SANTA FELICIDADE,,Domicílio particular,,-0,,1,25,82410280
410690205050180,Urbano,RUA PEDRO MUSSOLINE GASGARIN,750,SOBRADO 20,,,SANTA FELICIDADE,,Domicílio particular,,-0,,1,25,82410280
410690205050180,Urbano,RUA PEDRO MUSSOLINE GASGARIN,750,SOBRADO 19,,,SANTA FELICIDADE,,Domicílio particular,,-0,,1,25,82410280
410690205050180,Urbano,RUA PEDRO MUSSOLINE GASGARIN,750,SOBRADO 18,,,SANTA FELICIDADE,,Domicílio particular,,-0,,1,25,82410280
410690205050180,Urbano,RUA PEDRO MUSSOLINE GASGARIN,750,SOBRADO 17,,,SANTA FELICIDADE,,Domicílio particular,,-0,,1,25,82410280
410690205050180,Urbano,RUA PEDRO MUSSOLINE GASGARIN,750,SOBRADO 16,,,SANTA FELICIDADE,,Domicílio particular,,-0,,1,25,82410280
410690205050180,Urbano,RUA PEDRO MUSSOLINE GASGARIN,750,SOBRADO 15,,,SANTA FELICIDADE,,Domicílio particular,,-0,,1,25,82410280
410690205050180,Urbano,RUA PEDRO MUSSOLINE GASGARIN,750,SOBRADO 14,,,SANTA FELICIDADE,,Domicílio particular,,-0,,1,25,82410280
410690205050180,Urbano,RUA PEDRO MUSSOLINE GASGARIN,750,SOBRADO 13,,,SANTA FELICIDADE,,Domicílio particular,,-0,,1,25,82410280
410690205050180,Urbano,RUA PEDRO MUSSOLINE GASGARIN,750,SOBRADO 12,,,SANTA FELICIDADE,,Domicílio particular,,-0,,1,25,82410280
410690205050180,Urbano,RUA PEDRO MUSSOLINE GASGARIN,750,SOBRADO 12,,,SANTA FELICIDADE,,Domicílio particular,,-0,,1,25,82410280
410690205050180,Urbano,RUA PEDRO MUSSOLINE GASGARIN,750,SOBRADO 11,,,SANTA FELICIDADE,,Domicílio particular,,-0,,1,25,82410280
410690205050180,Urbano,RUA PEDRO MUSSOLINE GASGARIN,750,SOBRADO 10,,,SANTA FELICIDADE,,Domicílio particular,,-0,,1,25,82410280
410690205050180,Urbano,RUA PEDRO MUSSOLINE GASGARIN,750,SOBRADO 09,,,SANTA FELICIDADE,,Domicílio particular,,-0,,1,25,82410280
410690205050180,Urbano,RUA PEDRO MUSSOLINE GASGARIN,750,SOBRADO 08,,,SANTA FELICIDADE,,Domicílio particular,,-0,,1,25,82410280
410690205050180,Urbano,RUA PEDRO MUSSOLINE GASGARIN,750,SOBRADO 07,,,SANTA FELICIDADE,,Domicílio particular,,-0,,1,25,82410280
410690205050180,Urbano,RUA PEDRO MUSSOLINE GASGARIN,750,SOBRADO 06,,,SANTA FELICIDADE,,Domicílio particular,,-0,,1,25,82410280
410690205050180,Urbano,RUA PADRE JOSE MARTINI,1457,,,,SANTA FELICIDADE,,Domicílio particular,,-0,,1,23,82410300
410690205050180,Urbano,RUA PADRE JOSE MARTINI,SN,DEPOSITO,,,SANTA FELICIDADE,,Estabelecimento de outras finalidades,DEP MATERIAIS PMC,Único,,1,23,82410300
410690205050180,Urbano,RUA GENTIL ANTUNES BRANCO,330,CASA 02 FUNDOS,,,SANTA FELICIDADE,,Domicílio particular,,-0,,1,21,82410470
410690205050180,Urbano,RUA GENTIL ANTUNES BRANCO,9,CASA,,,SANTA FELICIDADE,,Domicílio particular,,-0,,1,21,82410470
410690205050180,Urbano,RUA GENTIL ANTUNES BRANCO,330,CASA 01,,,SANTA FELICIDADE,,Domicílio particular,,-0,,1,21,82410470
410690205050180,Urbano,RUA GENTIL ANTUNES BRANCO,8,CASA 3,,,SANTA FELICIDADE,,Domicílio particular,,-0,,1,21,82410470
410690205050180,Urbano,RUA GENTIL ANTUNES BRANCO,8,CASA 2,,,SANTA FELICIDADE,,Domicílio particular,,-0,,1,21,82410470
410690205050180,Urbano,RUA GENTIL ANTUNES BRANCO,8,CASA 1,,,SANTA FELICIDADE,,Domicílio particular,,-0,,1,21,82410470
410690205050180,Urbano,RUA GENTIL ANTUNES BRANCO,7,CASA,,,SANTA FELICIDADE,,Domicílio particular,,-0,,1,21,82410470
410690205050180,Urbano,RUA GENTIL ANTUNES BRANCO,6,,,,SANTA FELICIDADE,,Domicílio particular,,-0,,1,21,82410470
410690205050180,Urbano,RUA GENTIL ANTUNES BRANCO,5,,,,SANTA FELICIDADE,,Domicílio particular,,-0,,1,21,82410470
410690205050180,Urbano,RUA GENTIL ANTUNES BRANCO,4,FUNDOS,,,SANTA FELICIDADE,,Domicílio particular,,-0,,1,21,82410470
410690205050180,Urbano,RUA GENTIL ANTUNES BRANCO,4,,,,SANTA FELICIDADE,,Domicílio particular,,-0,,1,21,82410470
410690205050180,Urbano,RUA GENTIL ANTUNES BRANCO,3,CASA,,,SANTA FELICIDADE,,Domicílio particular,,-0,,1,21,82410470
410690205050180,Urbano,RUA PADRE JOSE MARTINI,4,,,,SANTA FELICIDADE,,Estabelecimento de outras finalidades,SALAO DE BELEZA,Único,,1,20,82410300
410690205050180,Urbano,RUA PADRE JOSE MARTINI,4,,,,SANTA FELICIDADE,,Domicílio particular,,-0,,1,20,82410300
410690205050180,Urbano,RUA PADRE JOSE MARTINI,2,FRENTE,,,SANTA FELICIDADE,,Domicílio particular,,-0,,1,20,82410300
410690205050180,Urbano,RUA PADRE JOSE MARTINI,9,CASA,,,SANTA FELICIDADE,,Domicílio particular,,-0,,1,20,82410300
410690205050180,Urbano,RUA PADRE JOSE MARTINI,38,CASA,,,SANTA FELICIDADE,,Domicílio particular,,-0,,1,19,82410300
410690205050180,Urbano,RUA PADRE JOSE MARTINI,39,CASA,,,SANTA FELICIDADE,,Domicílio particular,,-0,,1,19,82410300
410690205050180,Urbano,RUA PADRE JOSE MARTINI,35,CASA,,,SANTA FELICIDADE,,Domicílio particular,,-0,,1,19,82410300
410690205050180,Urbano,RUA VITORIA DA CONQUISTA,SN,CASA 04,,,SANTA FELICIDADE,,Domicílio particular,,-0,,1,8,82000000
410690205050180,Urbano,RUA VITORIA DA CONQUISTA,SN,CASA 03,,,SANTA FELICIDADE,,Domicílio particular,,-0,,1,8,82000000
410690205050180,Urbano,RUA VITORIA DA CONQUISTA,SN,CASA 02,,,SANTA FELICIDADE,,Domicílio particular,,-0,,1,8,82000000
410690205050180,Urbano,RUA VITORIA DA CONQUISTA,SN,CASA 01,,,SANTA FELICIDADE,,Domicílio particular,,-0,,1,8,82000000
410690205050180,Urbano,RUA VITORIA DA CONQUISTA,21,CASA,,,SANTA FELICIDADE,,Domicílio particular,,-0,,1,8,82000000
410690205050180,Urbano,RUA VITORIA DA CONQUISTA,413,,,,SANTA FELICIDADE,,Domicílio particular,,-0,,1,8,82000000
410690205050180,Urbano,RUA VITORIA DA CONQUISTA,17,CASA,,,SANTA FELICIDADE,,Domicílio particular,,-0,,1,8,82000000
410690205050180,Urbano,RUA TRES CORACOES,230,CASA,,,SANTA FELICIDADE,,Domicílio particular,,-0,,1,12,82410480
410690205050180,Urbano,RUA TRES CORACOES,179,,,,SANTA FELICIDADE,,Estabelecimento de ensino,CRECHE,Único,,1,12,82410480
410690205050180,Urbano,RUA TRES CORACOES,216,CASA,,,SANTA FELICIDADE,,Domicílio particular,,-0,,1,11,82410480
410690205050180,Urbano,RUA TRES CORACOES,206,CASA,,,SANTA FELICIDADE,,Domicílio particular,,-0,,1,11,82410480
410690205050180,Urbano,RUA TRES CORACOES,196,CASA,,,SANTA FELICIDADE,,Domicílio particular,,-0,,1,11,82410480
410690205050180,Urbano,RUA TRES CORACOES,186,CASA,,,SANTA FELICIDADE,,Domicílio particular,,-0,,1,11,82410480
410690205050180,Urbano,RUA TRES CORACOES,176,CASA,,,SANTA FELICIDADE,,Domicílio particular,,-0,,1,11,82410480
410690205050180,Urbano,RUA TRES CORACOES,166,CASA,,,SANTA FELICIDADE,,Domicílio particular,,-0,,1,11,82410480
410690205050180,Urbano,RUA TRES CORACOES,156,CASA FRENTE,,,SANTA FELICIDADE,,Domicílio particular,,-0,,1,11,82410480
410690205050180,Urbano,RUA TRES CORACOES,150,CASA,,,SANTA FELICIDADE,,Domicílio particular,,-0,,1,11,82410480
410690205050180,Urbano,RUA WANDA WOLF,1319,CASA,,,SANTA FELICIDADE,,Domicílio particular,,-0,,1,10,82410380
410690205050180,Urbano,RUA WANDA WOLF,1331,CASA,,,SANTA FELICIDADE,,Domicílio particular,,-0,,1,10,82410380
410690205050180,Urbano,RUA WANDA WOLF,1343,CASA,,,SANTA FELICIDADE,,Domicílio particular,,-0,,1,10,82410380
410690205050180,Urbano,RUA VITORIA DA CONQUISTA,153,CASA,,,SANTA FELICIDADE,,Domicílio particular,,-0,,1,9,82000000
410690205050180,Urbano,RUA VITORIA DA CONQUISTA,155,CASA,,,SANTA FELICIDADE,,Domicílio particular,,-0,,1,9,82000000
410690205050180,Urbano,RUA VITORIA DA CONQUISTA,165,CASA,,,SANTA FELICIDADE,,Domicílio particular,,-0,,1,9,82000000
410690205050180,Urbano,RUA VITORIA DA CONQUISTA,175,CASA,,,SANTA FELICIDADE,,Domicílio particular,,-0,,1,9,82000000
410690205050180,Urbano,RUA VITORIA DA CONQUISTA,185,CASA,,,SANTA FELICIDADE,,Domicílio particular,,-0,,1,9,82000000
410690205050180,Urbano,RUA VITORIA DA CONQUISTA,195,CASA,,,SANTA FELICIDADE,,Domicílio particular,,-0,,1,9,82000000
410690205050180,Urbano,RUA VITORIA DA CONQUISTA,205,CASA,,,SANTA FELICIDADE,,Domicílio particular,,-0,,1,9,82000000
410690205050180,Urbano,RUA VITORIA DA CONQUISTA,216,CASA,,,SANTA FELICIDADE,,Domicílio particular,,-0,,1,9,82000000
410690205050180,Urbano,RUA VITORIA DA CONQUISTA,225,CASA,,,SANTA FELICIDADE,,Domicílio particular,,-0,,1,9,82000000
410690205050180,Urbano,RUA VITORIA DA CONQUISTA,SN,SOBRADO 10,,,SANTA FELICIDADE,,Edificação em construção,,-0,,1,9,82000000
410690205050180,Urbano,RUA VITORIA DA CONQUISTA,SN,SOBRADO 09,,,SANTA FELICIDADE,,Edificação em construção,,-0,,1,9,82000000
410690205050180,Urbano,RUA VITORIA DA CONQUISTA,SN,SOBRADO 08,,,SANTA FELICIDADE,,Edificação em construção,,-0,,1,9,82000000
410690205050180,Urbano,RUA VITORIA DA CONQUISTA,SN,SOBRADO 07,,,SANTA FELICIDADE,,Edificação em construção,,-0,,1,9,82000000
410690205050180,Urbano,RUA VITORIA DA CONQUISTA,SN,SOBRADO 06,,,SANTA FELICIDADE,,Edificação em construção,,-0,,1,9,82000000
410690205050180,Urbano,RUA VITORIA DA CONQUISTA,SN,SOBRADO 05,,,SANTA FELICIDADE,,Edificação em construção,,-0,,1,9,82000000
410690205050180,Urbano,RUA VITORIA DA CONQUISTA,SN,SOBRADO 04,,,SANTA FELICIDADE,,Edificação em construção,,-0,,1,9,82000000
410690205050180,Urbano,RUA VITORIA DA CONQUISTA,SN,SOBRADO 03,,,SANTA FELICIDADE,,Edificação em construção,,-0,,1,9,82000000
410690205050180,Urbano,RUA VITORIA DA CONQUISTA,SN,SOBRADO 02,,,SANTA FELICIDADE,,Edificação em construção,,-0,,1,9,82000000
410690205050180,Urbano,RUA VITORIA DA CONQUISTA,SN,SOBRADO 01,,,SANTA FELICIDADE,,Edificação em construção,,-0,,1,9,82000000
410690205050180,Urbano,RUA VITORIA DA CONQUISTA,226,CASA,,,SANTA FELICIDADE,,Domicílio particular,,-0,,1,8,82000000
410690205050180,Urbano,RUA VITORIA DA CONQUISTA,216,FUNDOS,,,SANTA FELICIDADE,,Domicílio particular,,-0,,1,8,82000000
410690205050180,Urbano,RUA VITORIA DA CONQUISTA,216,CASA,,,SANTA FELICIDADE,,Domicílio particular,,-0,,1,8,82000000
410690205050180,Urbano,RUA VITORIA DA CONQUISTA,206,CASA,,,SANTA FELICIDADE,,Domicílio particular,,-0,,1,8,82000000
410690205050180,Urbano,RUA VITORIA DA CONQUISTA,196,CASA,,,SANTA FELICIDADE,,Domicílio particular,,-0,,1,8,82000000
410690205050180,Urbano,RUA VITORIA DA CONQUISTA,186,CASA,,,SANTA FELICIDADE,,Domicílio particular,,-0,,1,8,82000000
410690205050180,Urbano,RUA VITORIA DA CONQUISTA,176,CASA,,,SANTA FELICIDADE,,Domicílio particular,,-0,,1,8,82000000
410690205050180,Urbano,RUA VITORIA DA CONQUISTA,166,CASA,,,SANTA FELICIDADE,,Domicílio particular,,-0,,1,8,82000000
410690205050180,Urbano,RUA VITORIA DA CONQUISTA,156,CASA,,,SANTA FELICIDADE,,Domicílio particular,,-0,,1,8,82000000
410690205050180,Urbano,RUA VITORIA DA CONQUISTA,SN,TERREO,,,SANTA FELICIDADE,,Estabelecimento de outras finalidades,SORVETERIA,Único,,1,8,82000000
410690205050180,Urbano,RUA WANDA WOLF,1373,CASA,,,SANTA FELICIDADE,,Domicílio particular,,-0,,1,7,82410500
410690205050180,Urbano,RUA WANDA WOLF,1373,CASA,,,SANTA FELICIDADE,,Estabelecimento de outras finalidades,SORVETERIA,Único,,1,7,82410500
410690205050180,Urbano,RUA WANDA WOLF,1385,CASA,,,SANTA FELICIDADE,,Domicílio particular,,-0,,1,7,82410500
410690205050180,Urbano,RUA SAN MARTIN,1399,CASA,,,SANTA FELICIDADE,,Domicílio particular,,-0,,1,6,82410500
410690205050180,Urbano,RUA SAN MARTIN,139,CASA,,,SANTA FELICIDADE,,Domicílio particular,,-0,,1,6,82410500
410690205050180,Urbano,RUA SAN MARTIN,94,FUNDOS,,,SANTA FELICIDADE,,Domicílio particular,,-0,,1,6,82410500
410690205050180,Urbano,RUA SAN MARTIN,155,CASA FRENTE,,,SANTA FELICIDADE,,Domicílio particular,,-0,,1,6,82410500
410690205050180,Urbano,RUA SAN MARTIN,165,CASA,,,SANTA FELICIDADE,,Domicílio particular,,-0,,1,6,82410500
410690205050180,Urbano,RUA SAN MARTIN,175,CASA,,,SANTA FELICIDADE,,Domicílio particular,,-0,,1,6,82410500
410690205050180,Urbano,RUA SAN MARTIN,185,CASA,,,SANTA FELICIDADE,,Domicílio particular,,-0,,1,6,82410500
410690205050180,Urbano,RUA SAN MARTIN,195,CASA,,,SANTA FELICIDADE,,Domicílio particular,,-0,,1,6,82410500
410690205050180,Urbano,RUA SAN MARTIN,205,CASA,,,SANTA FELICIDADE,,Domicílio particular,,-0,,1,6,82410500
410690205050180,Urbano,RUA SAN MARTIN,215,CASA FUNDOS,,,SANTA FELICIDADE,,Domicílio particular,,-0,,1,6,82410500
410690205050180,Urbano,RUA SAN MARTIN,215,CASA,,,SANTA FELICIDADE,,Domicílio particular,,-0,,1,6,82410500
410690205050180,Urbano,RUA SAN MARTIN,225,CASA,,,SANTA FELICIDADE,,Domicílio particular,,-0,,1,6,82410500
410690205050180,Urbano,RUA SAN MARTIN,226,CASA,,,SANTA FELICIDADE,,Domicílio particular,,-0,,1,5,82410500
410690205050180,Urbano,RUA SAN MARTIN,216,CASA,,,SANTA FELICIDADE,,Domicílio particular,,-0,,1,5,82410500
410690205050180,Urbano,RUA SAN MARTIN,206,CASA,,,SANTA FELICIDADE,,Domicílio particular,,-0,,1,5,82410500
410690205050180,Urbano,RUA SAN MARTIN,106,CASA,,,SANTA FELICIDADE,,Domicílio particular,,-0,,1,5,82410500
410690205050180,Urbano,RUA SAN MARTIN,186,CASA,,,SANTA FELICIDADE,,Domicílio particular,,-0,,1,5,82410500
410690205050180,Urbano,RUA SAN MARTIN,176,CASA FUNDOS,,,SANTA FELICIDADE,,Domicílio particular,,-0,,1,5,82410500
410690205050180,Urbano,RUA SAN MARTIN,176,CASA FRENTE,,,SANTA FELICIDADE,,Domicílio particular,,-0,,1,5,82410500
410690205050180,Urbano,RUA SAN MARTIN,166,CASA,,,SANTA FELICIDADE,,Domicílio particular,,-0,,1,5,82410500
410690205050180,Urbano,RUA SAN MARTIN,156,CASA,,,SANTA FELICIDADE,,Domicílio particular,,-0,,1,5,82410500
410690205050180,Urbano,RUA WANDA WOLF,1431,CASA,,,SANTA FELICIDADE,,Domicílio particular,,-0,,1,4,82410380
410690205050180,Urbano,RUA WANDA WOLF,1443,CASA,,,SANTA FELICIDADE,,Domicílio particular,,-0,,1,4,82410380
410690205050180,Urbano,RUA CARLOS MANFRON,1471,CASA,,,SANTA FELICIDADE,,Domicílio particular,,-0,,1,3,82410510
410690205050180,Urbano,RUA CARLOS MANFRON,155,CASA,,,SANTA FELICIDADE,,Domicílio particular,,-0,,1,3,82410510
410690205050180,Urbano,RUA CARLOS MANFRON,82,CASA FUNDOS,,,SANTA FELICIDADE,,Domicílio particular,,-0,,1,3,82410510
410690205050180,Urbano,RUA CARLOS MANFRON,82,CASA FRENTE,,,SANTA FELICIDADE,,Domicílio particular,,-0,,1,3,82410510
410690205050180,Urbano,RUA CARLOS MANFRON,175,CASA,,,SANTA FELICIDADE,,Domicílio particular,,-0,,1,3,82410510
410690205050180,Urbano,RUA CARLOS MANFRON,185,CASA,,,SANTA FELICIDADE,,Domicílio particular,,-0,,1,3,82410510
410690205050180,Urbano,RUA CARLOS MANFRON,195,CASA,,,SANTA FELICIDADE,,Domicílio particular,,-0,,1,3,82410510
410690205050180,Urbano,RUA CARLOS MANFRON,SN,CASA,,,SANTA FELICIDADE,,Domicílio particular,,-0,,1,3,82410510
410690205050180,Urbano,RUA CARLOS MANFRON,215,CASA,,,SANTA FELICIDADE,,Domicílio particular,,-0,,1,3,82410510
410690205050180,Urbano,RUA CARLOS MANFRON,225,CASA,,,SANTA FELICIDADE,,Domicílio particular,,-0,,1,3,82410510
410690205050180,Urbano,RUA WANDA WOLF,1501,CASA FUNDOS,,,SANTA FELICIDADE,,Domicílio particular,,-0,,1,1,82410380
410690205050180,Urbano,RUA WANDA WOLF,1501,LOJA,,,SANTA FELICIDADE,,Estabelecimento de outras finalidades,SALA0 DE BELEZA,Único,,1,1,82410380
410690205050180,Urbano,RUA WANDA WOLF,1501,LOJA B,,,SANTA FELICIDADE,,Estabelecimento de outras finalidades,DISTRIBUIDORA DE BEBIDAS,Único,,1,1,82410380
410690205050180,Urbano,RUA WANDA WOLF,1501,LOJA A,,,SANTA FELICIDADE,,Estabelecimento de outras finalidades,PANIFICADORA,Único,,1,1,82410380
410690205050180,Urbano,RUA WANDA WOLF,1575,BLOCO 14 APARTAMENTO 08,,,SANTA FELICIDADE,,Domicílio particular,,-0,,1,1,82410380
410690205050180,Urbano,RUA WANDA WOLF,1575,BLOCO 14 APARTAMENTO 07,,,SANTA FELICIDADE,,Domicílio particular,,-0,,1,1,82410380
410690205050180,Urbano,RUA WANDA WOLF,1575,BLOCO 14 APARTAMENTO 06,,,SANTA FELICIDADE,,Domicílio particular,,-0,,1,1,82410380
410690205050180,Urbano,RUA WANDA WOLF,1575,BLOCO 14 APARTAMENTO 05,,,SANTA FELICIDADE,,Domicílio particular,,-0,,1,1,82410380
410690205050180,Urbano,RUA WANDA WOLF,1575,BLOCO 14 APARTAMENTO 04,,,SANTA FELICIDADE,,Domicílio particular,,-0,,1,1,82410380
410690205050180,Urbano,RUA WANDA WOLF,1575,BLOCO 14 APARTAMENTO 03,,,SANTA FELICIDADE,,Domicílio particular,,-0,,1,1,82410380
410690205050180,Urbano,RUA WANDA WOLF,1575,BLOCO 14 APARTAMENTO 02,,,SANTA FELICIDADE,,Domicílio particular,,-0,,1,1,82410380
410690205050180,Urbano,RUA WANDA WOLF,1575,BLOCO 14 APARTAMENTO 01,,,SANTA FELICIDADE,,Domicílio particular,,-0,,1,1,82410380
410690205050180,Urbano,RUA WANDA WOLF,1575,BLOCO 13 APARTAMENTO 08,,,SANTA FELICIDADE,,Domicílio particular,,-0,,1,1,82410380
410690205050180,Urbano,RUA WANDA WOLF,1575,BLOCO 13 APARTAMENTO 07,,,SANTA FELICIDADE,,Domicílio particular,,-0,,1,1,82410380
410690205050180,Urbano,RUA WANDA WOLF,1575,BLOCO 13 APARTAMENTO 06,,,SANTA FELICIDADE,,Domicílio particular,,-0,,1,1,82410380
410690205050180,Urbano,RUA WANDA WOLF,1575,BLOCO 13 APARTAMENTO 05,,,SANTA FELICIDADE,,Domicílio particular,,-0,,1,1,82410380
410690205050180,Urbano,RUA WANDA WOLF,1575,BLOCO 13 APARTAMENTO 04,,,SANTA FELICIDADE,,Domicílio particular,,-0,,1,1,82410380
410690205050180,Urbano,RUA WANDA WOLF,1575,BLOCO 13 APARTAMENTO 03,,,SANTA FELICIDADE,,Domicílio particular,,-0,,1,1,82410380
410690205050180,Urbano,RUA WANDA WOLF,1575,BLOCO 13 APARTAMENTO 02,,,SANTA FELICIDADE,,Domicílio particular,,-0,,1,1,82410380
410690205050180,Urbano,RUA WANDA WOLF,1575,BLOCO 13 APARTAMENTO 01,,,SANTA FELICIDADE,,Domicílio particular,,-0,,1,1,82410380
410690205050180,Urbano,RUA WANDA WOLF,1575,BLOCO 12 APARTAMENTO 08,,,SANTA FELICIDADE,,Domicílio particular,,-0,,1,1,82410380
410690205050180,Urbano,RUA WANDA WOLF,1575,BLOCO 12 APARTAMENTO 07,,,SANTA FELICIDADE,,Domicílio particular,,-0,,1,1,82410380
410690205050180,Urbano,RUA WANDA WOLF,1575,BLOCO 12 APARTAMENTO 06,,,SANTA FELICIDADE,,Domicílio particular,,-0,,1,1,82410380
410690205050180,Urbano,RUA WANDA WOLF,1575,BLOCO 12 APARTAMENTO 05,,,SANTA FELICIDADE,,Domicílio particular,,-0,,1,1,82410380
410690205050180,Urbano,RUA WANDA WOLF,1575,BLOCO 12 APARTAMENTO 04,,,SANTA FELICIDADE,,Domicílio particular,,-0,,1,1,82410380
410690205050180,Urbano,RUA WANDA WOLF,1575,BLOCO 12 APARTAMENTO 03,,,SANTA FELICIDADE,,Domicílio particular,,-0,,1,1,82410380
410690205050180,Urbano,RUA WANDA WOLF,1575,BLOCO 12 APARTAMENTO 02,,,SANTA FELICIDADE,,Domicílio particular,,-0,,1,1,82410380
410690205050180,Urbano,RUA WANDA WOLF,1575,BLOCO 12 APARTAMENTO 01,,,SANTA FELICIDADE,,Domicílio particular,,-0,,1,1,82410380
410690205050180,Urbano,RUA WANDA WOLF,1575,BLOCO 11 APARTAMENTO 08,,,SANTA FELICIDADE,,Domicílio particular,,-0,,1,1,82410380
410690205050180,Urbano,RUA WANDA WOLF,1575,BLOCO 11 APARTAMENTO 07,,,SANTA FELICIDADE,,Domicílio particular,,-0,,1,1,82410380
410690205050180,Urbano,RUA WANDA WOLF,1575,BLOCO 11 APARTAMENTO 06,,,SANTA FELICIDADE,,Domicílio particular,,-0,,1,1,82410380
410690205050180,Urbano,RUA WANDA WOLF,1575,BLOCO 11 APARTAMENTO 05,,,SANTA FELICIDADE,,Domicílio particular,,-0,,1,1,82410380
410690205050180,Urbano,RUA WANDA WOLF,1575,BLOCO 11 APARTAMENTO 04,,,SANTA FELICIDADE,,Domicílio particular,,-0,,1,1,82410380
410690205050180,Urbano,RUA WANDA WOLF,1575,BLOCO 11 APARTAMENTO 03,,,SANTA FELICIDADE,,Domicílio particular,,-0,,1,1,82410380
410690205050180,Urbano,RUA WANDA WOLF,1575,BLOCO 11 APARTAMENTO 02,,,SANTA FELICIDADE,,Domicílio particular,,-0,,1,1,82410380
410690205050180,Urbano,RUA WANDA WOLF,1575,BLOCO 11 APARTAMENTO 01,,,SANTA FELICIDADE,,Domicílio particular,,-0,,1,1,82410380
410690205050180,Urbano,RUA WANDA WOLF,1575,BLOCO 10 APARTAMENTO 08,,,SANTA FELICIDADE,,Domicílio particular,,-0,,1,1,82410380
410690205050180,Urbano,RUA WANDA WOLF,1575,BLOCO 10 APARTAMENTO 07,,,SANTA FELICIDADE,,Domicílio particular,,-0,,1,1,82410380
410690205050180,Urbano,RUA WANDA WOLF,1575,BLOCO 10 APARTAMENTO 06,,,SANTA FELICIDADE,,Domicílio particular,,-0,,1,1,82410380
410690205050180,Urbano,RUA WANDA WOLF,1575,BLOCO 10 APARTAMENTO 05,,,SANTA FELICIDADE,,Domicílio particular,,-0,,1,1,82410380
410690205050180,Urbano,RUA WANDA WOLF,1575,BLOCO 10 APARTAMENTO 04,,,SANTA FELICIDADE,,Domicílio particular,,-0,,1,1,82410380
410690205050180,Urbano,RUA WANDA WOLF,1575,BLOCO 10 APARTAMENTO 03,,,SANTA FELICIDADE,,Domicílio particular,,-0,,1,1,82410380
410690205050180,Urbano,RUA WANDA WOLF,1575,BLOCO 10 APARTAMENTO 02,,,SANTA FELICIDADE,,Domicílio particular,,-0,,1,1,82410380
410690205050180,Urbano,RUA WANDA WOLF,1575,BLOCO 10 APARTAMENTO 01,,,SANTA FELICIDADE,,Domicílio particular,,-0,,1,1,82410380
410690205050180,Urbano,RUA WANDA WOLF,1575,BLOCO 09 APARTAMENTO 08,,,SANTA FELICIDADE,,Domicílio particular,,-0,,1,1,82410380
410690205050180,Urbano,RUA WANDA WOLF,1575,BLOCO 09 APARTAMENTO 07,,,SANTA FELICIDADE,,Domicílio particular,,-0,,1,1,82410380
410690205050180,Urbano,RUA WANDA WOLF,1575,BLOCO 09 APARTAMENTO 06,,,SANTA FELICIDADE,,Domicílio particular,,-0,,1,1,82410380
410690205050180,Urbano,RUA WANDA WOLF,1575,BLOCO 09 APARTAMENTO 05,,,SANTA FELICIDADE,,Domicílio particular,,-0,,1,1,82410380
410690205050180,Urbano,RUA WANDA WOLF,1575,BLOCO 09 APARTAMENTO 04,,,SANTA FELICIDADE,,Domicílio particular,,-0,,1,1,82410380
410690205050180,Urbano,RUA WANDA WOLF,1575,BLOCO 09 APARTAMENTO 03,,,SANTA FELICIDADE,,Domicílio particular,,-0,,1,1,82410380
410690205050180,Urbano,RUA WANDA WOLF,1575,BLOCO 09 APARTAMENTO 02,,,SANTA FELICIDADE,,Domicílio particular,,-0,,1,1,82410380
410690205050180,Urbano,RUA WANDA WOLF,1575,BLOCO 09 APARTAMENTO 01,,,SANTA FELICIDADE,,Domicílio particular,,-0,,1,1,82410380
410690205050180,Urbano,RUA WANDA WOLF,1575,BLOCO 08 APARTAMENTO 08,,,SANTA FELICIDADE,,Domicílio particular,,-0,,1,1,82410380
410690205050180,Urbano,RUA WANDA WOLF,1575,BLOCO 08 APARTAMENTO 07,,,SANTA FELICIDADE,,Domicílio particular,,-0,,1,1,82410380
410690205050180,Urbano,RUA WANDA WOLF,1575,BLOCO 08 APARTAMENTO 06,,,SANTA FELICIDADE,,Domicílio particular,,-0,,1,1,82410380
410690205050180,Urbano,RUA WANDA WOLF,1575,BLOCO 08 APARTAMENTO 05,,,SANTA FELICIDADE,,Domicílio particular,,-0,,1,1,82410380
410690205050180,Urbano,RUA WANDA WOLF,1575,BLOCO 08 APARTAMENTO 04,,,SANTA FELICIDADE,,Domicílio particular,,-0,,1,1,82410380
410690205050180,Urbano,RUA WANDA WOLF,1575,BLOCO 08 APARTAMENTO 03,,,SANTA FELICIDADE,,Domicílio particular,,-0,,1,1,82410380
410690205050180,Urbano,RUA WANDA WOLF,1575,BLOCO 08 APARTAMENTO 02,,,SANTA FELICIDADE,,Domicílio particular,,-0,,1,1,82410380
410690205050180,Urbano,RUA WANDA WOLF,1575,BLOCO 08 APARTAMENTO 01,,,SANTA FELICIDADE,,Domicílio particular,,-0,,1,1,82410380
410690205050180,Urbano,RUA WANDA WOLF,1575,BLOCO 07 APARTAMENTO 08,,,SANTA FELICIDADE,,Domicílio particular,,-0,,1,1,82410380
410690205050180,Urbano,RUA WANDA WOLF,1575,BLOCO 07 APARTAMENTO 07,,,SANTA FELICIDADE,,Domicílio particular,,-0,,1,1,82410380
410690205050180,Urbano,RUA WANDA WOLF,1575,BLOCO 07 APARTAMENTO 06,,,SANTA FELICIDADE,,Domicílio particular,,-0,,1,1,82410380
410690205050180,Urbano,RUA WANDA WOLF,1575,BLOCO 07 APARTAMENTO 05,,,SANTA FELICIDADE,,Domicílio particular,,-0,,1,1,82410380
410690205050180,Urbano,RUA WANDA WOLF,1575,BLOCO 07 APARTAMENTO 04,,,SANTA FELICIDADE,,Domicílio particular,,-0,,1,1,82410380
410690205050180,Urbano,RUA WANDA WOLF,1575,BLOCO 07 APARTAMENTO 03,,,SANTA FELICIDADE,,Domicílio particular,,-0,,1,1,82410380
410690205050180,Urbano,RUA WANDA WOLF,1575,BLOCO 07 APARTAMENTO 02,,,SANTA FELICIDADE,,Domicílio particular,,-0,,1,1,82410380
410690205050180,Urbano,RUA WANDA WOLF,1575,BLOCO 07 APARTAMENTO 01,,,SANTA FELICIDADE,,Domicílio particular,,-0,,1,1,82410380
410690205050180,Urbano,RUA WANDA WOLF,1575,BLOCO 06 APARTAMENTO 08,,,SANTA FELICIDADE,,Domicílio particular,,-0,,1,1,82410380
410690205050180,Urbano,RUA WANDA WOLF,1575,BLOCO 06 APARTAMENTO 07,,,SANTA FELICIDADE,,Domicílio particular,,-0,,1,1,82410380
410690205050180,Urbano,RUA WANDA WOLF,1575,BLOCO 06 APARTAMENTO 06,,,SANTA FELICIDADE,,Domicílio particular,,-0,,1,1,82410380
410690205050180,Urbano,RUA WANDA WOLF,1575,BLOCO 06 APARTAMENTO 05,,,SANTA FELICIDADE,,Domicílio particular,,-0,,1,1,82410380
410690205050180,Urbano,RUA WANDA WOLF,1575,BLOCO 06 APARTAMENTO 04,,,SANTA FELICIDADE,,Domicílio particular,,-0,,1,1,82410380
410690205050180,Urbano,RUA WANDA WOLF,1575,BLOCO 06 APARTAMENTO 03,,,SANTA FELICIDADE,,Domicílio particular,,-0,,1,1,82410380
410690205050180,Urbano,RUA WANDA WOLF,1575,BLOCO 06 APARTAMENTO 02,,,SANTA FELICIDADE,,Domicílio particular,,-0,,1,1,82410380
410690205050180,Urbano,RUA WANDA WOLF,1575,BLOCO 06 APARTAMENTO 01,,,SANTA FELICIDADE,,Domicílio particular,,-0,,1,1,82410380
410690205050180,Urbano,RUA WANDA WOLF,1575,BLOCO 05 APARTAMENTO 08,,,SANTA FELICIDADE,,Domicílio particular,,-0,,1,1,82410380
410690205050180,Urbano,RUA WANDA WOLF,1575,BLOCO 05 APARTAMENTO 07,,,SANTA FELICIDADE,,Domicílio particular,,-0,,1,1,82410380
410690205050180,Urbano,RUA WANDA WOLF,1575,BLOCO 05 APARTAMENTO 06,,,SANTA FELICIDADE,,Domicílio particular,,-0,,1,1,82410380
410690205050180,Urbano,RUA WANDA WOLF,1575,BLOCO 05 APARTAMENTO 05,,,SANTA FELICIDADE,,Domicílio particular,,-0,,1,1,82410380
410690205050180,Urbano,RUA WANDA WOLF,1575,BLOCO 05 APARTAMENTO 04,,,SANTA FELICIDADE,,Domicílio particular,,-0,,1,1,82410380
410690205050180,Urbano,RUA WANDA WOLF,1575,BLOCO 05 APARTAMENTO 03,,,SANTA FELICIDADE,,Domicílio particular,,-0,,1,1,82410380
410690205050180,Urbano,RUA WANDA WOLF,1575,BLOCO 05 APARTAMENTO 02,,,SANTA FELICIDADE,,Domicílio particular,,-0,,1,1,82410380
410690205050180,Urbano,RUA WANDA WOLF,1575,BLOCO 05 APARTAMENTO 01,,,SANTA FELICIDADE,,Domicílio particular,,-0,,1,1,82410380
410690205050180,Urbano,RUA WANDA WOLF,1575,BLOCO 04 APARTAMENTO 08,,,SANTA FELICIDADE,,Domicílio particular,,-0,,1,1,82410380
410690205050180,Urbano,RUA WANDA WOLF,1575,BLOCO 04 APARTAMENTO 07,,,SANTA FELICIDADE,,Domicílio particular,,-0,,1,1,82410380
410690205050180,Urbano,RUA WANDA WOLF,1575,BLOCO 04 APARTAMENTO 06,,,SANTA FELICIDADE,,Domicílio particular,,-0,,1,1,82410380
410690205050180,Urbano,RUA WANDA WOLF,1575,BLOCO 04 APARTAMENTO 05,,,SANTA FELICIDADE,,Domicílio particular,,-0,,1,1,82410380
410690205050180,Urbano,RUA WANDA WOLF,1575,BLOCO 04 APARTAMENTO 04,,,SANTA FELICIDADE,,Domicílio particular,,-0,,1,1,82410380
410690205050180,Urbano,RUA WANDA WOLF,1575,BLOCO 04 APARTAMENTO 03,,,SANTA FELICIDADE,,Domicílio particular,,-0,,1,1,82410380
410690205050180,Urbano,RUA WANDA WOLF,1575,BLOCO 04 APARTAMENTO 02,,,SANTA FELICIDADE,,Domicílio particular,,-0,,1,1,82410380
410690205050180,Urbano,RUA WANDA WOLF,1575,BLOCO 04 APARTAMENTO 01,,,SANTA FELICIDADE,,Domicílio particular,,-0,,1,1,82410380
410690205050180,Urbano,RUA WANDA WOLF,1575,BLOCO 03 APARTAMENTO 08,,,SANTA FELICIDADE,,Domicílio particular,,-0,,1,1,82410380
410690205050180,Urbano,RUA WANDA WOLF,1575,BLOCO 03 APARTAMENTO 07,,,SANTA FELICIDADE,,Domicílio particular,,-0,,1,1,82410380
410690205050180,Urbano,RUA WANDA WOLF,1575,BLOCO 03 APARTAMENTO 06,,,SANTA FELICIDADE,,Domicílio particular,,-0,,1,1,82410380
410690205050180,Urbano,RUA WANDA WOLF,1575,BLOCO 03 APARTAMENTO 05,,,SANTA FELICIDADE,,Domicílio particular,,-0,,1,1,82410380
410690205050180,Urbano,RUA WANDA WOLF,1575,BLOCO 03 APARTAMENTO 04,,,SANTA FELICIDADE,,Domicílio particular,,-0,,1,1,82410380
410690205050180,Urbano,RUA WANDA WOLF,1575,BLOCO 03 APARTAMENTO 03,,,SANTA FELICIDADE,,Domicílio particular,,-0,,1,1,82410380
410690205050180,Urbano,RUA WANDA WOLF,1575,BLOCO 03 APARTAMENTO 02,,,SANTA FELICIDADE,,Domicílio particular,,-0,,1,1,82410380
410690205050180,Urbano,RUA WANDA WOLF,1575,BLOCO 03 APARTAMENTO 01,,,SANTA FELICIDADE,,Domicílio particular,,-0,,1,1,82410380
410690205050180,Urbano,RUA WANDA WOLF,1575,BLOCO 02 APARTAMENTO 08,,,SANTA FELICIDADE,,Domicílio particular,,-0,,1,1,82410380
410690205050180,Urbano,RUA WANDA WOLF,1575,BLOCO 02 APARTAMENTO 07,,,SANTA FELICIDADE,,Domicílio particular,,-0,,1,1,82410380
410690205050180,Urbano,RUA WANDA WOLF,1575,BLOCO 02 APARTAMENTO 06,,,SANTA FELICIDADE,,Domicílio particular,,-0,,1,1,82410380
410690205050180,Urbano,RUA WANDA WOLF,1575,BLOCO 02 APARTAMENTO 05,,,SANTA FELICIDADE,,Domicílio particular,,-0,,1,1,82410380
410690205050180,Urbano,RUA WANDA WOLF,1575,BLOCO 02 APARTAMENTO 04,,,SANTA FELICIDADE,,Domicílio particular,,-0,,1,1,82410380
410690205050180,Urbano,RUA WANDA WOLF,1575,BLOCO 02 APARTAMENTO 03,,,SANTA FELICIDADE,,Domicílio particular,,-0,,1,1,82410380
410690205050180,Urbano,RUA WANDA WOLF,1575,BLOCO 02 APARTAMENTO 02,,,SANTA FELICIDADE,,Domicílio particular,,-0,,1,1,82410380
410690205050180,Urbano,RUA WANDA WOLF,1575,BLOCO 02 APARTAMENTO 01,,,SANTA FELICIDADE,,Domicílio particular,,-0,,1,1,82410380
410690205050180,Urbano,RUA WANDA WOLF,1575,BLOCO 01 APARTAMENTO 08,,,SANTA FELICIDADE,,Domicílio particular,,-0,,1,1,82410380
410690205050180,Urbano,RUA WANDA WOLF,1575,BLOCO 01 APARTAMENTO 07,,,SANTA FELICIDADE,,Domicílio particular,,-0,,1,1,82410380
410690205050180,Urbano,RUA WANDA WOLF,1575,BLOCO 01 APARTAMENTO 06,,,SANTA FELICIDADE,,Domicílio particular,,-0,,1,1,82410380
410690205050180,Urbano,RUA WANDA WOLF,1575,BLOCO 01 APARTAMENTO 05,,,SANTA FELICIDADE,,Domicílio particular,,-0,,1,1,82410380
410690205050180,Urbano,RUA WANDA WOLF,1575,BLOCO 01 APARTAMENTO 04,,,SANTA FELICIDADE,,Domicílio particular,,-0,,1,1,82410380
410690205050180,Urbano,RUA WANDA WOLF,1575,BLOCO 01 APARTAMENTO 03,,,SANTA FELICIDADE,,Domicílio particular,,-0,,1,1,82410380
410690205050180,Urbano,RUA WANDA WOLF,1575,BLOCO 01 APARTAMENTO 02,,,SANTA FELICIDADE,,Domicílio particular,,-0,,1,1,82410380
410690205050180,Urbano,RUA WANDA WOLF,1575,BLOCO 01 APARTAMENTO 01,,,SANTA FELICIDADE,,Domicílio particular,,-0,,1,1,82410380
410690205050180,Urbano,AVENIDA DOUTOR EUGENIO BERTOLLI,3192,ALAMEDA_INTERNA A CASA 36,,,SANTA FELICIDADE,,Domicílio particular,,-0,,1,31,82410530
410690205050180,Urbano,AVENIDA DOUTOR EUGENIO BERTOLLI,3192,ALAMEDA_INTERNA A CASA 37,,,SANTA FELICIDADE,,Domicílio particular,,-0,,1,31,82410530
410690205050180,Urbano,AVENIDA DOUTOR EUGENIO BERTOLLI,3192,ALAMEDA_INTERNA A CASA 38,,,SANTA FELICIDADE,,Domicílio particular,,-0,,1,31,82410530
410690205050180,Urbano,AVENIDA DOUTOR EUGENIO BERTOLLI,3192,ALAMEDA_INTERNA A CASA 39,,,SANTA FELICIDADE,,Domicílio particular,,-0,,1,31,82410530
410690205050180,Urbano,RUA GENTIL ANTUNES BRANCO,991,CASA 01 FRENTE,,,SANTA FELICIDADE,,Domicílio particular,,-0,,3,1,82410470
410690205050180,Urbano,RUA GENTIL ANTUNES BRANCO,991,LOJA 01 TERREO,,,SANTA FELICIDADE,,Estabelecimento de outras finalidades,LOJA,Único,,3,1,82410470
410690205050180,Urbano,RUA GENTIL ANTUNES BRANCO,991,LOJA 02 FRENTE,,,SANTA FELICIDADE,,Estabelecimento de outras finalidades,LOJA,Único,,3,1,82410470
410690205050180,Urbano,RUA GENTIL ANTUNES BRANCO,991,CASA 01 FUNDOS,,,SANTA FELICIDADE,,Domicílio particular,,-0,,3,1,82410470
410690205050180,Urbano,RUA GENTIL ANTUNES BRANCO,975,CASA 01,,,SANTA FELICIDADE,,Domicílio particular,,-0,,3,1,82410470
410690205050180,Urbano,RUA GENTIL ANTUNES BRANCO,975,CASA 02,,,SANTA FELICIDADE,,Domicílio particular,,-0,,3,1,82410470
410690205050180,Urbano,RUA GENTIL ANTUNES BRANCO,975,CASA 03,,,SANTA FELICIDADE,,Domicílio particular,,-0,,3,1,82410470
410690205050180,Urbano,RUA GENTIL ANTUNES BRANCO,1020,CASA,,,SANTA FELICIDADE,,Domicílio particular,,-0,,3,1,82410470
410690205050180,Urbano,RUA GENTIL ANTUNES BRANCO,949,CASA,,,SANTA FELICIDADE,,Domicílio particular,,-0,,3,1,82410470
410690205050180,Urbano,RUA EDSON CAMPOS MASTERSICH,70,CASA 01,,,SANTA FELICIDADE,,Domicílio particular,,-0,,3,2,82410370
410690205050180,Urbano,RUA EDSON CAMPOS MASTERSICH,84,CASA 01,,,SANTA FELICIDADE,,Domicílio particular,,-0,,3,2,82410370
410690205050180,Urbano,RUA PADRE JOSE MARTINI,439,CASA,,,SANTA FELICIDADE,,Domicílio particular,,-0,,3,4,82410300
410690205050180,Urbano,RUA PADRE JOSE MARTINI,409,CASA,,,SANTA FELICIDADE,,Domicílio particular,,-0,,3,4,82410300
410690205050180,Urbano,RUA PADRE JOSE MARTINI,397,CASA,,,SANTA FELICIDADE,,Domicílio particular,,-0,,3,4,82410300
410690205050180,Urbano,RUA PADRE JOSE MARTINI,383,CASA,,,SANTA FELICIDADE,,Domicílio particular,,-0,,3,4,82410300
410690205050180,Urbano,RUA PADRE JOSE MARTINI,371,CASA,,,SANTA FELICIDADE,,Estabelecimento de outras finalidades,COMERCIO,Único,,3,4,82410300
410690205050180,Urbano,RUA PADRE JOSE MARTINI,371,CASA FUNDOS,,,SANTA FELICIDADE,,Domicílio particular,,-0,,3,4,82410300
410690205050180,Urbano,AVENIDA DOUTOR EUGENIO BERTOLLI,3192,ALAMEDA_INTERNA A CASA 01,,,SANTA FELICIDADE,,Domicílio particular,,-0,,1,30,82410530
410690205050180,Urbano,AVENIDA DOUTOR EUGENIO BERTOLLI,3192,ALAMEDA_INTERNA A CASA 02,,,SANTA FELICIDADE,,Domicílio particular,,-0,,1,30,82410530
410690205050180,Urbano,AVENIDA DOUTOR EUGENIO BERTOLLI,3192,ALAMEDA_INTERNA A CASA 03,,,SANTA FELICIDADE,,Domicílio particular,,-0,,1,30,82410530
410690205050180,Urbano,AVENIDA DOUTOR EUGENIO BERTOLLI,3192,ALAMEDA_INTERNA A CASA 04,,,SANTA FELICIDADE,,Domicílio particular,,-0,,1,30,82410530
410690205050180,Urbano,AVENIDA DOUTOR EUGENIO BERTOLLI,3192,ALAMEDA_INTERNA A CASA 05,,,SANTA FELICIDADE,,Domicílio particular,,-0,,1,30,82410530
410690205050180,Urbano,AVENIDA DOUTOR EUGENIO BERTOLLI,3192,ALAMEDA_INTERNA A CASA 06,,,SANTA FELICIDADE,,Domicílio particular,,-0,,1,30,82410530
410690205050180,Urbano,AVENIDA DOUTOR EUGENIO BERTOLLI,3192,ALAMEDA_INTERNA A CASA 07,,,SANTA FELICIDADE,,Domicílio particular,,-0,,1,30,82410530
410690205050180,Urbano,AVENIDA DOUTOR EUGENIO BERTOLLI,3192,ALAMEDA_INTERNA A CASA 08,,,SANTA FELICIDADE,,Domicílio particular,,-0,,1,30,82410530
410690205050180,Urbano,AVENIDA DOUTOR EUGENIO BERTOLLI,3192,ALAMEDA_INTERNA A CASA 99,,,SANTA FELICIDADE,,Domicílio particular,,-0,,1,30,82410530
410690205050180,Urbano,AVENIDA DOUTOR EUGENIO BERTOLLI,3192,ALAMEDA_INTERNA A CASA 10,,,SANTA FELICIDADE,,Domicílio particular,,-0,,1,30,82410530
410690205050180,Urbano,AVENIDA DOUTOR EUGENIO BERTOLLI,3192,ALAMEDA_INTERNA A CASA 11,,,SANTA FELICIDADE,,Domicílio particular,,-0,,1,30,82410530
410690205050180,Urbano,AVENIDA DOUTOR EUGENIO BERTOLLI,3192,ALAMEDA_INTERNA A CASA 12,,,SANTA FELICIDADE,,Domicílio particular,,-0,,1,30,82410530
410690205050180,Urbano,AVENIDA DOUTOR EUGENIO BERTOLLI,3192,ALAMEDA_INTERNA A CASA 13,,,SANTA FELICIDADE,,Domicílio particular,,-0,,1,30,82410530
410690205050180,Urbano,AVENIDA DOUTOR EUGENIO BERTOLLI,3192,ALAMEDA_INTERNA A CASA 14,,,SANTA FELICIDADE,,Domicílio particular,,-0,,1,30,82410530
410690205050180,Urbano,AVENIDA DOUTOR EUGENIO BERTOLLI,3192,ALAMEDA_INTERNA A CASA 15,,,SANTA FELICIDADE,,Domicílio particular,,-0,,1,30,82410530
410690205050180,Urbano,AVENIDA DOUTOR EUGENIO BERTOLLI,3192,ALAMEDA_INTERNA A CASA 16,,,SANTA FELICIDADE,,Domicílio particular,,-0,,1,30,82410530
410690205050180,Urbano,AVENIDA DOUTOR EUGENIO BERTOLLI,3192,ALAMEDA_INTERNA A CASA 17,,,SANTA FELICIDADE,,Domicílio particular,,-0,,1,30,82410530
410690205050180,Urbano,AVENIDA DOUTOR EUGENIO BERTOLLI,3192,ALAMEDA_INTERNA A CASA 18,,,SANTA FELICIDADE,,Domicílio particular,,-0,,1,30,82410530
410690205050180,Urbano,AVENIDA DOUTOR EUGENIO BERTOLLI,3192,ALAMEDA_INTERNA A CASA 19,,,SANTA FELICIDADE,,Domicílio particular,,-0,,1,30,82410530
410690205050180,Urbano,AVENIDA DOUTOR EUGENIO BERTOLLI,3192,ALAMEDA_INTERNA A CASA 20,,,SANTA FELICIDADE,,Domicílio particular,,-0,,1,30,82410530
410690205050180,Urbano,AVENIDA DOUTOR EUGENIO BERTOLLI,3192,ALAMEDA_INTERNA A CASA 21,,,SANTA FELICIDADE,,Domicílio particular,,-0,,1,30,82410530
410690205050180,Urbano,AVENIDA DOUTOR EUGENIO BERTOLLI,3192,ALAMEDA_INTERNA A CASA 22,,,SANTA FELICIDADE,,Domicílio particular,,-0,,1,31,82410530
410690205050180,Urbano,AVENIDA DOUTOR EUGENIO BERTOLLI,3192,ALAMEDA_INTERNA B CASA 40,,,SANTA FELICIDADE,,Domicílio particular,,-0,,1,31,82410530
410690205050180,Urbano,AVENIDA DOUTOR EUGENIO BERTOLLI,3192,ALAMEDA_INTERNA B CASA 41,,,SANTA FELICIDADE,,Domicílio particular,,-0,,1,31,82410530
410690205050180,Urbano,AVENIDA DOUTOR EUGENIO BERTOLLI,3192,ALAMEDA_INTERNA B CASA 42,,,SANTA FELICIDADE,,Domicílio particular,,-0,,1,31,82410530
410690205050180,Urbano,AVENIDA DOUTOR EUGENIO BERTOLLI,3192,ALAMEDA_INTERNA B CASA 43,,,SANTA FELICIDADE,,Domicílio particular,,-0,,1,31,82410530
410690205050180,Urbano,AVENIDA DOUTOR EUGENIO BERTOLLI,3192,ALAMEDA_INTERNA B CASA 44,,,SANTA FELICIDADE,,Domicílio particular,,-0,,1,31,82410530
410690205050180,Urbano,AVENIDA DOUTOR EUGENIO BERTOLLI,3192,ALAMEDA_INTERNA B CASA 45,,,SANTA FELICIDADE,,Domicílio particular,,-0,,1,31,82410530
410690205050180,Urbano,AVENIDA DOUTOR EUGENIO BERTOLLI,3192,ALAMEDA_INTERNA B CASA 46,,,SANTA FELICIDADE,,Domicílio particular,,-0,,1,31,82410530
410690205050180,Urbano,AVENIDA DOUTOR EUGENIO BERTOLLI,3192,ALAMEDA_INTERNA B CASA 47,,,SANTA FELICIDADE,,Domicílio particular,,-0,,1,31,82410530
410690205050180,Urbano,AVENIDA DOUTOR EUGENIO BERTOLLI,3192,ALAMEDA_INTERNA B CASA 48,,,SANTA FELICIDADE,,Domicílio particular,,-0,,1,31,82410530
410690205050180,Urbano,AVENIDA DOUTOR EUGENIO BERTOLLI,3192,ALAMEDA_INTERNA B CASA 49,,,SANTA FELICIDADE,,Domicílio particular,,-0,,1,31,82410530
410690205050180,Urbano,AVENIDA DOUTOR EUGENIO BERTOLLI,3192,ALAMEDA_INTERNA B CASA 50,,,SANTA FELICIDADE,,Domicílio particular,,-0,,1,31,82410530
410690205050180,Urbano,AVENIDA DOUTOR EUGENIO BERTOLLI,3192,ALAMEDA_INTERNA B CASA 51,,,SANTA FELICIDADE,,Domicílio particular,,-0,,1,31,82410530
410690205050180,Urbano,AVENIDA DOUTOR EUGENIO BERTOLLI,3192,ALAMEDA_INTERNA B CASA 52,,,SANTA FELICIDADE,,Domicílio particular,,-0,,1,31,82410530
410690205050180,Urbano,AVENIDA DOUTOR EUGENIO BERTOLLI,3192,ALAMEDA_INTERNA B CASA 53,,,SANTA FELICIDADE,,Domicílio particular,,-0,,1,31,82410530
410690205050180,Urbano,AVENIDA DOUTOR EUGENIO BERTOLLI,3192,ALAMEDA_INTERNA B CASA 54,,,SANTA FELICIDADE,,Domicílio particular,,-0,,1,31,82410530
410690205050180,Urbano,AVENIDA DOUTOR EUGENIO BERTOLLI,3192,ALAMEDA_INTERNA B CASA 55,,,SANTA FELICIDADE,,Domicílio particular,,-0,,1,31,82410530
410690205050180,Urbano,AVENIDA DOUTOR EUGENIO BERTOLLI,3192,ALAMEDA_INTERNA B CASA 56,,,SANTA FELICIDADE,,Domicílio particular,,-0,,1,31,82410530
410690205050180,Urbano,AVENIDA DOUTOR EUGENIO BERTOLLI,3192,ALAMEDA_INTERNA B CASA 58,,,SANTA FELICIDADE,,Domicílio particular,,-0,,1,32,82410530
410690205050180,Urbano,AVENIDA DOUTOR EUGENIO BERTOLLI,3192,ALAMEDA_INTERNA B CASA 59,,,SANTA FELICIDADE,,Domicílio particular,,-0,,1,32,82410530
410690205050180,Urbano,AVENIDA DOUTOR EUGENIO BERTOLLI,3192,ALAMEDA_INTERNA B CASA 60,,,SANTA FELICIDADE,,Domicílio particular,,-0,,1,32,82410530
410690205050180,Urbano,AVENIDA DOUTOR EUGENIO BERTOLLI,3192,ALAMEDA_INTERNA B CASA 61,,,SANTA FELICIDADE,,Domicílio particular,,-0,,1,32,82410530
410690205050180,Urbano,AVENIDA DOUTOR EUGENIO BERTOLLI,3192,ALAMEDA_INTERNA B CASA 62,,,SANTA FELICIDADE,,Domicílio particular,,-0,,1,32,82410530
410690205050180,Urbano,AVENIDA DOUTOR EUGENIO BERTOLLI,3192,ALAMEDA_INTERNA B CASA 63,,,SANTA FELICIDADE,,Domicílio particular,,-0,,1,32,82410530
410690205050180,Urbano,AVENIDA DOUTOR EUGENIO BERTOLLI,3192,ALAMEDA_INTERNA B CASA 64,,,SANTA FELICIDADE,,Domicílio particular,,-0,,1,32,82410530
410690205050180,Urbano,AVENIDA DOUTOR EUGENIO BERTOLLI,3192,ALAMEDA_INTERNA B CASA 65,,,SANTA FELICIDADE,,Domicílio particular,,-0,,1,32,82410530
410690205050180,Urbano,AVENIDA DOUTOR EUGENIO BERTOLLI,3192,ALAMEDA_INTERNA B CASA 66,,,SANTA FELICIDADE,,Domicílio particular,,-0,,1,32,82410530
410690205050180,Urbano,AVENIDA DOUTOR EUGENIO BERTOLLI,3192,ALAMEDA_INTERNA B CASA 67,,,SANTA FELICIDADE,,Domicílio particular,,-0,,1,32,82410530
410690205050180,Urbano,AVENIDA DOUTOR EUGENIO BERTOLLI,3192,ALAMEDA_INTERNA B CASA 68,,,SANTA FELICIDADE,,Domicílio particular,,-0,,1,32,82410530
410690205050180,Urbano,AVENIDA DOUTOR EUGENIO BERTOLLI,3192,ALAMEDA_INTERNA B CASA 69,,,SANTA FELICIDADE,,Domicílio particular,,-0,,1,32,82410530
410690205050180,Urbano,AVENIDA DOUTOR EUGENIO BERTOLLI,3192,ALAMEDA_INTERNA B CASA 70,,,SANTA FELICIDADE,,Domicílio particular,,-0,,1,32,82410530
410690205050180,Urbano,AVENIDA DOUTOR EUGENIO BERTOLLI,3192,ALAMEDA_INTERNA B CASA 71,,,SANTA FELICIDADE,,Domicílio particular,,-0,,1,32,82410530
410690205050180,Urbano,AVENIDA DOUTOR EUGENIO BERTOLLI,3192,ALAMEDA_INTERNA B CASA 72,,,SANTA FELICIDADE,,Domicílio particular,,-0,,1,32,82410530
410690205050180,Urbano,AVENIDA DOUTOR EUGENIO BERTOLLI,3192,ALAMEDA_INTERNA B CASA 73,,,SANTA FELICIDADE,,Domicílio particular,,-0,,1,32,82410530
410690205050180,Urbano,AVENIDA DOUTOR EUGENIO BERTOLLI,3192,ALAMEDA_INTERNA B CASA 74,,,SANTA FELICIDADE,,Domicílio particular,,-0,,1,32,82410530
410690205050180,Urbano,AVENIDA DOUTOR EUGENIO BERTOLLI,3192,ALAMEDA_INTERNA B CASA 75,,,SANTA FELICIDADE,,Domicílio particular,,-0,,1,32,82410530
410690205050180,Urbano,AVENIDA DOUTOR EUGENIO BERTOLLI,3232,ALAMEDA_INTERNA A CASA 01,,,SANTA FELICIDADE,,Domicílio particular,,-0,,1,33,82410530
410690205050180,Urbano,AVENIDA DOUTOR EUGENIO BERTOLLI,3232,ALAMEDA_INTERNA A CASA 02,,,SANTA FELICIDADE,,Domicílio particular,,-0,,1,33,82410530
410690205050180,Urbano,AVENIDA DOUTOR EUGENIO BERTOLLI,3232,ALAMEDA_INTERNA A CASA 03,,,SANTA FELICIDADE,,Domicílio particular,,-0,,1,33,82410530
410690205050180,Urbano,AVENIDA DOUTOR EUGENIO BERTOLLI,3232,ALAMEDA_INTERNA A CASA 04,,,SANTA FELICIDADE,,Domicílio particular,,-0,,1,33,82410530
410690205050180,Urbano,AVENIDA DOUTOR EUGENIO BERTOLLI,3232,ALAMEDA_INTERNA A CASA 05,,,SANTA FELICIDADE,,Domicílio particular,,-0,,1,33,82410530
410690205050180,Urbano,AVENIDA DOUTOR EUGENIO BERTOLLI,3232,ALAMEDA_INTERNA A CASA 06,,,SANTA FELICIDADE,,Domicílio particular,,-0,,1,33,82410530
410690205050180,Urbano,AVENIDA DOUTOR EUGENIO BERTOLLI,3232,ALAMEDA_INTERNA A CASA 07,,,SANTA FELICIDADE,,Domicílio particular,,-0,,1,33,82410530
410690205050180,Urbano,AVENIDA DOUTOR EUGENIO BERTOLLI,3232,ALAMEDA_INTERNA A CASA 08,,,SANTA FELICIDADE,,Domicílio particular,,-0,,1,33,82410530
410690205050180,Urbano,AVENIDA DOUTOR EUGENIO BERTOLLI,3232,ALAMEDA_INTERNA A CASA 09,,,SANTA FELICIDADE,,Domicílio particular,,-0,,1,33,82410530
410690205050180,Urbano,AVENIDA DOUTOR EUGENIO BERTOLLI,3232,ALAMEDA_INTERNA A CASA 10,,,SANTA FELICIDADE,,Domicílio particular,,-0,,1,33,82410530
410690205050180,Urbano,AVENIDA DOUTOR EUGENIO BERTOLLI,3232,ALAMEDA_INTERNA A CASA 11,,,SANTA FELICIDADE,,Domicílio particular,,-0,,1,33,82410530
410690205050180,Urbano,AVENIDA DOUTOR EUGENIO BERTOLLI,3232,ALAMEDA_INTERNA A CASA 12,,,SANTA FELICIDADE,,Domicílio particular,,-0,,1,33,82410530
410690205050180,Urbano,AVENIDA DOUTOR EUGENIO BERTOLLI,3232,ALAMEDA_INTERNA A CASA 14,,,SANTA FELICIDADE,,Domicílio particular,,-0,,1,33,82410530
410690205050180,Urbano,AVENIDA DOUTOR EUGENIO BERTOLLI,3232,ALAMEDA_INTERNA A CASA 15,,,SANTA FELICIDADE,,Domicílio particular,,-0,,1,33,82410530
410690205050180,Urbano,AVENIDA DOUTOR EUGENIO BERTOLLI,3232,ALAMEDA_INTERNA A CASA 16,,,SANTA FELICIDADE,,Domicílio particular,,-0,,1,33,82410530
410690205050180,Urbano,AVENIDA DOUTOR EUGENIO BERTOLLI,3232,ALAMEDA_INTERNA A CASA 17,,,SANTA FELICIDADE,,Domicílio particular,,-0,,1,33,82410530
410690205050180,Urbano,AVENIDA DOUTOR EUGENIO BERTOLLI,3232,ALAMEDA_INTERNA A CASA 18,,,SANTA FELICIDADE,,Domicílio particular,,-0,,1,33,82410530
410690205050180,Urbano,AVENIDA DOUTOR EUGENIO BERTOLLI,3232,ALAMEDA_INTERNA A CASA 19,,,SANTA FELICIDADE,,Domicílio particular,,-0,,1,33,82410530
410690205050180,Urbano,AVENIDA DOUTOR EUGENIO BERTOLLI,3232,ALAMEDA_INTERNA A CASA 20,,,SANTA FELICIDADE,,Domicílio particular,,-0,,1,33,82410530
410690205050180,Urbano,AVENIDA DOUTOR EUGENIO BERTOLLI,3232,ALAMEDA_INTERNA A CASA 21,,,SANTA FELICIDADE,,Domicílio particular,,-0,,1,33,82410530
410690205050180,Urbano,AVENIDA DOUTOR EUGENIO BERTOLLI,3232,ALAMEDA_INTERNA A CASA 23,,,SANTA FELICIDADE,,Domicílio particular,,-0,,1,33,82410530
410690205050180,Urbano,AVENIDA DOUTOR EUGENIO BERTOLLI,3232,ALAMEDA_INTERNA A CASA 25,,,SANTA FELICIDADE,,Domicílio particular,,-0,,1,33,82410530
410690205050180,Urbano,AVENIDA DOUTOR EUGENIO BERTOLLI,3232,LOJA 01,,,SANTA FELICIDADE,,Estabelecimento de outras finalidades,PLANTAO CONSTRUTORA,Único,,1,33,82410530
410690205050180,Urbano,AVENIDA DOUTOR EUGENIO BERTOLLI,3232,LOJA 02,,,SANTA FELICIDADE,,Estabelecimento de outras finalidades,PC,Único,,1,33,82410530
410690205050180,Urbano,AVENIDA DOUTOR EUGENIO BERTOLLI,3232,LOJA 03,,,SANTA FELICIDADE,,Estabelecimento de outras finalidades,PC,Único,,1,33,82410530
410690205050180,Urbano,RUA PAULO J BUSO,62,CASA,,,SANTA FELICIDADE,,Domicílio particular,,-0,,3,3,82410260
410690205050180,Urbano,RUA PAULO J BUSO,110,CASA,,,SANTA FELICIDADE,,Domicílio particular,,-0,,3,3,82410260
410690205050180,Urbano,RUA PAULO J BUSO,110,CASA FUNDOS,,,SANTA FELICIDADE,,Domicílio particular,,-0,,3,3,82410260
410690205050180,Urbano,RUA PAULO J BUSO,134,CASA,,,SANTA FELICIDADE,,Domicílio particular,,-0,,3,3,82410260
410690205050180,Urbano,RUA PAULO J BUSO,134,CASA FUNDOS,,,SANTA FELICIDADE,,Domicílio particular,,-0,,3,3,82410260
410690205050180,Urbano,RUA BENJAMIN MION,236,CASA,,,SANTA FELICIDADE,,Domicílio particular,,-0,,2,2,82410590
410690205050180,Urbano,RUA BENJAMIN MION,304,SOBRADO 01,,,SANTA FELICIDADE,,Edificação em construção,,-0,,2,2,82410590
410690205050180,Urbano,RUA BENJAMIN MION,304,SOBRADO 02,,,SANTA FELICIDADE,,Edificação em construção,,-0,,2,2,82410590
410690205050180,Urbano,RUA BENJAMIN MION,304,SOBRADO 03,,,SANTA FELICIDADE,,Edificação em construção,,-0,,2,2,82410590
410690205050180,Urbano,RUA BENJAMIN MION,304,SOBRADO 04,,,SANTA FELICIDADE,,Edificação em construção,,-0,,2,2,82410590
410690205050180,Urbano,RUA EDSON CAMPOS MASTERSICH,342,,,,SANTA FELICIDADE,,Estabelecimento de outras finalidades,IGREJA EVANGELICA,Único,,2,3,82410370
410690205050180,Urbano,RUA EDSON CAMPOS MASTERSICH,948,APARTAMENTO,,,SANTA FELICIDADE,,Domicílio particular,,-0,,2,3,82410370
410690205050180,Urbano,RUA EDSON CAMPOS MASTERSICH,948,LOJA TERREO,,,SANTA FELICIDADE,,Estabelecimento de outras finalidades,COM DESATIVADO,Único,,2,3,82410370
410690205050180,Urbano,RUA EDSON CAMPOS MASTERSICH,948,APARTAMENTO SUBSOLO,,,SANTA FELICIDADE,,Domicílio particular,,-0,,2,3,82410370
410690205050180,Urbano,RUA EDSON CAMPOS MASTERSICH,1010,,,,SANTA FELICIDADE,,Estabelecimento de outras finalidades,RESTAURANTE,Único,,2,3,82410370
410690205050180,Urbano,RUA WANDA WOLF,1319,FUNDOS,,,SANTA FELICIDADE,,Domicílio particular,,-0,,1,10,82410380
410690205050180,Urbano,RUA TRES CORACOES,176,FUNDOS,,,SANTA FELICIDADE,,Domicílio particular,,-0,,1,11,82410480
410690205050180,Urbano,RUA TRES CORACOES,206A,,,,SANTA FELICIDADE,,Domicílio particular,,-0,,1,11,82410480
410690205050180,Urbano,RUA TRES CORACOES,216A,FUNDOS,,,SANTA FELICIDADE,,Domicílio particular,,-0,,1,11,82410480
410690205050180,Urbano,RUA TRES CORACOES,216B,FUNDOS,,,SANTA FELICIDADE,,Domicílio particular,,-0,,1,11,82410480
410690205050180,Urbano,RUA TRES CORACOES,226,,,,SANTA FELICIDADE,,Domicílio particular,,-0,,1,11,82410480
410690205050180,Urbano,RUA TRES CORACOES,230,,,,SANTA FELICIDADE,,Domicílio particular,,-0,,1,12,82410480
410690205050180,Urbano,RUA TRES CORACOES,230,,,,SANTA FELICIDADE,,Domicílio particular,,-0,,1,12,82410480
410690205050180,Urbano,RUA TRES CORACOES,230,,,,SANTA FELICIDADE,,Domicílio particular,,-0,,1,12,82410480
410690205050180,Urbano,RUA TRES CORACOES,230,,,,SANTA FELICIDADE,,Domicílio particular,,-0,,1,12,82410480
410690205050180,Urbano,RUA WANDA WOLF,113,,,,SANTA FELICIDADE,,Domicílio particular,,-0,,1,13,82410380
410690205050180,Urbano,RUA WANDA WOLF,113,,,,SANTA FELICIDADE,,Domicílio particular,,-0,,1,13,82410380
410690205050180,Urbano,RUA WANDA WOLF,113,,,,SANTA FELICIDADE,,Domicílio particular,,-0,,1,13,82410380
410690205050180,Urbano,RUA GENTIL ANTUNES BRANCO,415,,,,SANTA FELICIDADE,,Domicílio particular,,-0,,1,14,82410470
410690205050180,Urbano,RUA GENTIL ANTUNES BRANCO,415,,,,SANTA FELICIDADE,,Domicílio particular,,-0,,1,14,82410470
410690205050180,Urbano,RUA GENTIL ANTUNES BRANCO,415,,,,SANTA FELICIDADE,,Domicílio particular,,-0,,1,14,82410470
410690205050180,Urbano,RUA GENTIL ANTUNES BRANCO,415,,,,SANTA FELICIDADE,,Domicílio particular,,-0,,1,14,82410470
410690205050180,Urbano,RUA GENTIL ANTUNES BRANCO,418,,,,SANTA FELICIDADE,,Domicílio particular,,-0,,1,14,82410470
410690205050180,Urbano,RUA GENTIL ANTUNES BRANCO,418,,,,SANTA FELICIDADE,,Domicílio particular,,-0,,1,14,82410470
410690205050180,Urbano,RUA GENTIL ANTUNES BRANCO,415,,,,SANTA FELICIDADE,,Domicílio particular,,-0,,1,14,82410470
410690205050180,Urbano,RUA GENTIL ANTUNES BRANCO,415,,,,SANTA FELICIDADE,,Domicílio particular,,-0,,1,14,82410470
410690205050180,Urbano,RUA GENTIL ANTUNES BRANCO,415,,,,SANTA FELICIDADE,,Domicílio particular,,-0,,1,14,82410470
410690205050180,Urbano,RUA GENTIL ANTUNES BRANCO,415,,,,SANTA FELICIDADE,,Domicílio particular,,-0,,1,14,82410470
410690205050180,Urbano,RUA GENTIL ANTUNES BRANCO,16,,,,SANTA FELICIDADE,,Domicílio particular,,-0,,1,14,82410470
410690205050180,Urbano,RUA PADRE JOSE MARTINI,9,OUTROS,,,SANTA FELICIDADE,,Domicílio particular,,-0,,1,20,82410300
410690205050180,Urbano,RUA GENTIL ANTUNES BRANCO,7,,,,SANTA FELICIDADE,,Domicílio particular,,-0,,1,21,82410470
410690205050180,Urbano,RUA GENTIL ANTUNES BRANCO,329,,,,SANTA FELICIDADE,,Domicílio particular,,-0,,1,22,82410470
410690205050180,Urbano,RUA GENTIL ANTUNES BRANCO,9,CASA,,,SANTA FELICIDADE,,Domicílio particular,,-0,,1,21,82410470
410690205050180,Urbano,RUA PAULO J BUSO,320,CASA,,,SANTA FELICIDADE,,Domicílio particular,,-0,,1,24,82410380
410690205050180,Urbano,RUA VITORIA DA CONQUISTA,413,,,,SANTA FELICIDADE,,Domicílio particular,,-0,,1,8,82000000
410690205050180,Urbano,RUA PADRE JOSE MARTINI,18,CASA,,,SANTA FELICIDADE,,Domicílio particular,,-0,,1,19,82410300
410690205050180,Urbano,RUA GENTIL ANTUNES BRANCO,9,FUNDOS,,,SANTA FELICIDADE,,Estabelecimento de outras finalidades,CONFECCAO ESCAPULARIOS,Único,,1,21,82410470
410690205050180,Urbano,RUA PAULO J BUSO,390,CASA,,,SANTA FELICIDADE,,Domicílio particular,,-0,,1,27,82410380
410690205050180,Urbano,RUA PAULO J BUSO,390,CASA,,,SANTA FELICIDADE,,Domicílio particular,,-0,,1,27,82410380
410690205050180,Urbano,RUA PAULO J BUSO,390,CASA,,,SANTA FELICIDADE,,Domicílio particular,,-0,,1,27,82410380
410690205050180,Urbano,RUA VITORIA DA CONQUISTA,413,CASA,,,SANTA FELICIDADE,,Estabelecimento de outras finalidades,CENTRO ESPIRITA,Único,,1,8,82000000
410690205050180,Urbano,RUA PAULO J BUSO,440,BARRACAO,,,SANTA FELICIDADE,,Estabelecimento de outras finalidades,BARRACAO ABANDONADO,Único,,1,27,82410380
410690205050180,Urbano,RUA PAULO J BUSO,376,SOBRADO,,,SANTA FELICIDADE,,Domicílio particular,,-0,,1,27,82410380
410690205050180,Urbano,RUA PAULO J BUSO,376,SOBRADO,,,SANTA FELICIDADE,,Domicílio particular,,-0,,1,27,82410380
410690205050180,Urbano,RUA PAULO J BUSO,1446,CASA,,,SANTA FELICIDADE,,Estabelecimento de outras finalidades,SALAO FESTAS CHACARA,Único,,1,27,82410380
410690205050180,Urbano,RUA PAULO J BUSO,426,CASA,,,SANTA FELICIDADE,,Domicílio particular,,-0,,1,27,82410380
410690205050180,Urbano,RUA PAULO J BUSO,390,CASA,,,SANTA FELICIDADE,,Domicílio particular,,-0,,1,27,82410380
410690205050180,Urbano,RUA SAN MARTIN,216,,,,SANTA FELICIDADE,,Domicílio particular,,-0,,1,5,82410500
410690205050180,Urbano,RUA BENJAMIN MION,250,CASA,,,SANTA FELICIDADE,,Domicílio particular,,-0,,2,2,82410590
410690205050180,Urbano,RUA BENJAMIN MION,342,FRENTE,,,SANTA FELICIDADE,,Estabelecimento de outras finalidades,COM INATIVO,Único,,2,2,82410590
410690205050180,Urbano,RUA GENTIL ANTUNES BRANCO,991,,,,SANTA FELICIDADE,,Estabelecimento de outras finalidades,LOJA,Único,,3,1,82410470
410690205050180,Urbano,RUA GENTIL ANTUNES BRANCO,935,CASA,,,SANTA FELICIDADE,,Domicílio particular,,-0,,3,1,82410470
410690205050180,Urbano,RUA PAULO J BUSO,61,CASA,,,SANTA FELICIDADE,,Domicílio particular,,-0,,3,3,82410260
410690205050180,Urbano,RUA PADRE JOSE MARTINI,SN,CAIS,,,SANTA FELICIDADE,,Domicílio particular,,-0,,3,4,82410300
410690205050180,Urbano,RUA PADRE JOSE MARTINI,1506,CASA,,,SANTA FELICIDADE,,Domicílio particular,,-0,,3,4,82410300
410690205050180,Urbano,RUA PADRE JOSE MARTINI,1506,CASA,,,SANTA FELICIDADE,,Domicílio particular,,-0,,3,4,82410300
410690205050180,Urbano,RUA PADRE JOSE MARTINI,1506,CASA,,,SANTA FELICIDADE,,Domicílio particular,,-0,,3,4,82410300
410690205050180,Urbano,RUA PADRE JOSE MARTINI,1496,CASA,,,SANTA FELICIDADE,,Domicílio particular,,-0,,3,4,82410300
410690205050180,Urbano,RUA PADRE JOSE MARTINI,1484,CAIS,,,SANTA FELICIDADE,,Domicílio particular,,-0,,3,4,82410300
410690205050180,Urbano,RUA PADRE JOSE MARTINI,1484,,,,SANTA FELICIDADE,,Domicílio particular,,-0,,3,4,82410300
410690205050180,Urbano,RUA PADRE JOSE MARTINI,1484,,,,SANTA FELICIDADE,,Domicílio particular,,-0,,3,4,82410300
410690205050180,Urbano,RUA PADRE JOSE MARTINI,1472,CASA,,,SANTA FELICIDADE,,Domicílio particular,,-0,,3,4,82410300
410690205050180,Urbano,RUA PADRE JOSE MARTINI,1520,CASA,,,SANTA FELICIDADE,,Domicílio particular,,-0,,3,4,82410300
410690205050180,Urbano,RUA PADRE JOSE MARTINI,409,,,,SANTA FELICIDADE,,Domicílio particular,,-0,,3,4,82410300
410690205050180,Urbano,RUA EDSON CAMPOS MASTERSICH,313,SOBRADO,,,SANTA FELICIDADE,,Domicílio particular,,-0,,2,4,82410370
410690205050180,Urbano,RUA EDSON CAMPOS MASTERSICH,313,SOBRADO,,,SANTA FELICIDADE,,Domicílio particular,,-0,,2,4,82410370
410690205050180,Urbano,RUA EDSON CAMPOS MASTERSICH,299,CASA,,,SANTA FELICIDADE,,Domicílio particular,,-0,,2,4,82410370
410690205050180,Urbano,RUA EDSON CAMPOS MASTERSICH,299,CASA,,,SANTA FELICIDADE,,Domicílio particular,,-0,,2,4,82410370
410690205050180,Urbano,RUA EDSON CAMPOS MASTERSICH,299,CASA,,,SANTA FELICIDADE,,Domicílio particular,,-0,,2,4,82410370
410690205050180,Urbano,RUA EDSON CAMPOS MASTERSICH,299,CASA,,,SANTA FELICIDADE,,Domicílio particular,,-0,,2,4,82410370
410690205050180,Urbano,RUA EDSON CAMPOS MASTERSICH,299,CAIS,,,SANTA FELICIDADE,,Domicílio particular,,-0,,2,4,82410370
410690205050180,Urbano,RUA EDSON CAMPOS MASTERSICH,313,SOBRADO,,,SANTA FELICIDADE,,Domicílio particular,,-0,,2,4,82410370
410690205050180,Urbano,RUA EDSON CAMPOS MASTERSICH,313,SOBRADO,,,SANTA FELICIDADE,,Domicílio particular,,-0,,2,4,82410370
410690205050180,Urbano,RUA EDSON CAMPOS MASTERSICH,276,CASA,,,SANTA FELICIDADE,,Domicílio particular,,-0,,2,4,82410370
410690205050180,Urbano,RUA EDSON CAMPOS MASTERSICH,275,FRENTE CASA,,,SANTA FELICIDADE,,Estabelecimento de outras finalidades,SALAO DE BELEZA,Único,,2,4,82410370
410690205050180,Urbano,RUA EDSON CAMPOS MASTERSICH,275,CASA FUNDOS,,,SANTA FELICIDADE,,Domicílio particular,,-0,,2,4,82410370
410690205050180,Urbano,RUA EDSON CAMPOS MASTERSICH,251,CASA,,,SANTA FELICIDADE,,Domicílio particular,,-0,,2,4,82410370
410690205050180,Urbano,RUA EDSON CAMPOS MASTERSICH,247,CASA,,,SANTA FELICIDADE,,Domicílio particular,,-0,,2,4,82410370
410690205050180,Urbano,RUA EDSON CAMPOS MASTERSICH,233,CASA,,,SANTA FELICIDADE,,Estabelecimento de outras finalidades,ESC EQUIP P GASOLINA,Único,,2,4,82410370
410690205050180,Urbano,RUA EDSON CAMPOS MASTERSICH,233,CASA,,,SANTA FELICIDADE,,Domicílio particular,,-0,,2,4,82410370
410690205050180,Urbano,RUA EDSON CAMPOS MASTERSICH,219,TERREO,,,SANTA FELICIDADE,,Estabelecimento de outras finalidades,PANIFICADORA,Único,,2,4,82410370
410690205050180,Urbano,RUA BENJAMIN MION,342,APARTAMENTO,,,SANTA FELICIDADE,,Domicílio particular,,-0,,2,2,82410590
410690205050180,Urbano,RUA EDSON CAMPOS MASTERSICH,342,APARTAMENTO,,,SANTA FELICIDADE,,Domicílio particular,,-0,,2,3,82410370
410690205050180,Urbano,RUA GENTIL ANTUNES BRANCO,921,CASA,,,SANTA FELICIDADE,,Domicílio particular,,-0,,3,1,82410470
410690205050180,Urbano,RUA EDSON CAMPOS MASTERSICH,84,CASA,,,SANTA FELICIDADE,,Domicílio particular,,-0,,3,2,82410370
410690205050180,Urbano,RUA EDSON CAMPOS MASTERSICH,96,CASA,,,SANTA FELICIDADE,,Domicílio particular,,-0,,3,2,82410370
410690205050180,Urbano,RUA EDSON CAMPOS MASTERSICH,96,CASA,,,SANTA FELICIDADE,,Domicílio particular,,-0,,3,2,82410370
410690205050180,Urbano,RUA PADRE JOSE MARTINI,397,CASA,,,SANTA FELICIDADE,,Domicílio particular,,-0,,3,4,82410300
410690205050180,Urbano,RUA GENTIL ANTUNES BRANCO,975,CASA,,,SANTA FELICIDADE,,Domicílio particular,,-0,,3,1,82410470
410690205050180,Urbano,AVENIDA DOUTOR EUGENIO BERTOLLI,2866,,,,SANTA FELICIDADE,,Estabelecimento de outras finalidades,TRANS RODOLATINA,Único,,1,28,82410530
410690205050180,Urbano,AVENIDA DOUTOR EUGENIO BERTOLLI,116,PORTAO,,,SANTA FELICIDADE,,Domicílio particular,,-0,,1,28,82410530
410690205050180,Urbano,AVENIDA DOUTOR EUGENIO BERTOLLI,3062,FRENTE,,,SANTA FELICIDADE,,Edificação em construção,,-0,,1,29,82410530
