Código da unidade geográfica,Situação do setor,Logradouro,Número no logradouro,Complemento,Latitude,Longitude,Localidade,Ponto de referência,Espécie de endereço,Tipo de estabelecimento,Indicador de endereço,Identificação domicílio coletivo,Número da quadra,Número da face,CEP
410690205050173,Urbano,AVENIDA WANDA WOLF,1374,CASA,,,SANTA FELICIDADE,,Domicílio particular,,-0,,13,10,82410380
410690205050173,Urbano,AVENIDA WANDA WOLF,1386,CASA,,,SANTA FELICIDADE,,Domicílio particular,,-0,,13,10,82410380
410690205050173,Urbano,AVENIDA WANDA WOLF,1400,CASA,,,SANTA FELICIDADE,,Domicílio particular,,-0,,13,10,82410380
410690205050173,Urbano,RUA SAN MARTIN,84,CASA,,,SANTA FELICIDADE,,Domicílio particular,,-0,,13,12,82410500
410690205050173,Urbano,RUA SAN MARTIN,74,CASA,,,SANTA FELICIDADE,,Domicílio particular,,-0,,13,12,82410500
410690205050173,Urbano,RUA SAN MARTIN,34,CASA,,,SANTA FELICIDADE,,Domicílio particular,,-0,,13,12,82410500
410690205050173,Urbano,RUA SAN MARTIN,24,CASA,,,SANTA FELICIDADE,,Domicílio particular,,-0,,13,12,82410500
410690205050173,Urbano,RUA SAN MARTIN,14,CASA,,,SANTA FELICIDADE,,Domicílio particular,,-0,,13,12,82410500
410690205050173,Urbano,RUA SAN MARTIN,4,CASA,,,SANTA FELICIDADE,,Domicílio particular,,-0,,13,12,82410500
410690205050173,Urbano,RUA VITORIA DA CONQUISTA,85,CASA,,,SANTA FELICIDADE,,Domicílio particular,,-0,,13,8,82410490
410690205050173,Urbano,RUA VITORIA DA CONQUISTA,75,CASA,,,SANTA FELICIDADE,,Domicílio particular,,-0,,13,8,82410490
410690205050173,Urbano,RUA VITORIA DA CONQUISTA,65,CASA,,,SANTA FELICIDADE,,Domicílio particular,,-0,,13,8,82410490
410690205050173,Urbano,RUA VITORIA DA CONQUISTA,45,CASA,,,SANTA FELICIDADE,,Domicílio particular,,-0,,13,8,82410490
410690205050173,Urbano,RUA VITORIA DA CONQUISTA,35,CASA,,,SANTA FELICIDADE,,Domicílio particular,,-0,,13,8,82410490
410690205050173,Urbano,RUA VITORIA DA CONQUISTA,25,CASA,,,SANTA FELICIDADE,,Domicílio particular,,-0,,13,8,82410490
410690205050173,Urbano,RUA VITORIA DA CONQUISTA,15,CASA,,,SANTA FELICIDADE,,Domicílio particular,,-0,,13,8,82410490
410690205050173,Urbano,RUA VITORIA DA CONQUISTA,5,CASA,,,SANTA FELICIDADE,,Domicílio particular,,-0,,13,8,82410490
410690205050173,Urbano,RUA SAN MARTIN,85,CASA,,,SANTA FELICIDADE,,Domicílio particular,,-0,,13,11,82410500
410690205050173,Urbano,RUA SAN MARTIN,75,CASA,,,SANTA FELICIDADE,,Domicílio particular,,-0,,13,11,82410500
410690205050173,Urbano,RUA SAN MARTIN,65,CASA,,,SANTA FELICIDADE,,Domicílio particular,,-0,,13,11,82410500
410690205050173,Urbano,RUA SAN MARTIN,45,CASA,,,SANTA FELICIDADE,,Domicílio particular,,-0,,13,11,82410500
410690205050173,Urbano,RUA SAN MARTIN,35,CASA,,,SANTA FELICIDADE,,Domicílio particular,,-0,,13,11,82410500
410690205050173,Urbano,RUA SAN MARTIN,25,CASA,,,SANTA FELICIDADE,,Domicílio particular,,-0,,13,11,82410500
410690205050173,Urbano,RUA SAN MARTIN,15,CASA,,,SANTA FELICIDADE,,Domicílio particular,,-0,,13,11,82410500
410690205050173,Urbano,RUA SAN MARTIN,5,CASA,,,SANTA FELICIDADE,,Domicílio particular,,-0,,13,11,82410500
410690205050173,Urbano,AVENIDA WANDA WOLF,1440,CASA,,,SANTA FELICIDADE,,Domicílio particular,,-0,,13,13,82410380
410690205050173,Urbano,AVENIDA WANDA WOLF,1442,CASA,,,SANTA FELICIDADE,,Domicílio particular,,-0,,13,13,82410380
410690205050173,Urbano,AVENIDA WANDA WOLF,1456,CASA,,,SANTA FELICIDADE,,Domicílio particular,,-0,,13,13,82410380
410690205050173,Urbano,RUA CARLOS MANFRON,85,CASA,,,SANTA FELICIDADE,,Domicílio particular,,-0,,13,14,82410510
410690205050173,Urbano,RUA CARLOS MANFRON,75,CASA,,,SANTA FELICIDADE,,Domicílio particular,,-0,,13,14,82410510
410690205050173,Urbano,RUA CARLOS MANFRON,65,CASA,,,SANTA FELICIDADE,,Domicílio particular,,-0,,13,14,82410510
410690205050173,Urbano,RUA CARLOS MANFRON,55,CASA,,,SANTA FELICIDADE,,Domicílio particular,,-0,,13,14,82410510
410690205050173,Urbano,RUA CARLOS MANFRON,45,CASA,,,SANTA FELICIDADE,,Domicílio particular,,-0,,13,14,82410510
410690205050173,Urbano,RUA VITORIA DA CONQUISTA,4,CASA,,,SANTA FELICIDADE,,Domicílio particular,,-0,,13,9,82410490
410690205050173,Urbano,RUA VITORIA DA CONQUISTA,14,CASA,,,SANTA FELICIDADE,,Domicílio particular,,-0,,13,9,82410490
410690205050173,Urbano,RUA VITORIA DA CONQUISTA,24,CASA,,,SANTA FELICIDADE,,Domicílio particular,,-0,,13,9,82410490
410690205050173,Urbano,RUA VITORIA DA CONQUISTA,34,CASA,,,SANTA FELICIDADE,,Domicílio particular,,-0,,13,9,82410490
410690205050173,Urbano,RUA VITORIA DA CONQUISTA,44,CASA,,,SANTA FELICIDADE,,Domicílio particular,,-0,,13,9,82410490
410690205050173,Urbano,RUA BENJAMIN MION,177,CASA 01,,,SANTA FELICIDADE,,Domicílio particular,,-0,,8,4,82410590
410690205050173,Urbano,RUA BENJAMIN MION,191,CASA A,,,SANTA FELICIDADE,,Domicílio particular,,-0,,8,4,82410590
410690205050173,Urbano,RUA BENJAMIN MION,191,CASA B,,,SANTA FELICIDADE,,Domicílio particular,,-0,,8,4,82410590
410690205050173,Urbano,AVENIDA WANDA WOLF,926,CASA,,,SANTA FELICIDADE,,Domicílio particular,,-0,,8,3,82410380
410690205050173,Urbano,AVENIDA WANDA WOLF,902,SOBRADO,,,SANTA FELICIDADE,,Domicílio particular,,-0,,8,3,82410380
410690205050173,Urbano,AVENIDA WANDA WOLF,890,SOBRADO 02,,,SANTA FELICIDADE,,Domicílio particular,,-0,,8,3,82410380
410690205050173,Urbano,AVENIDA WANDA WOLF,890,SOBRADO 01,,,SANTA FELICIDADE,,Domicílio particular,,-0,,8,3,82410380
410690205050173,Urbano,AVENIDA WANDA WOLF,870,SOBRADO 04,,,SANTA FELICIDADE,,Edificação em construção,,-0,,8,3,82410380
410690205050173,Urbano,AVENIDA WANDA WOLF,870,SOBRADO 03,,,SANTA FELICIDADE,,Edificação em construção,,-0,,8,3,82410380
410690205050173,Urbano,AVENIDA WANDA WOLF,870,SOBRADO 02,,,SANTA FELICIDADE,,Edificação em construção,,-0,,8,3,82410380
410690205050173,Urbano,AVENIDA WANDA WOLF,870,SOBRADO 01,,,SANTA FELICIDADE,,Edificação em construção,,-0,,8,3,82410380
410690205050173,Urbano,RUA FELISBERTO FIORE DORAZIO,198,,,,SANTA FELICIDADE,,Domicílio particular,,-0,,8,2,82410460
410690205050173,Urbano,RUA FELISBERTO FIORE DORAZIO,SN,CASA,,,SANTA FELICIDADE,,Edificação em construção,,-0,,8,2,82410460
410690205050173,Urbano,RUA FELISBERTO FIORE DORAZIO,184,CASA,,,SANTA FELICIDADE,,Domicílio particular,,-0,,8,2,82410460
410690205050173,Urbano,RUA FELISBERTO FIORE DORAZIO,172,CASA,,,SANTA FELICIDADE,,Domicílio particular,,-0,,8,2,82410460
410690205050173,Urbano,RUA FELISBERTO FIORE DORAZIO,132,CASA 02,,,SANTA FELICIDADE,,Domicílio particular,,-0,,8,2,82410460
410690205050173,Urbano,RUA FELISBERTO FIORE DORAZIO,132,CASA 01,,,SANTA FELICIDADE,,Domicílio particular,,-0,,8,2,82410460
410690205050173,Urbano,RUA FELISBERTO FIORE DORAZIO,120,CASA,,,SANTA FELICIDADE,,Domicílio particular,,-0,,8,2,82410460
410690205050173,Urbano,RUA FELISBERTO FIORE DORAZIO,106,CASA,,,SANTA FELICIDADE,,Domicílio particular,,-0,,8,2,82410460
410690205050173,Urbano,RUA DANTE BERTONI,49,CASA,,,SANTA FELICIDADE,,Domicílio particular,,-0,,8,1,82410680
410690205050173,Urbano,RUA DANTE BERTONI,61,CASA,,,SANTA FELICIDADE,,Domicílio particular,,-0,,8,1,82410680
410690205050173,Urbano,RUA DANTE BERTONI,83,CASA,,,SANTA FELICIDADE,,Domicílio particular,,-0,,8,1,82410680
410690205050173,Urbano,AVENIDA WANDA WOLF,978,CASA,,,SANTA FELICIDADE,,Domicílio particular,,-0,,7,3,82410380
410690205050173,Urbano,RUA BENJAMIN MION,202,CASA,,,SANTA FELICIDADE,,Domicílio particular,,-0,,7,2,82410590
410690205050173,Urbano,RUA BENJAMIN MION,190,CASA,,,SANTA FELICIDADE,,Domicílio particular,,-0,,7,2,82410590
410690205050173,Urbano,RUA BENJAMIN MION,176,CASA,,,SANTA FELICIDADE,,Domicílio particular,,-0,,7,2,82410590
410690205050173,Urbano,RUA BENJAMIN MION,164,CASA,,,SANTA FELICIDADE,,Domicílio particular,,-0,,7,2,82410590
410690205050173,Urbano,RUA BENJAMIN MION,136,CASA 01,,,SANTA FELICIDADE,,Domicílio particular,,-0,,7,2,82410590
410690205050173,Urbano,RUA BENJAMIN MION,124,CASA,,,SANTA FELICIDADE,,Domicílio particular,,-0,,7,2,82410590
410690205050173,Urbano,RUA DANTE BERTONI,150,SOBRADO 05,,,SANTA FELICIDADE,,Domicílio particular,,-0,,6,3,82410680
410690205050173,Urbano,RUA DANTE BERTONI,150,SOBRADO 04,,,SANTA FELICIDADE,,Domicílio particular,,-0,,6,3,82410680
410690205050173,Urbano,RUA DANTE BERTONI,150,SOBRADO 03,,,SANTA FELICIDADE,,Domicílio particular,,-0,,6,3,82410680
410690205050173,Urbano,RUA DANTE BERTONI,150,SOBRADO 02,,,SANTA FELICIDADE,,Domicílio particular,,-0,,6,3,82410680
410690205050173,Urbano,RUA DANTE BERTONI,150,SOBRADO 01,,,SANTA FELICIDADE,,Domicílio particular,,-0,,6,3,82410680
410690205050173,Urbano,RUA BENJAMIN MION,10,SOBRADO,,,SANTA FELICIDADE,,Domicílio particular,,-0,,6,2,82410590
410690205050173,Urbano,RUA DESEMBARGADOR EDSON N DE LACERDA,1063,SOBRADO,,,SANTA FELICIDADE,,Edificação em construção,,-0,,6,1,82410400
410690205050173,Urbano,RUA BENJAMIN MION,33,CASA FUNDOS,,,SANTA FELICIDADE,,Domicílio particular,,-0,,5,4,82410590
410690205050173,Urbano,RUA BENJAMIN MION,33,CASA,,,SANTA FELICIDADE,,Domicílio particular,,-0,,5,4,82410590
410690205050173,Urbano,RUA BENJAMIN MION,45,CASA,,,SANTA FELICIDADE,,Domicílio particular,,-0,,5,4,82410590
410690205050173,Urbano,RUA BENJAMIN MION,59,SOBRADO,,,SANTA FELICIDADE,,Domicílio particular,,-0,,5,4,82410590
410690205050173,Urbano,RUA FELISBERTO FIORE DORAZIO,68,CASA,,,SANTA FELICIDADE,,Domicílio particular,,-0,,5,2,82410460
410690205050173,Urbano,RUA DESEMBARGADOR EDSON N DE LACERDA,987,CASA 02,,,SANTA FELICIDADE,,Domicílio particular,,-0,,5,1,82410400
410690205050173,Urbano,RUA DESEMBARGADOR EDSON N DE LACERDA,987,CASA 01,,,SANTA FELICIDADE,,Domicílio particular,,-0,,5,1,82410400
410690205050173,Urbano,AVENIDA FREDOLIN WOLF,993,,,,SANTA FELICIDADE,,Estabelecimento de outras finalidades,CLUBE BOTAFOGO,Único,,3,6,82115000
410690205050173,Urbano,AVENIDA FREDOLIN WOLF,993,CASA,,,SANTA FELICIDADE,,Domicílio particular,,-0,,3,6,82115000
410690205050173,Urbano,AVENIDA FREDOLIN WOLF,3700,CASA,,,SANTA FELICIDADE,,Estabelecimento de outras finalidades,CONGREACAO RETIRO SEM MORADOR,Único,,3,6,82115000
410690205050173,Urbano,AVENIDA FREDOLIN WOLF,3700,CASA,,,SANTA FELICIDADE,,Domicílio particular,,-0,,3,6,82115000
410690205050173,Urbano,RUA PAPA ADRIANO IV,32,CASA,,,SANTA FELICIDADE,,Domicílio particular,,-0,,2,4,82410404
410690205050173,Urbano,RUA PAPA ADRIANO IV,273,CASA,,,SANTA FELICIDADE,,Domicílio particular,,-0,,2,4,82410404
410690205050173,Urbano,RUA PAPA ADRIANO IV,275,CASA 01,,,SANTA FELICIDADE,,Domicílio particular,,-0,,2,4,82410404
410690205050173,Urbano,RUA JUSTO MANFRON,225,,,,SANTA FELICIDADE,,Edificação em construção,,-0,,2,1,82410540
410690205050173,Urbano,RUA JUSTO MANFRON,254,CASA,,,SANTA FELICIDADE,,Domicílio particular,,-0,,2,1,82410540
410690205050173,Urbano,RUA JUSTO MANFRON,378,,,,SANTA FELICIDADE,,Estabelecimento de outras finalidades,BORRACHARIA,Único,,2,1,82410540
410690205050173,Urbano,RUA JUSTO MANFRON,378,CASA FUNDOS,,,SANTA FELICIDADE,,Domicílio particular,,-0,,2,1,82410540
410690205050173,Urbano,RUA JUSTO MANFRON,381,CASA 01,,,SANTA FELICIDADE,,Domicílio particular,,-0,,2,1,82410540
410690205050173,Urbano,RUA PAPA ADRIANO IV,100,CASA,,,SANTA FELICIDADE,,Domicílio particular,,-0,,1,3,82410404
410690205050173,Urbano,RUA PAPA ADRIANO IV,SN,CASA,,,SANTA FELICIDADE,,Domicílio particular,,-0,,1,3,82410404
410690205050173,Urbano,RUA PAPA ADRIANO IV,314,CASA,,,SANTA FELICIDADE,,Domicílio particular,,-0,,1,3,82410404
410690205050173,Urbano,RUA PAPA ADRIANO IV,SN,CASA 03,,,SANTA FELICIDADE,,Domicílio particular,,-0,,1,3,82410404
410690205050173,Urbano,RUA PAPA ADRIANO IV,SN,CASA 02,,,SANTA FELICIDADE,,Domicílio particular,,-0,,1,3,82410404
410690205050173,Urbano,RUA PAPA ADRIANO IV,SN,CASA 01,,,SANTA FELICIDADE,,Domicílio particular,,-0,,1,3,82410404
410690205050173,Urbano,RUA PAPA ADRIANO IV,131,CASA,,,SANTA FELICIDADE,,Domicílio particular,,-0,,1,3,82410404
410690205050173,Urbano,RUA PAPA ADRIANO IV,129,CASA,,,SANTA FELICIDADE,,Domicílio particular,,-0,,1,3,82410404
410690205050173,Urbano,RUA PAPA ADRIANO IV,128,CASA,,,SANTA FELICIDADE,,Domicílio particular,,-0,,1,3,82410404
410690205050173,Urbano,RUA JUSTO MANFRON,637,CASA,,,SANTA FELICIDADE,,Domicílio particular,,-0,,1,2,82410540
410690205050173,Urbano,RUA JUSTO MANFRON,4,CASA,,,SANTA FELICIDADE,,Domicílio particular,,-0,,1,2,82410540
410690205050173,Urbano,RUA JUSTO MANFRON,6,CASA,,,SANTA FELICIDADE,,Domicílio particular,,-0,,1,2,82410540
410690205050173,Urbano,RUA JUSTO MANFRON,729,CASA,,,SANTA FELICIDADE,,Estabelecimento de outras finalidades,IGREJA DA SAGRADA FAMILIA,Único,,1,2,82410540
410690205050173,Urbano,RUA JUSTO MANFRON,729,CASA,,,SANTA FELICIDADE,,Domicílio particular,,-0,,1,2,82410540
410690205050173,Urbano,RUA JUSTO MANFRON,823,CASA,,,SANTA FELICIDADE,,Domicílio particular,,-0,,1,2,82410540
410690205050173,Urbano,RUA JUSTO MANFRON,823,CASA,,,SANTA FELICIDADE,,Estabelecimento de outras finalidades,OFICINA DE BICICLETAS,Único,,1,2,82410540
410690205050173,Urbano,RUA JUSTO MANFRON,867,CASA,,,SANTA FELICIDADE,,Domicílio particular,,-0,,1,2,82410540
410690205050173,Urbano,RUA JUSTO MANFRON,915,CASA,,,SANTA FELICIDADE,,Domicílio particular,,-0,,1,2,82410540
410690205050173,Urbano,RUA JUSTO MANFRON,900,CASA,,,SANTA FELICIDADE,,Domicílio particular,,-0,,1,2,82410540
410690205050173,Urbano,RUA JUSTO MANFRON,683,CASA,,,SANTA FELICIDADE,,Domicílio particular,,-0,,1,2,82410540
410690205050173,Urbano,RUA JUSTO MANFRON,753,CASA,,,SANTA FELICIDADE,,Domicílio particular,,-0,,1,2,82410540
410690205050173,Urbano,RUA JUSTO MANFRON,859,CASA 02,,,SANTA FELICIDADE,,Domicílio particular,,-0,,1,2,82410540
410690205050173,Urbano,RUA JUSTO MANFRON,859,CASA 01,,,SANTA FELICIDADE,,Domicílio particular,,-0,,1,2,82410540
410690205050173,Urbano,RUA JUSTO MANFRON,SN,,,,SANTA FELICIDADE,,Estabelecimento de outras finalidades,IND FABRICACAO DE MOVEIS MARTINS,Único,,1,2,82410540
410690205050173,Urbano,RUA JUSTO MANFRON,1133,CASA,,,SANTA FELICIDADE,,Domicílio particular,,-0,,1,2,82410540
410690205050173,Urbano,RUA JUSTO MANFRON,1121,CASA,,,SANTA FELICIDADE,,Domicílio particular,,-0,,1,2,82410540
410690205050173,Urbano,RUA JUSTO MANFRON,1131,CASA,,,SANTA FELICIDADE,,Domicílio particular,,-0,,1,2,82410540
410690205050173,Urbano,RUA JUSTO MANFRON,1211,CASA,,,SANTA FELICIDADE,,Domicílio particular,,-0,,1,2,82410540
410690205050173,Urbano,RUA JUSTO MANFRON,1213,CASA,,,SANTA FELICIDADE,,Domicílio particular,,-0,,1,2,82410540
410690205050173,Urbano,RUA JUSTO MANFRON,1215,CASA 03,,,SANTA FELICIDADE,,Domicílio particular,,-0,,1,2,82410540
410690205050173,Urbano,RUA JUSTO MANFRON,1215,CASA 02,,,SANTA FELICIDADE,,Domicílio particular,,-0,,1,2,82410540
410690205050173,Urbano,RUA JUSTO MANFRON,1215,CASA 01,,,SANTA FELICIDADE,,Domicílio particular,,-0,,1,2,82410540
410690205050173,Urbano,RUA JUSTO MANFRON,1211,CASA 02,,,SANTA FELICIDADE,,Domicílio particular,,-0,,1,1,82410540
410690205050173,Urbano,RUA JUSTO MANFRON,1211,CASA 01,,,SANTA FELICIDADE,,Domicílio particular,,-0,,1,1,82410540
410690205050173,Urbano,RUA JUSTO MANFRON,531,CASA,,,SANTA FELICIDADE,,Domicílio particular,,-0,,1,1,82410540
410690205050173,Urbano,RUA JUSTO MANFRON,682,,,,SANTA FELICIDADE,,Estabelecimento de outras finalidades,INDUSTRIA DE CALHAS,Único,,1,1,82410540
410690205050173,Urbano,RUA JUSTO MANFRON,682,CASA,,,SANTA FELICIDADE,,Domicílio particular,,-0,,1,1,82410540
410690205050173,Urbano,RUA JUSTO MANFRON,185,CASA 03,,,SANTA FELICIDADE,,Domicílio particular,,-0,,1,1,82410540
410690205050173,Urbano,RUA JUSTO MANFRON,185,CASA 02,,,SANTA FELICIDADE,,Domicílio particular,,-0,,1,1,82410540
410690205050173,Urbano,RUA JUSTO MANFRON,185,CASA 01,,,SANTA FELICIDADE,,Domicílio particular,,-0,,1,1,82410540
410690205050173,Urbano,RUA JUSTO MANFRON,688,CASA,,,SANTA FELICIDADE,,Domicílio particular,,-0,,1,1,82410540
410690205050173,Urbano,RUA JUSTO MANFRON,1431,CASA,,,SANTA FELICIDADE,,Estabelecimento de outras finalidades,CASA DE FESTAS,Único,,1,1,82410540
410690205050173,Urbano,RUA JUSTO MANFRON,1431,CASA,,,SANTA FELICIDADE,,Domicílio particular,,-0,,1,1,82410540
410690205050173,Urbano,RUA JUSTO MANFRON,72,CASA 03,,,SANTA FELICIDADE,,Domicílio particular,,-0,,1,1,82410540
410690205050173,Urbano,RUA JUSTO MANFRON,72,CASA 02,,,SANTA FELICIDADE,,Domicílio particular,,-0,,1,1,82410540
410690205050173,Urbano,RUA JUSTO MANFRON,72,,,,SANTA FELICIDADE,,Estabelecimento de outras finalidades,BORRACHARIA,Único,,1,1,82410540
410690205050173,Urbano,RUA JUSTO MANFRON,72,CASA,,,SANTA FELICIDADE,,Domicílio particular,,-0,,1,1,82410540
410690205050173,Urbano,RUA JUSTO MANFRON,1667,CASA 02 CHACARA,,,SANTA FELICIDADE,,Domicílio particular,,-0,,1,1,82410540
410690205050173,Urbano,RUA JUSTO MANFRON,1667,CASA 01 CHACARA,,,SANTA FELICIDADE,,Domicílio particular,,-0,,1,1,82410540
410690205050173,Urbano,RUA JUSTO MANFRON,1669,CASA 04,,,SANTA FELICIDADE,,Domicílio particular,,-0,,1,1,82410540
410690205050173,Urbano,RUA JUSTO MANFRON,28,CASA 06,,,SANTA FELICIDADE,,Domicílio particular,,-0,,1,1,82410540
410690205050173,Urbano,RUA JUSTO MANFRON,28,CASA 05,,,SANTA FELICIDADE,,Domicílio particular,,-0,,1,1,82410540
410690205050173,Urbano,RUA JUSTO MANFRON,28,CASA 04,,,SANTA FELICIDADE,,Domicílio particular,,-0,,1,1,82410540
410690205050173,Urbano,RUA JUSTO MANFRON,28,CASA 03,,,SANTA FELICIDADE,,Domicílio particular,,-0,,1,1,82410540
410690205050173,Urbano,RUA JUSTO MANFRON,28,CASA 02,,,SANTA FELICIDADE,,Domicílio particular,,-0,,1,1,82410540
410690205050173,Urbano,RUA JUSTO MANFRON,28,CASA 01,,,SANTA FELICIDADE,,Domicílio particular,,-0,,1,1,82410540
410690205050173,Urbano,RUA JUSTO MANFRON,34,CASA,,,SANTA FELICIDADE,,Domicílio particular,,-0,,1,1,82410540
410690205050173,Urbano,RUA JUSTO MANFRON,78,CASA,,,SANTA FELICIDADE,,Domicílio particular,,-0,,1,1,82410540
410690205050173,Urbano,RUA JUSTO MANFRON,SN,,,,SANTA FELICIDADE,,Estabelecimento de ensino,ESCOLA INTERNACIONAL DE CURITIBA,Único,,1,1,82410540
410690205050173,Urbano,RUA VITORIA DA CONQUISTA,54,CASA,,,SANTA FELICIDADE,,Domicílio particular,,-0,,13,9,82410490
410690205050173,Urbano,RUA VITORIA DA CONQUISTA,64,CASA,,,SANTA FELICIDADE,,Domicílio particular,,-0,,13,9,82410490
410690205050173,Urbano,RUA VITORIA DA CONQUISTA,74,CASA,,,SANTA FELICIDADE,,Domicílio particular,,-0,,13,9,82410490
410690205050173,Urbano,RUA VITORIA DA CONQUISTA,84,CASA,,,SANTA FELICIDADE,,Domicílio particular,,-0,,13,9,82410490
410690205050173,Urbano,RUA VITORIA DA CONQUISTA,100,CASA,,,SANTA FELICIDADE,,Domicílio particular,,-0,,13,9,82410490
410690205050173,Urbano,AVENIDA WANDA WOLF,1342,CASA,,,SANTA FELICIDADE,,Domicílio particular,,-0,,13,7,82410380
410690205050173,Urbano,AVENIDA WANDA WOLF,1342,,,,SANTA FELICIDADE,,Estabelecimento de outras finalidades,LANCHONETE,Único,,13,7,82410380
410690205050173,Urbano,AVENIDA WANDA WOLF,1320,CASA,,,SANTA FELICIDADE,,Domicílio particular,,-0,,13,7,82410380
410690205050173,Urbano,AVENIDA WANDA WOLF,1340,CASA,,,SANTA FELICIDADE,,Domicílio particular,,-0,,13,7,82410380
410690205050173,Urbano,AVENIDA WANDA WOLF,1318,CASA,,,SANTA FELICIDADE,,Domicílio particular,,-0,,13,7,82410380
410690205050173,Urbano,RUA TRES CORACOES,4,CASA,,,SANTA FELICIDADE,,Domicílio particular,,-0,,13,6,82410480
410690205050173,Urbano,RUA TRES CORACOES,14,CASA,,,SANTA FELICIDADE,,Domicílio particular,,-0,,13,6,82410480
410690205050173,Urbano,RUA TRES CORACOES,24,CASA,,,SANTA FELICIDADE,,Domicílio particular,,-0,,13,6,82410480
410690205050173,Urbano,RUA TRES CORACOES,34,CASA,,,SANTA FELICIDADE,,Domicílio particular,,-0,,13,6,82410480
410690205050173,Urbano,RUA TRES CORACOES,44,CASA,,,SANTA FELICIDADE,,Domicílio particular,,-0,,13,6,82410480
410690205050173,Urbano,RUA TRES CORACOES,54,CASA,,,SANTA FELICIDADE,,Domicílio particular,,-0,,13,6,82410480
410690205050173,Urbano,RUA TRES CORACOES,64,CASA,,,SANTA FELICIDADE,,Domicílio particular,,-0,,13,6,82410480
410690205050173,Urbano,RUA TRES CORACOES,74,CASA,,,SANTA FELICIDADE,,Domicílio particular,,-0,,13,6,82410480
410690205050173,Urbano,RUA TRES CORACOES,84,CASA,,,SANTA FELICIDADE,,Domicílio particular,,-0,,13,6,82410480
410690205050173,Urbano,RUA TRES CORACOES,84,CASA,,,SANTA FELICIDADE,,Estabelecimento de outras finalidades,LAN HOUSE,Único,,13,6,82410480
410690205050173,Urbano,RUA TRES CORACOES,5,CASA,,,SANTA FELICIDADE,,Domicílio particular,,-0,,13,5,82410380
410690205050173,Urbano,RUA TRES CORACOES,15,CASA,,,SANTA FELICIDADE,,Domicílio particular,,-0,,13,5,82410380
410690205050173,Urbano,RUA TRES CORACOES,25,CASA,,,SANTA FELICIDADE,,Domicílio particular,,-0,,13,5,82410380
410690205050173,Urbano,RUA TRES CORACOES,35,CASA,,,SANTA FELICIDADE,,Domicílio particular,,-0,,13,5,82410380
410690205050173,Urbano,RUA TRES CORACOES,45,CASA,,,SANTA FELICIDADE,,Domicílio particular,,-0,,13,5,82410380
410690205050173,Urbano,RUA TRES CORACOES,55,CASA,,,SANTA FELICIDADE,,Domicílio particular,,-0,,13,5,82410380
410690205050173,Urbano,RUA TRES CORACOES,65,CASA,,,SANTA FELICIDADE,,Domicílio particular,,-0,,13,5,82410380
410690205050173,Urbano,RUA TRES CORACOES,75,CASA,,,SANTA FELICIDADE,,Domicílio particular,,-0,,13,5,82410380
410690205050173,Urbano,RUA TRES CORACOES,85,CASA,,,SANTA FELICIDADE,,Domicílio particular,,-0,,13,5,82410380
410690205050173,Urbano,AVENIDA WANDA WOLF,1288,CASA,,,SANTA FELICIDADE,,Domicílio particular,,-0,,13,4,82410380
410690205050173,Urbano,AVENIDA WANDA WOLF,1262,CASA,,,SANTA FELICIDADE,,Domicílio particular,,-0,,13,4,82410380
410690205050173,Urbano,RUA ANTONIO AUGUSTO FIORENZANO,4,CASA,,,SANTA FELICIDADE,,Domicílio particular,,-0,,13,3,82410600
410690205050173,Urbano,RUA ANTONIO AUGUSTO FIORENZANO,14,CASA,,,SANTA FELICIDADE,,Domicílio particular,,-0,,13,3,82410600
410690205050173,Urbano,RUA ANTONIO AUGUSTO FIORENZANO,24,CASA,,,SANTA FELICIDADE,,Domicílio particular,,-0,,13,3,82410600
410690205050173,Urbano,RUA ANTONIO AUGUSTO FIORENZANO,34,CASA,,,SANTA FELICIDADE,,Domicílio particular,,-0,,13,3,82410600
410690205050173,Urbano,RUA ANTONIO AUGUSTO FIORENZANO,44,CASA,,,SANTA FELICIDADE,,Domicílio particular,,-0,,13,3,82410600
410690205050173,Urbano,RUA ANTONIO AUGUSTO FIORENZANO,54,CASA,,,SANTA FELICIDADE,,Domicílio particular,,-0,,13,3,82410600
410690205050173,Urbano,RUA ANTONIO AUGUSTO FIORENZANO,64,CASA,,,SANTA FELICIDADE,,Domicílio particular,,-0,,13,3,82410600
410690205050173,Urbano,RUA ANTONIO AUGUSTO FIORENZANO,74,CASA,,,SANTA FELICIDADE,,Domicílio particular,,-0,,13,3,82410600
410690205050173,Urbano,RUA ANTONIO AUGUSTO FIORENZANO,169,FUNDOS,,,SANTA FELICIDADE,,Domicílio particular,,-0,,13,3,82410600
410690205050173,Urbano,RUA ANTONIO AUGUSTO FIORENZANO,84,CASA,,,SANTA FELICIDADE,,Domicílio particular,,-0,,13,3,82410600
410690205050173,Urbano,RUA ANTONIO AUGUSTO FIORENZANO,SN,,,,SANTA FELICIDADE,,Estabelecimento de outras finalidades,QUADRA DE FUTEBOL,Único,,13,2,82410600
410690205050173,Urbano,AVENIDA WANDA WOLF,1186,,,,SANTA FELICIDADE,,Estabelecimento de ensino,ESCOLA MUNICIPAL PROF SONIA KENSKI,Único,,13,1,82410380
410690205050173,Urbano,RUA BENJAMIN MION,237,CASA,,,SANTA FELICIDADE,,Domicílio particular,,-0,,11,4,82410590
410690205050173,Urbano,RUA BENJAMIN MION,251,CASA,,,SANTA FELICIDADE,,Domicílio particular,,-0,,11,4,82410590
410690205050173,Urbano,RUA BENJAMIN MION,265,CASA 02,,,SANTA FELICIDADE,,Domicílio particular,,-0,,11,4,82410590
410690205050173,Urbano,RUA BENJAMIN MION,265,CASA 01,,,SANTA FELICIDADE,,Domicílio particular,,-0,,11,4,82410590
410690205050173,Urbano,RUA BENJAMIN MION,277,CASA,,,SANTA FELICIDADE,,Domicílio particular,,-0,,11,4,82410590
410690205050173,Urbano,RUA BENJAMIN MION,291,SOBRADO 04,,,SANTA FELICIDADE,,Domicílio particular,,-0,,11,4,82410590
410690205050173,Urbano,RUA BENJAMIN MION,291,SOBRADO 03,,,SANTA FELICIDADE,,Domicílio particular,,-0,,11,4,82410590
410690205050173,Urbano,RUA BENJAMIN MION,291,SOBRADO 02,,,SANTA FELICIDADE,,Domicílio particular,,-0,,11,4,82410590
410690205050173,Urbano,RUA BENJAMIN MION,291,SOBRADO 01,,,SANTA FELICIDADE,,Domicílio particular,,-0,,11,4,82410590
410690205050173,Urbano,RUA BENJAMIN MION,305,CASA,,,SANTA FELICIDADE,,Domicílio particular,,-0,,11,4,82410590
410690205050173,Urbano,RUA BENJAMIN MION,317,CASA,,,SANTA FELICIDADE,,Domicílio particular,,-0,,11,4,82410590
410690205050173,Urbano,RUA BENJAMIN MION,329,CASA,,,SANTA FELICIDADE,,Domicílio particular,,-0,,11,4,82410590
410690205050173,Urbano,RUA BENJAMIN MION,32,CASA,,,SANTA FELICIDADE,,Domicílio particular,,-0,,11,4,82410590
410690205050173,Urbano,RUA CARLOS C MASTESICH,886,,,,SANTA FELICIDADE,,Estabelecimento de outras finalidades,MERCEARIA KI BARATO,Único,,11,3,82410370
410690205050173,Urbano,RUA CARLOS C MASTESICH,886,CASA,,,SANTA FELICIDADE,,Domicílio particular,,-0,,11,3,82410370
410690205050173,Urbano,RUA CARLOS C MASTESICH,864,CASA,,,SANTA FELICIDADE,,Domicílio particular,,-0,,11,3,82410370
410690205050173,Urbano,RUA CARLOS C MASTESICH,850,CASA,,,SANTA FELICIDADE,,Domicílio particular,,-0,,11,3,82410370
410690205050173,Urbano,RUA CARLOS C MASTESICH,830,CASA,,,SANTA FELICIDADE,,Domicílio particular,,-0,,11,3,82410370
410690205050173,Urbano,RUA FELISBERTO FIORE DORAZIO,340,CASA 02,,,SANTA FELICIDADE,,Domicílio particular,,-0,,11,2,82410460
410690205050173,Urbano,RUA FELISBERTO FIORE DORAZIO,340,CASA 01,,,SANTA FELICIDADE,,Domicílio particular,,-0,,11,2,82410460
410690205050173,Urbano,RUA FELISBERTO FIORE DORAZIO,316,SOBRADO 01,,,SANTA FELICIDADE,,Domicílio particular,,-0,,11,2,82410460
410690205050173,Urbano,RUA FELISBERTO FIORE DORAZIO,302,SOBRADO 01,,,SANTA FELICIDADE,,Domicílio particular,,-0,,11,2,82410460
410690205050173,Urbano,RUA FELISBERTO FIORE DORAZIO,290,CASA 01,,,SANTA FELICIDADE,,Domicílio particular,,-0,,11,2,82410460
410690205050173,Urbano,RUA FELISBERTO FIORE DORAZIO,262,CASA 02,,,SANTA FELICIDADE,,Domicílio particular,,-0,,11,2,82410460
410690205050173,Urbano,RUA FELISBERTO FIORE DORAZIO,262,CASA 01,,,SANTA FELICIDADE,,Domicílio particular,,-0,,11,2,82410460
410690205050173,Urbano,RUA FELISBERTO FIORE DORAZIO,248,CASA,,,SANTA FELICIDADE,,Domicílio particular,,-0,,11,2,82410460
410690205050173,Urbano,AVENIDA WANDA WOLF,863,CASA,,,SANTA FELICIDADE,,Domicílio particular,,-0,,11,1,82410380
410690205050173,Urbano,AVENIDA WANDA WOLF,889,CASA,,,SANTA FELICIDADE,,Domicílio particular,,-0,,11,1,82410380
410690205050173,Urbano,AVENIDA WANDA WOLF,901,CASA,,,SANTA FELICIDADE,,Domicílio particular,,-0,,11,1,82410380
410690205050173,Urbano,AVENIDA WANDA WOLF,921,CASA,,,SANTA FELICIDADE,,Domicílio particular,,-0,,11,1,82410380
410690205050173,Urbano,RUA FELISBERTO FIORE DORAZIO,263,CASA 01,,,SANTA FELICIDADE,,Domicílio particular,,-0,,10,4,82410460
410690205050173,Urbano,RUA FELISBERTO FIORE DORAZIO,277,CASA,,,SANTA FELICIDADE,,Domicílio particular,,-0,,10,4,82410460
410690205050173,Urbano,RUA FELISBERTO FIORE DORAZIO,291,SOBRADO,,,SANTA FELICIDADE,,Domicílio particular,,-0,,10,4,82410460
410690205050173,Urbano,RUA FELISBERTO FIORE DORAZIO,297,SOBRADO A,,,SANTA FELICIDADE,,Domicílio particular,,-0,,10,4,82410460
410690205050173,Urbano,RUA FELISBERTO FIORE DORAZIO,317,CASA,,,SANTA FELICIDADE,,Domicílio particular,,-0,,10,4,82410460
410690205050173,Urbano,RUA FELISBERTO FIORE DORAZIO,329,CASA,,,SANTA FELICIDADE,,Domicílio particular,,-0,,10,4,82410460
410690205050173,Urbano,RUA FELISBERTO FIORE DORAZIO,341,CASA,,,SANTA FELICIDADE,,Domicílio particular,,-0,,10,4,82410460
410690205050173,Urbano,RUA CARLOS C MASTESICH,776,CASA 04,,,SANTA FELICIDADE,,Domicílio particular,,-0,,10,3,82410370
410690205050173,Urbano,RUA CARLOS C MASTESICH,776,CASA 03,,,SANTA FELICIDADE,,Domicílio particular,,-0,,10,3,82410370
410690205050173,Urbano,RUA CARLOS C MASTESICH,776,CASA 02,,,SANTA FELICIDADE,,Domicílio particular,,-0,,10,3,82410370
410690205050173,Urbano,RUA CARLOS C MASTESICH,776,CASA 01,,,SANTA FELICIDADE,,Domicílio particular,,-0,,10,3,82410370
410690205050173,Urbano,RUA CARLOS C MASTESICH,756,CASA,,,SANTA FELICIDADE,,Domicílio particular,,-0,,10,3,82410370
410690205050173,Urbano,RUA CARLOS C MASTESICH,744,CASA,,,SANTA FELICIDADE,,Domicílio particular,,-0,,10,3,82410370
410690205050173,Urbano,RUA CARLOS C MASTESICH,726,CASA,,,SANTA FELICIDADE,,Domicílio particular,,-0,,10,3,82410370
410690205050173,Urbano,RUA DEPUTADO CARLOS RENNE EGG,360,CASA,,,SANTA FELICIDADE,,Domicílio particular,,-0,,10,2,82410450
410690205050173,Urbano,RUA DEPUTADO CARLOS RENNE EGG,346,CASA,,,SANTA FELICIDADE,,Domicílio particular,,-0,,10,2,82410450
410690205050173,Urbano,RUA DEPUTADO CARLOS RENNE EGG,334,CASA,,,SANTA FELICIDADE,,Domicílio particular,,-0,,10,2,82410450
410690205050173,Urbano,RUA DEPUTADO CARLOS RENNE EGG,324,CASA,,,SANTA FELICIDADE,,Domicílio particular,,-0,,10,2,82410450
410690205050173,Urbano,RUA DEPUTADO CARLOS RENNE EGG,310,CASA,,,SANTA FELICIDADE,,Domicílio particular,,-0,,10,2,82410450
410690205050173,Urbano,RUA DEPUTADO CARLOS RENNE EGG,296,CASA,,,SANTA FELICIDADE,,Domicílio particular,,-0,,10,2,82410450
410690205050173,Urbano,RUA DEPUTADO CARLOS RENNE EGG,284,CASA,,,SANTA FELICIDADE,,Domicílio particular,,-0,,10,2,82410450
410690205050173,Urbano,RUA DEPUTADO CARLOS RENNE EGG,270,CASA,,,SANTA FELICIDADE,,Domicílio particular,,-0,,10,2,82410450
410690205050173,Urbano,AVENIDA WANDA WOLF,759,SOBRADO 04,,,SANTA FELICIDADE,,Domicílio particular,,-0,,10,1,82410380
410690205050173,Urbano,AVENIDA WANDA WOLF,759,SOBRADO 03,,,SANTA FELICIDADE,,Domicílio particular,,-0,,10,1,82410380
410690205050173,Urbano,AVENIDA WANDA WOLF,759,SOBRADO 02,,,SANTA FELICIDADE,,Domicílio particular,,-0,,10,1,82410380
410690205050173,Urbano,AVENIDA WANDA WOLF,759,SOBRADO 01,,,SANTA FELICIDADE,,Domicílio particular,,-0,,10,1,82410380
410690205050173,Urbano,AVENIDA WANDA WOLF,785,CASA,,,SANTA FELICIDADE,,Domicílio particular,,-0,,10,1,82410380
410690205050173,Urbano,AVENIDA WANDA WOLF,787,SOBRADO 04,,,SANTA FELICIDADE,,Domicílio particular,,-0,,10,1,82410380
410690205050173,Urbano,AVENIDA WANDA WOLF,787,SOBRADO 03,,,SANTA FELICIDADE,,Domicílio particular,,-0,,10,1,82410380
410690205050173,Urbano,AVENIDA WANDA WOLF,787,SOBRADO 02,,,SANTA FELICIDADE,,Domicílio particular,,-0,,10,1,82410380
410690205050173,Urbano,AVENIDA WANDA WOLF,787,SOBRADO 01,,,SANTA FELICIDADE,,Domicílio particular,,-0,,10,1,82410380
410690205050173,Urbano,RUA FELISBERTO FIORE DORAZIO,183,SOBRADO 03,,,SANTA FELICIDADE,,Domicílio particular,,-0,,9,4,82410460
410690205050173,Urbano,RUA FELISBERTO FIORE DORAZIO,183,SOBRADO 02,,,SANTA FELICIDADE,,Domicílio particular,,-0,,9,4,82410460
410690205050173,Urbano,RUA FELISBERTO FIORE DORAZIO,183,SOBRADO 01,,,SANTA FELICIDADE,,Domicílio particular,,-0,,9,4,82410460
410690205050173,Urbano,RUA FELISBERTO FIORE DORAZIO,197,CASA,,,SANTA FELICIDADE,,Domicílio particular,,-0,,9,4,82410460
410690205050173,Urbano,AVENIDA WANDA WOLF,816,SOBRADO 04,,,SANTA FELICIDADE,,Domicílio particular,,-0,,9,3,82410380
410690205050173,Urbano,AVENIDA WANDA WOLF,816,SOBRADO 03,,,SANTA FELICIDADE,,Domicílio particular,,-0,,9,3,82410380
410690205050173,Urbano,AVENIDA WANDA WOLF,816,SOBRADO 02,,,SANTA FELICIDADE,,Domicílio particular,,-0,,9,3,82410380
410690205050173,Urbano,AVENIDA WANDA WOLF,816,SOBRADO 01,,,SANTA FELICIDADE,,Domicílio particular,,-0,,9,3,82410380
410690205050173,Urbano,AVENIDA WANDA WOLF,794,SOBRADO,,,SANTA FELICIDADE,,Domicílio particular,,-0,,9,3,82410380
410690205050173,Urbano,AVENIDA WANDA WOLF,760,SOBRADO 04,,,SANTA FELICIDADE,,Domicílio particular,,-0,,9,3,82410380
410690205050173,Urbano,AVENIDA WANDA WOLF,760,SOBRADO 03,,,SANTA FELICIDADE,,Domicílio particular,,-0,,9,3,82410380
410690205050173,Urbano,AVENIDA WANDA WOLF,760,SOBRADO 02,,,SANTA FELICIDADE,,Domicílio particular,,-0,,9,3,82410380
410690205050173,Urbano,AVENIDA WANDA WOLF,760,SOBRADO 01,,,SANTA FELICIDADE,,Domicílio particular,,-0,,9,3,82410380
410690205050173,Urbano,RUA DEPUTADO CARLOS RENNE EGG,206,CASA 02,,,SANTA FELICIDADE,,Domicílio particular,,-0,,9,2,82410450
410690205050173,Urbano,RUA DEPUTADO CARLOS RENNE EGG,206,CASA 01,,,SANTA FELICIDADE,,Domicílio particular,,-0,,9,2,82410450
410690205050173,Urbano,RUA DEPUTADO CARLOS RENNE EGG,192,CASA,,,SANTA FELICIDADE,,Domicílio particular,,-0,,9,2,82410450
410690205050173,Urbano,RUA DEPUTADO CARLOS RENNE EGG,175,CASA,,,SANTA FELICIDADE,,Domicílio particular,,-0,,9,2,82410450
410690205050173,Urbano,RUA NANCY MARIA ANAD,SN,CASA,,,SANTA FELICIDADE,,Domicílio particular,,-0,,9,1,82410252
410690205050173,Urbano,RUA NANCY MARIA ANAD,27,CASA 02,,,SANTA FELICIDADE,,Domicílio particular,,-0,,9,1,82410252
410690205050173,Urbano,RUA NANCY MARIA ANAD,27,CASA 01,,,SANTA FELICIDADE,,Domicílio particular,,-0,,9,1,82410252
410690205050173,Urbano,RUA NANCY MARIA ANAD,49,CASA,,,SANTA FELICIDADE,,Domicílio particular,,-0,,9,1,82410252
410690205050173,Urbano,RUA NANCY MARIA ANAD,61,CASA,,,SANTA FELICIDADE,,Domicílio particular,,-0,,9,1,82410252
410690205050173,Urbano,RUA BENJAMIN MION,97,SOBRADO,,,SANTA FELICIDADE,,Domicílio particular,,-0,,8,4,82410590
410690205050173,Urbano,RUA BENJAMIN MION,111,SOBRADO 02,,,SANTA FELICIDADE,,Domicílio particular,,-0,,8,4,82410590
410690205050173,Urbano,RUA BENJAMIN MION,111,SOBRADO 01,,,SANTA FELICIDADE,,Domicílio particular,,-0,,8,4,82410590
410690205050173,Urbano,RUA BENJAMIN MION,125,,,,SANTA FELICIDADE,,Domicílio particular,,-0,,8,4,82410590
410690205050173,Urbano,RUA BENJAMIN MION,137,CASA,,,SANTA FELICIDADE,,Domicílio particular,,-0,,8,4,82410590
410690205050173,Urbano,RUA BENJAMIN MION,151,,,,SANTA FELICIDADE,,Domicílio particular,,-0,,8,4,82410590
410690205050173,Urbano,RUA BENJAMIN MION,165,CASA,,,SANTA FELICIDADE,,Domicílio particular,,-0,,8,4,82410590
410690205050173,Urbano,RUA BENJAMIN MION,177,CASA 03,,,SANTA FELICIDADE,,Domicílio particular,,-0,,8,4,82410590
410690205050173,Urbano,RUA BENJAMIN MION,177,CASA 02,,,SANTA FELICIDADE,,Domicílio particular,,-0,,8,4,82410590
410690205050173,Urbano,RUA CARLOS MANFRON,35,CASA,,,SANTA FELICIDADE,,Domicílio particular,,-0,,13,14,82410510
410690205050173,Urbano,RUA CARLOS MANFRON,25,CASA,,,SANTA FELICIDADE,,Domicílio particular,,-0,,13,14,82410510
410690205050173,Urbano,RUA CARLOS MANFRON,15,CASA,,,SANTA FELICIDADE,,Domicílio particular,,-0,,13,14,82410510
410690205050173,Urbano,RUA CARLOS MANFRON,5,CASA,,,SANTA FELICIDADE,,Domicílio particular,,-0,,13,14,82410510
410690205050173,Urbano,AVENIDA DOUTOR EUGENIO BERTOLLI,3900,,,,SANTA FELICIDADE,,Estabelecimento de ensino,ESCOLA INTERNACIONAL DE CURITIBA,Único,,13,15,82410530
410690205050173,Urbano,RUA NANCY MARIA ANAD,81,SOBRADO 4,,,SANTA FELICIDADE,,Domicílio particular,,-0,,9,1,82410252
410690205050173,Urbano,RUA NANCY MARIA ANAD,81,SOBRADO 3,,,SANTA FELICIDADE,,Domicílio particular,,-0,,9,1,82410252
410690205050173,Urbano,RUA NANCY MARIA ANAD,81,SOBRADO 2,,,SANTA FELICIDADE,,Domicílio particular,,-0,,9,1,82410252
410690205050173,Urbano,RUA NANCY MARIA ANAD,81,SOBRADO 1,,,SANTA FELICIDADE,,Domicílio particular,,-0,,9,1,82410252
410690205050173,Urbano,AVENIDA WANDA WOLF,780,CASA,,,SANTA FELICIDADE,,Domicílio particular,,-0,,9,3,82410380
410690205050173,Urbano,RUA DANTE BERTONI,62,CASA,,,SANTA FELICIDADE,,Domicílio particular,,-0,,5,3,82410680
410690205050173,Urbano,AVENIDA WANDA WOLF,890,CASA 3,,,SANTA FELICIDADE,,Domicílio particular,,-0,,8,3,82410380
410690205050173,Urbano,RUA FELISBERTO FIORE DORAZIO,198,CASA FUNDOS,,,SANTA FELICIDADE,,Domicílio particular,,-0,,8,2,82410460
410690205050173,Urbano,RUA FELISBERTO FIORE DORAZIO,146,CASA,,,SANTA FELICIDADE,,Domicílio particular,,-0,,8,2,82410460
410690205050173,Urbano,RUA DANTE BERTONI,106,CASA,,,SANTA FELICIDADE,,Domicílio particular,,-0,,8,1,82410680
410690205050173,Urbano,RUA DANTE BERTONI,83,CASA B,,,SANTA FELICIDADE,,Domicílio particular,,-0,,8,1,82410680
410690205050173,Urbano,AVENIDA WANDA WOLF,978,CASA B,,,SANTA FELICIDADE,,Domicílio particular,,-0,,7,3,82410380
410690205050173,Urbano,RUA BENJAMIN MION,150,CASA,,,SANTA FELICIDADE,,Domicílio particular,,-0,,7,2,82410590
410690205050173,Urbano,RUA BENJAMIN MION,110,CASA 1,,,SANTA FELICIDADE,,Domicílio particular,,-0,,7,2,82410590
410690205050173,Urbano,RUA BENJAMIN MION,110,CASA 2,,,SANTA FELICIDADE,,Domicílio particular,,-0,,7,2,82410590
410690205050173,Urbano,RUA BENJAMIN MION,110,CASA 3,,,SANTA FELICIDADE,,Domicílio particular,,-0,,7,2,82410590
410690205050173,Urbano,RUA CARLOS C MASTESICH,886,CAIS 3,,,SANTA FELICIDADE,,Domicílio particular,,-0,,11,3,82410370
410690205050173,Urbano,RUA CARLOS C MASTESICH,886,CASA 4,,,SANTA FELICIDADE,,Domicílio particular,,-0,,11,3,82410370
410690205050173,Urbano,RUA CARLOS C MASTESICH,886,CASA 2,,,SANTA FELICIDADE,,Domicílio particular,,-0,,11,3,82410370
410690205050173,Urbano,RUA FELISBERTO FIORE DORAZIO,260,CASA 1,,,SANTA FELICIDADE,,Domicílio particular,,-0,,11,2,82410460
410690205050173,Urbano,RUA FELISBERTO FIORE DORAZIO,260,CASA 2,,,SANTA FELICIDADE,,Domicílio particular,,-0,,11,2,82410460
410690205050173,Urbano,RUA FELISBERTO FIORE DORAZIO,328,CASA,,,SANTA FELICIDADE,,Domicílio particular,,-0,,11,2,82410460
410690205050173,Urbano,RUA DESEMBARGADOR EDSON N DE LACERDA,SN,BARRACAO,,,SANTA FELICIDADE,,Domicílio particular,,-0,,12,3,82410400
410690205050173,Urbano,RUA PAPA PIO VIII,280,,,,SANTA FELICIDADE,,Domicílio particular,,-0,,3,5,82410402
410690205050173,Urbano,RUA PAPA PIO VIII,280,BARRACAO,,,SANTA FELICIDADE,,Estabelecimento de outras finalidades,OFICINA DE FABRICACAO DE MOVEIS,Único,,3,5,82410402
410690205050173,Urbano,RUA PAPA PIO VIII,150,CASA B,,,SANTA FELICIDADE,,Domicílio particular,,-0,,3,5,82410402
410690205050173,Urbano,RUA PAPA ADRIANO IV,110,CASA,,,SANTA FELICIDADE,,Domicílio particular,,-0,,1,3,82410404
410690205050173,Urbano,RUA PAPA ADRIANO IV,100,CAIS,,,SANTA FELICIDADE,,Domicílio particular,,-0,,1,3,82410404
410690205050173,Urbano,RUA JUSTO MANFRON,378,CASA FUNDOS 2,,,SANTA FELICIDADE,,Domicílio particular,,-0,,2,1,82410540
410690205050173,Urbano,RUA JUSTO MANFRON,729,CASA B,,,SANTA FELICIDADE,,Domicílio particular,,-0,,1,2,82410540
410690205050173,Urbano,RUA JUSTO MANFRON,857,CASA,,,SANTA FELICIDADE,,Domicílio particular,,-0,,1,2,82410540
410690205050173,Urbano,RUA JUSTO MANFRON,1217,CASA 1,,,SANTA FELICIDADE,,Domicílio particular,,-0,,1,2,82410540
410690205050173,Urbano,RUA JUSTO MANFRON,1215,CASA 7,,,SANTA FELICIDADE,,Domicílio particular,,-0,,1,2,82410540
410690205050173,Urbano,RUA JUSTO MANFRON,1161,CASA,,,SANTA FELICIDADE,,Domicílio particular,,-0,,1,2,82410540
410690205050173,Urbano,RUA JUSTO MANFRON,SN,SOBRADO,,,SANTA FELICIDADE,,Edificação em construção,,-0,,1,2,82410540
410690205050173,Urbano,RUA JUSTO MANFRON,955,CASA FUNDOS,,,SANTA FELICIDADE,,Domicílio particular,,-0,,1,2,82410540
410690205050173,Urbano,RUA PAPA ADRIANO IV,314,CASA B,,,SANTA FELICIDADE,,Domicílio particular,,-0,,1,3,82410404
410690205050173,Urbano,RUA PAPA PIO VIII,3,CASA B,,,SANTA FELICIDADE,,Domicílio particular,,-0,,2,3,82410402
410690205050173,Urbano,RUA JUSTO MANFRON,1779,CONJUNTO CONDOMINIO,,,SANTA FELICIDADE,,Edificação em construção,,-0,,1,1,82410540
410690205050173,Urbano,RUA PAPA PIO VIII,3,CASA,,,SANTA FELICIDADE,,Domicílio particular,,-0,,2,3,82410402
410690205050173,Urbano,RUA PAPA PIO VIII,5,CASA,,,SANTA FELICIDADE,,Domicílio particular,,-0,,2,3,82410402
410690205050173,Urbano,RUA PAPA PIO VIII,7,CASA,,,SANTA FELICIDADE,,Domicílio particular,,-0,,2,3,82410402
410690205050173,Urbano,RUA JUSTO MANFRON,379,CASA FUNDOS,,,SANTA FELICIDADE,,Domicílio particular,,-0,,2,1,82410540
410690205050173,Urbano,RUA JUSTO MANFRON,379,CASA FRENTE,,,SANTA FELICIDADE,,Domicílio particular,,-0,,2,1,82410540
410690205050173,Urbano,RUA JUSTO MANFRON,91,CASA 911,,,SANTA FELICIDADE,,Domicílio particular,,-0,,2,1,82410540
410690205050173,Urbano,AVENIDA DOUTOR EUGENIO BERTOLLI,192,CHACARA,,,SANTA FELICIDADE,,Domicílio particular,,-0,,13,15,82410530
410690205050173,Urbano,AVENIDA DOUTOR EUGENIO BERTOLLI,2005,CASA,,,SANTA FELICIDADE,,Domicílio particular,,-0,,13,15,82410530
410690205050173,Urbano,RUA SAN MARTIN,84,CASA FUNDOS,,,SANTA FELICIDADE,,Domicílio particular,,-0,,13,12,82410500
410690205050173,Urbano,RUA SAN MARTIN,64,CASA,,,SANTA FELICIDADE,,Domicílio particular,,-0,,13,12,82410500
410690205050173,Urbano,RUA SAN MARTIN,203,CASA 203,,,SANTA FELICIDADE,,Domicílio particular,,-0,,13,12,82410500
410690205050173,Urbano,RUA SAN MARTIN,193,CASA,,,SANTA FELICIDADE,,Domicílio particular,,-0,,13,12,82410500
410690205050173,Urbano,RUA SAN MARTIN,55,CASA 55,,,SANTA FELICIDADE,,Domicílio particular,,-0,,13,11,82410500
410690205050173,Urbano,RUA VITORIA DA CONQUISTA,45,CASA FRENTE,,,SANTA FELICIDADE,,Domicílio particular,,-0,,13,8,82410490
410690205050173,Urbano,RUA VITORIA DA CONQUISTA,55,CAIS,,,SANTA FELICIDADE,,Domicílio particular,,-0,,13,8,82410490
410690205050173,Urbano,RUA VITORIA DA CONQUISTA,75,CASA FUNDOS,,,SANTA FELICIDADE,,Domicílio particular,,-0,,13,8,82410490
410690205050173,Urbano,AVENIDA WANDA WOLF,1276,CASA,,,SANTA FELICIDADE,,Domicílio particular,,-0,,13,4,82410380
410690205050173,Urbano,RUA PAPA PIO VIII,280,CASA 1,,,SANTA FELICIDADE,,Domicílio particular,,-0,,3,5,82410402
410690205050173,Urbano,RUA PAPA PIO VIII,280,CASA 8,,,SANTA FELICIDADE,,Domicílio particular,,-0,,3,5,82410402
410690205050173,Urbano,RUA PAPA PIO VIII,150,CASA FRENTE,,,SANTA FELICIDADE,,Domicílio particular,,-0,,3,5,82410402
410690205050173,Urbano,RUA PAPA PIO VIII,150,CASA C,,,SANTA FELICIDADE,,Domicílio particular,,-0,,3,5,82410402
410690205050173,Urbano,RUA PAPA PIO VIII,150,CASA A,,,SANTA FELICIDADE,,Domicílio particular,,-0,,3,5,82410402
