Código da unidade geográfica,Situação do setor,Logradouro,Número no logradouro,Complemento,Latitude,Longitude,Localidade,Ponto de referência,Espécie de endereço,Tipo de estabelecimento,Indicador de endereço,Identificação domicílio coletivo,Número da quadra,Número da face,CEP
410690205050144,Urbano,RUA ANGELO SLOMPO,SN,,,,SANTA FELICIDADE,,Domicílio particular,,-0,,1,1,82020480
410690205050144,Urbano,RUA ANGELO SLOMPO,220,,,,SANTA FELICIDADE,,Domicílio particular,,-0,,1,1,82020480
410690205050144,Urbano,RUA ANGELO SLOMPO,SN,,,,SANTA FELICIDADE,,Domicílio particular,,-0,,1,1,82020480
410690205050144,Urbano,RUA ANGELO SLOMPO,132,,,,SANTA FELICIDADE,,Domicílio particular,,-0,,1,1,82020480
410690205050144,Urbano,RUA ANGELO SLOMPO,SN,,,,SANTA FELICIDADE,,Estabelecimento de outras finalidades,COMERCIO BEBIDAS,Único,,1,1,82020480
410690205050144,Urbano,RUA ANGELO SLOMPO,SN,,,,SANTA FELICIDADE,,Domicílio particular,,-0,,1,1,82020480
410690205050144,Urbano,RUA ANGELO SLOMPO,162,,,,SANTA FELICIDADE,,Estabelecimento de outras finalidades,AQUARIUM FAUNA E FLORA,Múltiplo,,1,1,82020480
410690205050144,Urbano,RUA ANGELO SLOMPO,154,,,,SANTA FELICIDADE,,Domicílio particular,,-0,,1,1,82020480
410690205050144,Urbano,RUA ANGELO SLOMPO,182,FRENTE,,,SANTA FELICIDADE,,Domicílio particular,,-0,,1,1,82020480
410690205050144,Urbano,RUA ANGELO SLOMPO,182,FUNDOS,,,SANTA FELICIDADE,,Domicílio particular,,-0,,1,1,82020480
410690205050144,Urbano,RUA ANGELO SLOMPO,4067,FRENTE,,,SANTA FELICIDADE,,Edificação em construção,,-0,,1,1,82020480
410690205050144,Urbano,RUA ANGELO SLOMPO,4067,FUNDOS,,,SANTA FELICIDADE,,Domicílio particular,,-0,,1,1,82020480
410690205050144,Urbano,RUA ANGELO SLOMPO,240,,,,SANTA FELICIDADE,,Domicílio particular,,-0,,1,1,82020480
410690205050144,Urbano,RUA ANGELO SLOMPO,240,FRENTE,,,SANTA FELICIDADE,,Domicílio particular,,-0,,1,1,82020480
410690205050144,Urbano,RUA ANGELO SLOMPO,240,FUNDOS,,,SANTA FELICIDADE,,Domicílio particular,,-0,,1,1,82020480
410690205050144,Urbano,RUA ANGELO SLOMPO,92,,,,SANTA FELICIDADE,,Domicílio particular,,-0,,1,1,82020480
410690205050144,Urbano,RUA ANGELO SLOMPO,96,,,,SANTA FELICIDADE,,Domicílio particular,,-0,,1,1,82020480
410690205050144,Urbano,RUA ANGELO SLOMPO,76,,,,SANTA FELICIDADE,,Domicílio particular,,-0,,1,1,82020480
410690205050144,Urbano,RUA ANGELO SLOMPO,35,,,,SANTA FELICIDADE,,Estabelecimento de outras finalidades,CASA DE VINHOS,Único,,1,1,82020480
410690205050144,Urbano,RUA ANGELO SLOMPO,15,,,,SANTA FELICIDADE,,Domicílio particular,,-0,,1,1,82020480
410690205050144,Urbano,RUA ANGELO SLOMPO,14,,,,SANTA FELICIDADE,,Domicílio particular,,-0,,1,1,82020480
410690205050144,Urbano,AVENIDA MANOEL RIBAS,5712,,,,SANTA FELICIDADE,,Estabelecimento de outras finalidades,ARTESANATO,Único,,1,4,82020000
410690205050144,Urbano,AVENIDA MANOEL RIBAS,5734,,,,SANTA FELICIDADE,,Estabelecimento de outras finalidades,RESTAURANTE SICILIANO,Único,,1,4,82020000
410690205050144,Urbano,AVENIDA MANOEL RIBAS,5760,LOJA 1,,,SANTA FELICIDADE,,Estabelecimento de outras finalidades,ROUPAS VENDA,Único,,1,4,82020000
410690205050144,Urbano,AVENIDA MANOEL RIBAS,5760,LOJA 2,,,SANTA FELICIDADE,,Estabelecimento de outras finalidades,LOJA DE ROUPAS,Único,,1,4,82020000
410690205050144,Urbano,AVENIDA MANOEL RIBAS,5760,SOBRELOJA,,,SANTA FELICIDADE,,Estabelecimento de outras finalidades,IMOBILIARIA,Único,,1,4,82020000
410690205050144,Urbano,AVENIDA MANOEL RIBAS,5764,LOTE,,,SANTA FELICIDADE,,Estabelecimento de outras finalidades,TORRE,Único,,1,4,82020000
410690205050144,Urbano,AVENIDA MANOEL RIBAS,5774,,,,SANTA FELICIDADE,,Domicílio particular,,-0,,1,4,82020000
410690205050144,Urbano,AVENIDA MANOEL RIBAS,5788,TERREO,,,SANTA FELICIDADE,,Estabelecimento de outras finalidades,BANCO SANTANDER,Único,,1,4,82020000
410690205050144,Urbano,AVENIDA MANOEL RIBAS,5788,SOBRELOJA,,,SANTA FELICIDADE,,Estabelecimento de outras finalidades,ODONTO E ADVOCACIA,Único,,1,4,82020000
410690205050144,Urbano,AVENIDA MANOEL RIBAS,5800,,,,SANTA FELICIDADE,,Estabelecimento de outras finalidades,RESTAURANTE PORTAL,Único,,1,4,82020000
410690205050144,Urbano,AVENIDA MANOEL RIBAS,5824,,,,SANTA FELICIDADE,,Estabelecimento de outras finalidades,CENTRO COMERCIAL,Múltiplo,,1,4,82020000
410690205050144,Urbano,AVENIDA MANOEL RIBAS,5852,,,,SANTA FELICIDADE,,Estabelecimento de outras finalidades,RESTAURANTE VELHO MADALOSSO,Único,,1,4,82020000
410690205050144,Urbano,AVENIDA MANOEL RIBAS,5846,,,,SANTA FELICIDADE,,Estabelecimento de outras finalidades,RESTAURANTE ANELLO,Único,,1,4,82020000
410690205050144,Urbano,AVENIDA MANOEL RIBAS,5884,TERREO,,,SANTA FELICIDADE,,Estabelecimento de outras finalidades,VENDA ARTESANATOS,Único,,1,4,82020000
410690205050144,Urbano,AVENIDA MANOEL RIBAS,5884,SOBRELOJA SALA 1,,,SANTA FELICIDADE,,Estabelecimento de outras finalidades,ORGANIACAO CONTABIL,Único,,1,4,82020000
410690205050144,Urbano,AVENIDA MANOEL RIBAS,5884,SOBRELOJA SALA 2,,,SANTA FELICIDADE,,Estabelecimento de outras finalidades,MANUTENCAO COMPUTADORES,Único,,1,4,82020000
410690205050144,Urbano,AVENIDA MANOEL RIBAS,5884,SOBRELOJA SALA 3,,,SANTA FELICIDADE,,Estabelecimento de outras finalidades,ORTODONTIA,Único,,1,4,82020000
410690205050144,Urbano,AVENIDA MANOEL RIBAS,5890,,,,SANTA FELICIDADE,,Estabelecimento de outras finalidades,CENTRO COMERCIAL,Único,,1,4,82020000
410690205050144,Urbano,AVENIDA MANOEL RIBAS,5906,TERREO,,,SANTA FELICIDADE,,Estabelecimento de outras finalidades,LOJA DE ROUPAS,Único,,1,4,82020000
410690205050144,Urbano,AVENIDA MANOEL RIBAS,5906,SOBRADO,,,SANTA FELICIDADE,,Domicílio particular,,-0,,1,4,82020000
410690205050144,Urbano,AVENIDA MANOEL RIBAS,SN,,,,SANTA FELICIDADE,,Estabelecimento de outras finalidades,BANCA DE REVISTAS,Único,,1,4,82020000
410690205050144,Urbano,AVENIDA MANOEL RIBAS,5930,,,,SANTA FELICIDADE,,Estabelecimento de outras finalidades,VENDA DE ROUPAS,Único,,1,4,82020000
410690205050144,Urbano,AVENIDA MANOEL RIBAS,5966,,,,SANTA FELICIDADE,,Estabelecimento de outras finalidades,TOALHAS ENXOVAL LOJA FECHADA,Único,,1,4,82020000
410690205050144,Urbano,AVENIDA MANOEL RIBAS,SN,,,,SANTA FELICIDADE,,Estabelecimento de outras finalidades,LOJA DE CELULAR,Único,,1,4,82020000
410690205050144,Urbano,AVENIDA MANOEL RIBAS,SN,,,,SANTA FELICIDADE,,Estabelecimento de outras finalidades,VENDA ACESSORIOS FEMININOS,Único,,1,4,82020000
410690205050144,Urbano,AVENIDA MANOEL RIBAS,5966,LOJA 1,,,SANTA FELICIDADE,,Estabelecimento de outras finalidades,BAR,Único,,1,4,82020000
410690205050144,Urbano,AVENIDA MANOEL RIBAS,5966,LOJA 2,,,SANTA FELICIDADE,,Estabelecimento de outras finalidades,CHAVEIRO,Único,,1,4,82020000
410690205050144,Urbano,AVENIDA MANOEL RIBAS,5966,LOJA 3,,,SANTA FELICIDADE,,Estabelecimento de outras finalidades,BAR LANCHONETE,Único,,1,4,82020000
410690205050144,Urbano,RUA VIA VENETO,505,,,,SANTA FELICIDADE,,Estabelecimento de outras finalidades,DANCE HALL,Único,,2,2,82020470
410690205050144,Urbano,RUA VIA VENETO,451,TERREO LOJA 1,,,SANTA FELICIDADE,,Estabelecimento de outras finalidades,AR CONDICIONADO RETROFIT,Único,,2,2,82020470
410690205050144,Urbano,RUA VIA VENETO,451,TERREO LOJA 2,,,SANTA FELICIDADE,,Estabelecimento de outras finalidades,SUPRIMENTOS INFORMATICA,Único,,2,2,82020470
410690205050144,Urbano,RUA VIA VENETO,451,TERREO LOJA 3,,,SANTA FELICIDADE,,Estabelecimento de outras finalidades,LOJA VAZIA,Único,,2,2,82020470
410690205050144,Urbano,RUA VIA VENETO,451,TERREO LOJA 4,,,SANTA FELICIDADE,,Estabelecimento de outras finalidades,DOCES P FESTA,Único,,2,2,82020470
410690205050144,Urbano,RUA VIA VENETO,451,SOBRADO,,,SANTA FELICIDADE,,Domicílio particular,,-0,,2,2,82020470
410690205050144,Urbano,RUA JOSE DAS CHAGAS LIMA,189,,,,SANTA FELICIDADE,,Estabelecimento de outras finalidades,AR CONDICIONADO CARRO,Único,,2,3,82020460
410690205050144,Urbano,RUA JOSE DAS CHAGAS LIMA,187,,,,SANTA FELICIDADE,,Domicílio particular,,-0,,2,3,82020460
410690205050144,Urbano,RUA JOSE DAS CHAGAS LIMA,175,CASA b,,,SANTA FELICIDADE,,Domicílio particular,,-0,,2,3,82020460
410690205050144,Urbano,RUA JOSE DAS CHAGAS LIMA,175,CASA a,,,SANTA FELICIDADE,,Domicílio particular,,-0,,2,3,82020460
410690205050144,Urbano,RUA JOSE DAS CHAGAS LIMA,279,,,,SANTA FELICIDADE,,Domicílio particular,,-0,,2,3,82020460
410690205050144,Urbano,RUA JOSE DAS CHAGAS LIMA,277,,,,SANTA FELICIDADE,,Domicílio particular,,-0,,2,3,82020460
410690205050144,Urbano,RUA JOSE DAS CHAGAS LIMA,273,FRENTE,,,SANTA FELICIDADE,,Domicílio particular,,-0,,2,3,82020460
410690205050144,Urbano,RUA JOSE DAS CHAGAS LIMA,273,FUNDOS,,,SANTA FELICIDADE,,Domicílio particular,,-0,,2,3,82020460
410690205050144,Urbano,RUA JOSE DAS CHAGAS LIMA,272,,,,SANTA FELICIDADE,,Domicílio particular,,-0,,2,3,82020460
410690205050144,Urbano,AVENIDA MANOEL RIBAS,SN,,,,SANTA FELICIDADE,,Estabelecimento de outras finalidades,POSTO GASOLINA BR,Único,,2,4,82020000
410690205050144,Urbano,AVENIDA MANOEL RIBAS,5670,,,,SANTA FELICIDADE,,Estabelecimento de outras finalidades,CASA DOS BONECOS,Único,,2,4,82020000
410690205050144,Urbano,AVENIDA MANOEL RIBAS,5692,,,,SANTA FELICIDADE,,Estabelecimento de outras finalidades,LOJA CHOCOLATES,Único,,2,4,82020000
410690205050144,Urbano,AVENIDA MANOEL RIBAS,SN,,,,SANTA FELICIDADE,,Estabelecimento de outras finalidades,DANCE HALL,Único,,2,4,82020000
410690205050144,Urbano,RUA JOSE DAS CHAGAS LIMA,50,LOJA 1,,,SANTA FELICIDADE,,Estabelecimento de outras finalidades,SOM AUTOMOTIVO,Único,,3,1,82020460
410690205050144,Urbano,RUA JOSE DAS CHAGAS LIMA,50,LOJA 2,,,SANTA FELICIDADE,,Estabelecimento de outras finalidades,SOM AUTOMOTIVO,Único,,3,1,82020460
410690205050144,Urbano,RUA JOSE DAS CHAGAS LIMA,210,,,,SANTA FELICIDADE,,Domicílio particular,,-0,,3,1,82020460
410690205050144,Urbano,RUA JOSE DAS CHAGAS LIMA,64,,,,SANTA FELICIDADE,,Domicílio particular,,-0,,3,1,82020460
410690205050144,Urbano,RUA JOSE DAS CHAGAS LIMA,82,,,,SANTA FELICIDADE,,Domicílio particular,,-0,,3,1,82020460
410690205050144,Urbano,RUA JOSE DAS CHAGAS LIMA,124,,,,SANTA FELICIDADE,,Domicílio particular,,-0,,3,1,82020460
410690205050144,Urbano,RUA JOSE DAS CHAGAS LIMA,701,FRENTE,,,SANTA FELICIDADE,,Domicílio particular,,-0,,3,1,82020460
410690205050144,Urbano,RUA JOSE DAS CHAGAS LIMA,701,FUNDOS,,,SANTA FELICIDADE,,Domicílio particular,,-0,,3,1,82020460
410690205050144,Urbano,RUA JOSE DAS CHAGAS LIMA,344,,,,SANTA FELICIDADE,,Domicílio particular,,-0,,3,1,82020460
410690205050144,Urbano,RUA JOSE DAS CHAGAS LIMA,142,,,,SANTA FELICIDADE,,Domicílio particular,,-0,,3,1,82020460
410690205050144,Urbano,RUA JOSE DAS CHAGAS LIMA,178,,,,SANTA FELICIDADE,,Domicílio particular,,-0,,3,1,82020460
410690205050144,Urbano,RUA VIA VENETO,233,,,,SANTA FELICIDADE,,Domicílio particular,,-0,,3,2,82020470
410690205050144,Urbano,RUA JOAO MENEGUSSO,200,,,,SANTA FELICIDADE,,Domicílio particular,,-0,,3,3,82020450
410690205050144,Urbano,RUA JOAO MENEGUSSO,116,CASA 1,,,SANTA FELICIDADE,,Domicílio particular,,-0,,3,3,82020450
410690205050144,Urbano,RUA JOAO MENEGUSSO,116,CASA 2,,,SANTA FELICIDADE,,Domicílio particular,,-0,,3,3,82020450
410690205050144,Urbano,RUA JOAO MENEGUSSO,116,CASA 3,,,SANTA FELICIDADE,,Domicílio particular,,-0,,3,3,82020450
410690205050144,Urbano,RUA JOAO MENEGUSSO,116,CASA 4,,,SANTA FELICIDADE,,Domicílio particular,,-0,,3,3,82020450
410690205050144,Urbano,RUA JOAO MENEGUSSO,116,CASA 5,,,SANTA FELICIDADE,,Domicílio particular,,-0,,3,3,82020450
410690205050144,Urbano,RUA JOAO MENEGUSSO,116,CASA 6,,,SANTA FELICIDADE,,Domicílio particular,,-0,,3,3,82020450
410690205050144,Urbano,RUA JOAO MENEGUSSO,116,CASA 7,,,SANTA FELICIDADE,,Domicílio particular,,-0,,3,3,82020450
410690205050144,Urbano,RUA JOAO MENEGUSSO,116,CASA 8,,,SANTA FELICIDADE,,Domicílio particular,,-0,,3,3,82020450
410690205050144,Urbano,RUA JOAO MENEGUSSO,75,,,,SANTA FELICIDADE,,Domicílio particular,,-0,,3,3,82020450
410690205050144,Urbano,RUA JOAO MENEGUSSO,55,,,,SANTA FELICIDADE,,Domicílio particular,,-0,,3,3,82020450
410690205050144,Urbano,AVENIDA MANOEL RIBAS,SN,,,,SANTA FELICIDADE,,Estabelecimento de outras finalidades,MOVEIS CAMPO E PRAIA,Único,,1,5,82020000
410690205050144,Urbano,AVENIDA MANOEL RIBAS,5438,LOJA 1,,,SANTA FELICIDADE,,Estabelecimento de outras finalidades,RESTAURANTE FRUTOS DO MAR,Único,,1,5,82020000
410690205050144,Urbano,AVENIDA MANOEL RIBAS,5438,LOJA 2,,,SANTA FELICIDADE,,Estabelecimento de outras finalidades,DECORACAO INTERIORES,Único,,1,5,82020000
410690205050144,Urbano,AVENIDA MANOEL RIBAS,5450,,,,SANTA FELICIDADE,,Estabelecimento de outras finalidades,VENDA PISCINAS,Único,,1,5,82020000
410690205050144,Urbano,AVENIDA MANOEL RIBAS,SN,,,,SANTA FELICIDADE,,Domicílio coletivo,,-0,,1,5,82020000
410690205050144,Urbano,AVENIDA MANOEL RIBAS,5480,,,,SANTA FELICIDADE,,Estabelecimento de outras finalidades,INFORMACOES TURISTICAS,Único,,1,5,82020000
410690205050144,Urbano,AVENIDA MANOEL RIBAS,5570,,,,SANTA FELICIDADE,,Estabelecimento de outras finalidades,MOVEIS MADEIRA,Único,,1,5,82020000
410690205050144,Urbano,AVENIDA MANOEL RIBAS,5590,LOJA 1,,,SANTA FELICIDADE,,Estabelecimento de outras finalidades,NE,Único,,1,5,82020000
410690205050144,Urbano,AVENIDA MANOEL RIBAS,5590,LOJA 2,,,SANTA FELICIDADE,,Estabelecimento de outras finalidades,NE,Único,,1,5,82020000
410690205050144,Urbano,AVENIDA MANOEL RIBAS,5590,LOJA 3,,,SANTA FELICIDADE,,Estabelecimento de outras finalidades,PORTA FECHADA,Único,,1,5,82020000
410690205050144,Urbano,AVENIDA MANOEL RIBAS,5590,LOJA 4,,,SANTA FELICIDADE,,Estabelecimento de outras finalidades,ACUPUNTURA,Único,,1,5,82020000
410690205050144,Urbano,AVENIDA MANOEL RIBAS,5590,LOJA 5,,,SANTA FELICIDADE,,Estabelecimento de outras finalidades,SALAO BELEZA,Único,,1,5,82020000
410690205050144,Urbano,AVENIDA MANOEL RIBAS,5590,LOJA 6,,,SANTA FELICIDADE,,Estabelecimento de outras finalidades,SALAO DE BELEZA,Único,,1,5,82020000
410690205050144,Urbano,AVENIDA MANOEL RIBAS,5590,LOJA 7,,,SANTA FELICIDADE,,Estabelecimento de outras finalidades,LOJA VAZIA,Único,,1,5,82020000
410690205050144,Urbano,AVENIDA MANOEL RIBAS,5590,LOJA 8,,,SANTA FELICIDADE,,Estabelecimento de outras finalidades,LOJA VAZIA,Único,,1,5,82020000
410690205050144,Urbano,AVENIDA MANOEL RIBAS,6000,,,,SANTA FELICIDADE,,Estabelecimento de outras finalidades,VENDA COLCHOES,Único,,1,5,82020000
410690205050144,Urbano,RUA JOAO MENEGUSSO,349,,,,SANTA FELICIDADE,,Domicílio particular,,-0,,4,1,82020450
410690205050144,Urbano,RUA JOAO MENEGUSSO,321,FRENTE,,,SANTA FELICIDADE,,Domicílio particular,,-0,,4,1,82020450
410690205050144,Urbano,RUA JOAO MENEGUSSO,321,FUNDOS,,,SANTA FELICIDADE,,Domicílio particular,,-0,,4,1,82020450
410690205050144,Urbano,RUA JOAO MENEGUSSO,220,,,,SANTA FELICIDADE,,Domicílio particular,,-0,,4,1,82020450
410690205050144,Urbano,RUA JOSE DAS CHAGAS LIMA,232,,,,SANTA FELICIDADE,,Domicílio particular,,-0,,4,3,82020460
410690205050144,Urbano,RUA JOSE DAS CHAGAS LIMA,61,,,,SANTA FELICIDADE,,Domicílio particular,,-0,,4,3,82020460
410690205050144,Urbano,RUA JOSE DAS CHAGAS LIMA,164,,,,SANTA FELICIDADE,,Domicílio particular,,-0,,4,3,82020460
410690205050144,Urbano,RUA JOSE DAS CHAGAS LIMA,166,,,,SANTA FELICIDADE,,Domicílio particular,,-0,,4,3,82020460
410690205050144,Urbano,RUA JOSE DAS CHAGAS LIMA,168,,,,SANTA FELICIDADE,,Domicílio particular,,-0,,4,3,82020460
410690205050144,Urbano,RUA JOSE DAS CHAGAS LIMA,322,,,,SANTA FELICIDADE,,Domicílio particular,,-0,,4,3,82020460
410690205050144,Urbano,RUA JOSE DAS CHAGAS LIMA,346,,,,SANTA FELICIDADE,,Estabelecimento de outras finalidades,CENSOR EMPRESA,Único,,4,3,82020460
410690205050144,Urbano,RUA JOSE DAS CHAGAS LIMA,358,,,,SANTA FELICIDADE,,Domicílio particular,,-0,,4,3,82020460
410690205050144,Urbano,RUA JOSE DAS CHAGAS LIMA,360,,,,SANTA FELICIDADE,,Domicílio particular,,-0,,4,3,82020460
410690205050144,Urbano,RUA JOSE DAS CHAGAS LIMA,384,,,,SANTA FELICIDADE,,Domicílio particular,,-0,,4,3,82020460
410690205050144,Urbano,RUA JOSE DAS CHAGAS LIMA,398,,,,SANTA FELICIDADE,,Domicílio particular,,-0,,4,3,82020460
410690205050144,Urbano,RUA JOSE DAS CHAGAS LIMA,29,,,,SANTA FELICIDADE,,Domicílio particular,,-0,,4,3,82020460
410690205050144,Urbano,RUA JOSE DAS CHAGAS LIMA,436,,,,SANTA FELICIDADE,,Domicílio particular,,-0,,4,3,82020460
410690205050144,Urbano,RUA JOSE DAS CHAGAS LIMA,438,,,,SANTA FELICIDADE,,Domicílio particular,,-0,,4,3,82020460
410690205050144,Urbano,RUA JOSE DAS CHAGAS LIMA,440,,,,SANTA FELICIDADE,,Domicílio particular,,-0,,4,3,82020460
410690205050144,Urbano,RUA JOSE DAS CHAGAS LIMA,445,,,,SANTA FELICIDADE,,Domicílio particular,,-0,,4,4,82020460
410690205050144,Urbano,RUA JOSE DAS CHAGAS LIMA,415,,,,SANTA FELICIDADE,,Domicílio particular,,-0,,4,4,82020460
410690205050144,Urbano,RUA JOSE DAS CHAGAS LIMA,389,,,,SANTA FELICIDADE,,Domicílio particular,,-0,,4,4,82020460
410690205050144,Urbano,RUA JOSE DAS CHAGAS LIMA,388,,,,SANTA FELICIDADE,,Domicílio particular,,-0,,4,4,82020460
410690205050144,Urbano,RUA JOSE DAS CHAGAS LIMA,386,,,,SANTA FELICIDADE,,Domicílio particular,,-0,,4,4,82020460
410690205050144,Urbano,RUA JOSE DAS CHAGAS LIMA,387,FRENTE,,,SANTA FELICIDADE,,Domicílio particular,,-0,,4,4,82020460
410690205050144,Urbano,RUA JOSE DAS CHAGAS LIMA,387,FUNDOS,,,SANTA FELICIDADE,,Domicílio particular,,-0,,4,4,82020460
410690205050144,Urbano,RUA JOSE DAS CHAGAS LIMA,381,,,,SANTA FELICIDADE,,Domicílio particular,,-0,,4,4,82020460
410690205050144,Urbano,RUA JOSE DAS CHAGAS LIMA,329,,,,SANTA FELICIDADE,,Domicílio particular,,-0,,4,4,82020460
410690205050144,Urbano,RUA JOSE DAS CHAGAS LIMA,335,,,,SANTA FELICIDADE,,Domicílio particular,,-0,,4,4,82020460
410690205050144,Urbano,RUA JOSE DAS CHAGAS LIMA,152,,,,SANTA FELICIDADE,,Domicílio particular,,-0,,4,4,82020460
410690205050144,Urbano,RUA JOSE DAS CHAGAS LIMA,157,,,,SANTA FELICIDADE,,Domicílio particular,,-0,,4,4,82020460
410690205050144,Urbano,RUA JOSE DAS CHAGAS LIMA,161,,,,SANTA FELICIDADE,,Domicílio particular,,-0,,4,4,82020460
410690205050144,Urbano,RUA JOSE DAS CHAGAS LIMA,263,,,,SANTA FELICIDADE,,Domicílio particular,,-0,,4,4,82020460
410690205050144,Urbano,RUA VIA VENETO,500,,,,SANTA FELICIDADE,,Estabelecimento de outras finalidades,PADARIA,Único,,4,5,82020470
410690205050144,Urbano,RUA VIA VENETO,333,,,,SANTA FELICIDADE,,Estabelecimento de outras finalidades,ESCOLA DE FUTEBOL,Único,,4,5,82020470
410690205050144,Urbano,RUA VIA VENETO,480,,,,SANTA FELICIDADE,,Domicílio particular,,-0,,4,5,82020470
410690205050144,Urbano,RUA VIA VENETO,375,,,,SANTA FELICIDADE,,Domicílio particular,,-0,,4,5,82020470
410690205050144,Urbano,RUA JOAO MENEGUSSO,12,,,,SANTA FELICIDADE,,Domicílio particular,,-0,,5,1,82020450
410690205050144,Urbano,RUA JOAO MENEGUSSO,11,,,,SANTA FELICIDADE,,Domicílio particular,,-0,,5,1,82020450
410690205050144,Urbano,RUA JOAO MENEGUSSO,196,,,,SANTA FELICIDADE,,Domicílio particular,,-0,,5,1,82020450
410690205050144,Urbano,RUA JOAO MENEGUSSO,198,,,,SANTA FELICIDADE,,Domicílio particular,,-0,,5,1,82020450
410690205050144,Urbano,RUA JOAO MENEGUSSO,210,,,,SANTA FELICIDADE,,Domicílio particular,,-0,,5,1,82020450
410690205050144,Urbano,RUA EMILIO BELLONI,5,,,,SANTA FELICIDADE,,Domicílio particular,,-0,,5,2,82020420
410690205050144,Urbano,RUA EMILIO BELLONI,SN,,,,SANTA FELICIDADE,,Domicílio particular,,-0,,5,2,82020420
410690205050144,Urbano,RUA EMILIO BELLONI,59,,,,SANTA FELICIDADE,,Domicílio particular,,-0,,5,3,82020420
410690205050144,Urbano,RUA EMILIO BELLONI,45,,,,SANTA FELICIDADE,,Domicílio particular,,-0,,5,3,82020420
410690205050144,Urbano,RUA JOAO MENEGUSSO,232,,,,SANTA FELICIDADE,,Domicílio particular,,-0,,5,4,82020450
410690205050144,Urbano,RUA JOAO MENEGUSSO,25,,,,SANTA FELICIDADE,,Domicílio particular,,-0,,5,4,82020450
410690205050144,Urbano,RUA JOAO MENEGUSSO,27,,,,SANTA FELICIDADE,,Domicílio particular,,-0,,5,4,82020450
410690205050144,Urbano,RUA VENANCIO TREVISAN NETTO,SN,,,,SANTA FELICIDADE,,Domicílio particular,,-0,,5,5,82020430
410690205050144,Urbano,RUA VENANCIO TREVISAN NETTO,31,,,,SANTA FELICIDADE,,Domicílio particular,,-0,,5,5,82020430
410690205050144,Urbano,RUA VENANCIO TREVISAN NETTO,50,,,,SANTA FELICIDADE,,Domicílio particular,,-0,,5,6,82020430
410690205050144,Urbano,RUA VENANCIO TREVISAN NETTO,45,,,,SANTA FELICIDADE,,Domicílio particular,,-0,,5,6,82020430
410690205050144,Urbano,RUA JOAO MENEGUSSO,300,,,,SANTA FELICIDADE,,Domicílio particular,,-0,,5,7,82020450
410690205050144,Urbano,RUA JOAO MENEGUSSO,310,,,,SANTA FELICIDADE,,Domicílio particular,,-0,,5,7,82020450
410690205050144,Urbano,RUA JOAO MENEGUSSO,322,,,,SANTA FELICIDADE,,Domicílio particular,,-0,,5,7,82020450
410690205050144,Urbano,RUA JOAO MENEGUSSO,338,,,,SANTA FELICIDADE,,Domicílio particular,,-0,,5,7,82020450
410690205050144,Urbano,RUA RUY DE SANTIS,338,,,,SANTA FELICIDADE,,Domicílio particular,,-0,,5,8,82020440
410690205050144,Urbano,RUA RUY DE SANTIS,9,,,,SANTA FELICIDADE,,Domicílio particular,,-0,,5,8,82020440
410690205050144,Urbano,RUA RUY DE SANTIS,7,,,,SANTA FELICIDADE,,Domicílio particular,,-0,,5,8,82020440
410690205050144,Urbano,RUA RUY DE SANTIS,3,,,,SANTA FELICIDADE,,Domicílio particular,,-0,,5,9,82020440
410690205050144,Urbano,RUA RUY DE SANTIS,2,,,,SANTA FELICIDADE,,Domicílio particular,,-0,,5,9,82020440
410690205050144,Urbano,RUA JOAO MENEGUSSO,364,FRENTE,,,SANTA FELICIDADE,,Domicílio particular,,-0,,5,10,82020450
410690205050144,Urbano,RUA JOAO MENEGUSSO,364,FUNDOS,,,SANTA FELICIDADE,,Domicílio particular,,-0,,5,10,82020450
410690205050144,Urbano,RUA JOAO MENEGUSSO,378,,,,SANTA FELICIDADE,,Domicílio particular,,-0,,5,10,82020450
410690205050144,Urbano,RUA JOAO MENEGUSSO,394,,,,SANTA FELICIDADE,,Domicílio particular,,-0,,5,10,82020450
410690205050144,Urbano,RUA JOAO MENEGUSSO,SN,,,,SANTA FELICIDADE,,Domicílio particular,,-0,,5,10,82020450
410690205050144,Urbano,RUA RAFAEL RODRIGO ZANELLA,44,,,,SANTA FELICIDADE,,Domicílio particular,,-0,,5,11,82020750
410690205050144,Urbano,RUA RAFAEL RODRIGO ZANELLA,36,,,,SANTA FELICIDADE,,Domicílio particular,,-0,,5,11,82020750
410690205050144,Urbano,RUA RAFAEL RODRIGO ZANELLA,SN,,,,SANTA FELICIDADE,,Edificação em construção,,-0,,5,12,82020750
410690205050144,Urbano,RUA RAFAEL RODRIGO ZANELLA,40,,,,SANTA FELICIDADE,,Domicílio particular,,-0,,5,12,82020750
410690205050144,Urbano,RUA JOAO MENEGUSSO,SN,,,,SANTA FELICIDADE,,Domicílio particular,,-0,,5,13,82020450
410690205050144,Urbano,AVENIDA MANOEL RIBAS,4602,,,,SANTA FELICIDADE,,Estabelecimento de outras finalidades,FLORICULTURA,Único,,5,14,82020000
410690205050144,Urbano,AVENIDA MANOEL RIBAS,SN,,,,SANTA FELICIDADE,,Domicílio particular,,-0,,5,14,82020000
410690205050144,Urbano,AVENIDA MANOEL RIBAS,SN,,,,SANTA FELICIDADE,,Edificação em construção,,-0,,5,14,82020000
410690205050144,Urbano,AVENIDA MANOEL RIBAS,4772,,,,SANTA FELICIDADE,,Estabelecimento de outras finalidades,MOVEIS  E DECORACAO,Único,,5,14,82020000
410690205050144,Urbano,AVENIDA MANOEL RIBAS,4772,,,,SANTA FELICIDADE,,Domicílio particular,,-0,,5,14,82020000
410690205050144,Urbano,AVENIDA MANOEL RIBAS,4824,LOJA 1,,,SANTA FELICIDADE,,Estabelecimento de outras finalidades,FITNESS STORE,Único,,5,14,82020000
410690205050144,Urbano,AVENIDA MANOEL RIBAS,4824,LOJA 2,,,SANTA FELICIDADE,,Estabelecimento de outras finalidades,LOJA DE TAPETES,Único,,5,14,82020000
410690205050144,Urbano,AVENIDA MANOEL RIBAS,4824,LOJA 3,,,SANTA FELICIDADE,,Estabelecimento de outras finalidades,MOVEIS E DECORACAO,Único,,5,14,82020000
410690205050144,Urbano,AVENIDA MANOEL RIBAS,4824,LOJA 4,,,SANTA FELICIDADE,,Estabelecimento de outras finalidades,VAGO,Único,,5,14,82020000
410690205050144,Urbano,AVENIDA MANOEL RIBAS,4914,,,,SANTA FELICIDADE,,Estabelecimento de outras finalidades,MOVEIS E DECORACAO,Único,,5,14,82020000
410690205050144,Urbano,AVENIDA MANOEL RIBAS,4994,,,,SANTA FELICIDADE,,Estabelecimento de outras finalidades,SALAO DE FESTAS E RESTAURANTE,Único,,5,14,82020000
410690205050144,Urbano,AVENIDA MANOEL RIBAS,5034,,,,SANTA FELICIDADE,,Estabelecimento de outras finalidades,MOVEIS E DECORACAO,Único,,5,14,82020000
410690205050144,Urbano,RUA CAPITAO ANTONIO PEDRI,206,,,,SANTA FELICIDADE,,Domicílio particular,,-0,,5,15,82020400
410690205050144,Urbano,RUA CAPITAO ANTONIO PEDRI,260,,,,SANTA FELICIDADE,,Domicílio particular,,-0,,5,15,82020400
410690205050144,Urbano,RUA CAPITAO ANTONIO PEDRI,292,CASA 1,,,SANTA FELICIDADE,,Domicílio particular,,-0,,5,15,82020400
410690205050144,Urbano,RUA CAPITAO ANTONIO PEDRI,292,CASA 2,,,SANTA FELICIDADE,,Domicílio particular,,-0,,5,15,82020400
410690205050144,Urbano,RUA CAPITAO ANTONIO PEDRI,320,,,,SANTA FELICIDADE,,Domicílio particular,,-0,,5,15,82020400
410690205050144,Urbano,RUA CAPITAO ANTONIO PEDRI,360,,,,SANTA FELICIDADE,,Domicílio particular,,-0,,5,15,82020400
410690205050144,Urbano,RUA CAPITAO ANTONIO PEDRI,408,,,,SANTA FELICIDADE,,Domicílio particular,,-0,,5,15,82020400
410690205050144,Urbano,RUA CAPITAO ANTONIO PEDRI,415,,,,SANTA FELICIDADE,,Domicílio particular,,-0,,5,16,82020400
410690205050144,Urbano,RUA CAPITAO ANTONIO PEDRI,405,,,,SANTA FELICIDADE,,Domicílio particular,,-0,,5,16,82020400
410690205050144,Urbano,RUA CAPITAO ANTONIO PEDRI,395,,,,SANTA FELICIDADE,,Domicílio particular,,-0,,5,16,82020400
410690205050144,Urbano,RUA CAPITAO ANTONIO PEDRI,8,,,,SANTA FELICIDADE,,Domicílio particular,,-0,,5,16,82020400
410690205050144,Urbano,RUA CAPITAO ANTONIO PEDRI,345,,,,SANTA FELICIDADE,,Domicílio particular,,-0,,5,16,82020400
410690205050144,Urbano,RUA CAPITAO ANTONIO PEDRI,289,,,,SANTA FELICIDADE,,Estabelecimento de outras finalidades,PRODUTORA DE CINEMA E PUBLICIDADE,Único,,5,16,82020400
410690205050144,Urbano,RUA CAPITAO ANTONIO PEDRI,288,,,,SANTA FELICIDADE,,Domicílio particular,,-0,,5,16,82020400
410690205050144,Urbano,RUA CAPITAO ANTONIO PEDRI,185,,,,SANTA FELICIDADE,,Estabelecimento de outras finalidades,FLORICULTURA,Único,,5,16,82020400
410690205050144,Urbano,RUA VIA VENETO,70,,,,SANTA FELICIDADE,,Estabelecimento de outras finalidades,ASSISTENCIA TECNICA ELETRONICA,Único,,5,17,82020470
410690205050144,Urbano,RUA CAPITAO ANTONIO PEDRI,5150,,,,SANTA FELICIDADE,,Estabelecimento de outras finalidades,ARTE EM BAMBU E TAPETES,Único,,10,3,82020400
410690205050144,Urbano,RUA CAPITAO ANTONIO PEDRI,55,LOJA 2,,,SANTA FELICIDADE,,Estabelecimento de outras finalidades,PELES FABRICACAO PROPRIA,Único,,10,3,82020400
410690205050144,Urbano,RUA CAPITAO ANTONIO PEDRI,55,LOJA 1,,,SANTA FELICIDADE,,Estabelecimento de outras finalidades,MOVEIS E DECORACOES,Único,,10,3,82020400
410690205050144,Urbano,RUA VIA VENETO,63,SOBRADO 2,,,SANTA FELICIDADE,,Estabelecimento de outras finalidades,COMERCIAL MADEPLAST,Único,,10,2,82020470
410690205050144,Urbano,RUA VIA VENETO,63,SOBRADO 1,,,SANTA FELICIDADE,,Estabelecimento de outras finalidades,ESCRITORIO,Único,,10,2,82020470
410690205050144,Urbano,RUA VIA VENETO,63,TERREO LOJA 2,,,SANTA FELICIDADE,,Estabelecimento de outras finalidades,APOLAR IMOVEIS,Único,,10,2,82020470
410690205050144,Urbano,RUA VIA VENETO,63,TERREO LOJA 1,,,SANTA FELICIDADE,,Estabelecimento de outras finalidades,LAVANDERIA,Único,,10,2,82020470
410690205050144,Urbano,RUA JOSE BENATO,SN,,,,SANTA FELICIDADE,,Estabelecimento de outras finalidades,ESTACIONAMENTO E MECANICA,Único,,10,1,82020410
410690205050144,Urbano,RUA JOSE BENATO,32,,,,SANTA FELICIDADE,,Domicílio particular,,-0,,10,1,82020410
410690205050144,Urbano,RUA JOSE BENATO,72,,,,SANTA FELICIDADE,,Domicílio particular,,-0,,10,1,82020410
410690205050144,Urbano,RUA JOSE BENATO,SN,,,,SANTA FELICIDADE,,Edificação em construção,,-0,,10,1,82020410
410690205050144,Urbano,RUA JOSE BENATO,34,SOBRELOJA LOJA 14,,,SANTA FELICIDADE,,Estabelecimento de outras finalidades,LOJA VAZIA,Único,,10,1,82020410
410690205050144,Urbano,RUA JOSE BENATO,34,SOBRELOJA LOJA 13,,,SANTA FELICIDADE,,Estabelecimento de outras finalidades,LOJA VAZIA,Único,,10,1,82020410
410690205050144,Urbano,RUA JOSE BENATO,34,SOBRELOJA LOJA 12,,,SANTA FELICIDADE,,Domicílio particular,,-0,,10,1,82020410
410690205050144,Urbano,RUA JOSE BENATO,34,SOBRELOJA LOJA 11,,,SANTA FELICIDADE,,Domicílio particular,,-0,,10,1,82020410
410690205050144,Urbano,RUA JOSE BENATO,34,TERREO LOJA 4,,,SANTA FELICIDADE,,Estabelecimento de outras finalidades,ALIMENTICIO DEPOSITO,Único,,10,1,82020410
410690205050144,Urbano,RUA JOSE BENATO,34,TERREO LOJA 3,,,SANTA FELICIDADE,,Estabelecimento de outras finalidades,ALIMENTICIO,Único,,10,1,82020410
410690205050144,Urbano,RUA JOSE BENATO,34,TERREO LOJA 2,,,SANTA FELICIDADE,,Estabelecimento de outras finalidades,ALIMENTICIO DEPOSITO,Único,,10,1,82020410
410690205050144,Urbano,RUA JOSE BENATO,34,TERREO LOJA 1,,,SANTA FELICIDADE,,Estabelecimento de outras finalidades,ALIMENTICIO,Único,,10,1,82020410
410690205050144,Urbano,RUA CAPITAO ANTONIO PEDRI,SN,,,,SANTA FELICIDADE,,Estabelecimento de outras finalidades,MOVEIS E ARTESANATO,Único,,9,1,82020400
410690205050144,Urbano,RUA VIA VENETO,208,,,,SANTA FELICIDADE,,Estabelecimento de outras finalidades,VESTUARIO E CONFECCAO,Único,,5,20,82020470
410690205050144,Urbano,RUA VIA VENETO,186,,,,SANTA FELICIDADE,,Domicílio particular,,-0,,5,20,82020470
410690205050144,Urbano,RUA VIA VENETO,146,,,,SANTA FELICIDADE,,Domicílio particular,,-0,,5,20,82020470
410690205050144,Urbano,RUA JOSE BENATO,147,,,,SANTA FELICIDADE,,Domicílio particular,,-0,,5,19,82020410
410690205050144,Urbano,RUA JOSE BENATO,189,,,,SANTA FELICIDADE,,Domicílio particular,,-0,,5,19,82020410
410690205050144,Urbano,RUA JOSE BENATO,197,,,,SANTA FELICIDADE,,Domicílio particular,,-0,,5,19,82020410
410690205050144,Urbano,RUA JOSE BENATO,235,,,,SANTA FELICIDADE,,Domicílio particular,,-0,,5,19,82020410
410690205050144,Urbano,RUA JOSE BENATO,277,CASA 5,,,SANTA FELICIDADE,,Domicílio particular,,-0,,5,19,82020410
410690205050144,Urbano,RUA JOSE BENATO,277,CASA 4,,,SANTA FELICIDADE,,Domicílio particular,,-0,,5,19,82020410
410690205050144,Urbano,RUA JOSE BENATO,277,CASA 3,,,SANTA FELICIDADE,,Domicílio particular,,-0,,5,19,82020410
410690205050144,Urbano,RUA JOSE BENATO,277,CASA 2,,,SANTA FELICIDADE,,Domicílio particular,,-0,,5,19,82020410
410690205050144,Urbano,RUA JOSE BENATO,277,CASA 1,,,SANTA FELICIDADE,,Domicílio particular,,-0,,5,19,82020410
410690205050144,Urbano,RUA JOSE BENATO,SN,,,,SANTA FELICIDADE,,Domicílio particular,,-0,,5,19,82020410
410690205050144,Urbano,RUA JOSE BENATO,SN,,,,SANTA FELICIDADE,,Domicílio particular,,-0,,5,19,82020410
410690205050144,Urbano,RUA JOSE BENATO,309,CASA 8,,,SANTA FELICIDADE,,Estabelecimento de outras finalidades,NAO EXISTE ESTA CASA,Único,,5,19,82020410
410690205050144,Urbano,RUA JOSE BENATO,309,CASA 7,,,SANTA FELICIDADE,,Domicílio particular,,-0,,5,19,82020410
410690205050144,Urbano,RUA JOSE BENATO,309,CASA 6,,,SANTA FELICIDADE,,Domicílio particular,,-0,,5,19,82020410
410690205050144,Urbano,RUA JOSE BENATO,309,CASA 5,,,SANTA FELICIDADE,,Domicílio particular,,-0,,5,19,82020410
410690205050144,Urbano,RUA JOSE BENATO,309,CASA 4,,,SANTA FELICIDADE,,Domicílio particular,,-0,,5,19,82020410
410690205050144,Urbano,RUA JOSE BENATO,309,CASA 3,,,SANTA FELICIDADE,,Domicílio particular,,-0,,5,19,82020410
410690205050144,Urbano,RUA JOSE BENATO,309,CASA 2,,,SANTA FELICIDADE,,Domicílio particular,,-0,,5,19,82020410
410690205050144,Urbano,RUA JOSE BENATO,309,CASA 1,,,SANTA FELICIDADE,,Domicílio particular,,-0,,5,19,82020410
410690205050144,Urbano,RUA JOSE BENATO,421,,,,SANTA FELICIDADE,,Domicílio particular,,-0,,5,19,82020410
410690205050144,Urbano,RUA JOSE BENATO,SN,,,,SANTA FELICIDADE,,Domicílio particular,,-0,,5,19,82020410
410690205050144,Urbano,RUA JOSE BENATO,400,CASA 4,,,SANTA FELICIDADE,,Domicílio particular,,-0,,5,18,82020410
410690205050144,Urbano,RUA JOSE BENATO,400,CASA 3,,,SANTA FELICIDADE,,Domicílio particular,,-0,,5,18,82020410
410690205050144,Urbano,RUA JOSE BENATO,400,CASA 2,,,SANTA FELICIDADE,,Domicílio particular,,-0,,5,18,82020410
410690205050144,Urbano,RUA JOSE BENATO,400,CASA 1,,,SANTA FELICIDADE,,Domicílio particular,,-0,,5,18,82020410
410690205050144,Urbano,RUA JOSE BENATO,372,,,,SANTA FELICIDADE,,Domicílio particular,,-0,,5,18,82020410
410690205050144,Urbano,RUA JOSE BENATO,384,,,,SANTA FELICIDADE,,Domicílio particular,,-0,,5,18,82020410
410690205050144,Urbano,RUA JOSE BENATO,300,,,,SANTA FELICIDADE,,Domicílio particular,,-0,,5,18,82020410
410690205050144,Urbano,RUA JOSE BENATO,292,,,,SANTA FELICIDADE,,Domicílio particular,,-0,,5,18,82020410
410690205050144,Urbano,RUA JOSE BENATO,276,,,,SANTA FELICIDADE,,Domicílio particular,,-0,,5,18,82020410
410690205050144,Urbano,RUA JOSE BENATO,262,,,,SANTA FELICIDADE,,Domicílio particular,,-0,,5,18,82020410
410690205050144,Urbano,RUA JOSE BENATO,64,,,,SANTA FELICIDADE,,Domicílio particular,,-0,,5,18,82020410
410690205050144,Urbano,RUA JOSE BENATO,184,,,,SANTA FELICIDADE,,Domicílio particular,,-0,,5,18,82020410
410690205050144,Urbano,RUA JOSE BENATO,172,,,,SANTA FELICIDADE,,Domicílio particular,,-0,,5,18,82020410
410690205050144,Urbano,RUA JOSE BENATO,154,,,,SANTA FELICIDADE,,Domicílio particular,,-0,,5,18,82020410
410690205050144,Urbano,RUA VIA VENETO,92,,,,SANTA FELICIDADE,,Estabelecimento de outras finalidades,LOJA VAZIA,Único,,5,17,82020470
410690205050144,Urbano,RUA VIA VENETO,96,,,,SANTA FELICIDADE,,Domicílio particular,,-0,,5,17,82020470
410690205050144,Urbano,RUA VIA VENETO,96,,,,SANTA FELICIDADE,,Estabelecimento de outras finalidades,ESCOLA DE INGLES,Único,,5,17,82020470
410690205050144,Urbano,RUA VIA VENETO,100,,,,SANTA FELICIDADE,,Estabelecimento de outras finalidades,CONSULTORIO CARDIOLOGICO,Único,,5,17,82020470
410690205050144,Urbano,RUA VIA VENETO,82,SOBRELOJA LOJA 1,,,SANTA FELICIDADE,,Estabelecimento de outras finalidades,CONSULTORIO ODONTOLOGICO,Único,,5,17,82020470
410690205050144,Urbano,RUA VIA VENETO,82,SOBRELOJA LOJA 2,,,SANTA FELICIDADE,,Estabelecimento de outras finalidades,CONSULTORIO CARDIOLOGICO,Único,,5,17,82020470
410690205050144,Urbano,RUA VIA VENETO,82,TERREO LOJA 4,,,SANTA FELICIDADE,,Estabelecimento de outras finalidades,LOJA VAZIA,Único,,5,17,82020470
410690205050144,Urbano,RUA VIA VENETO,82,TERREO LOJA 3,,,SANTA FELICIDADE,,Estabelecimento de outras finalidades,LOJA VAZIA,Único,,5,17,82020470
410690205050144,Urbano,RUA VIA VENETO,76,,,,SANTA FELICIDADE,,Estabelecimento de outras finalidades,DESIGN INTERIORES,Único,,5,17,82020470
410690205050144,Urbano,RUA VIA VENETO,375,APARTAMENTO 3,,,SANTA FELICIDADE,,Domicílio particular,,-0,,4,5,82020470
410690205050144,Urbano,RUA RUY DE SANTIS,2,CASA 3,,,SANTA FELICIDADE,,Domicílio particular,,-0,,5,9,82020440
410690205050144,Urbano,RUA RUY DE SANTIS,2,CASA,,,SANTA FELICIDADE,,Domicílio particular,,-0,,5,9,82020440
410690205050144,Urbano,RUA JOAO MENEGUSSO,338,CASA,,,SANTA FELICIDADE,,Domicílio particular,,-0,,5,7,82020450
410690205050144,Urbano,AVENIDA MANOEL RIBAS,4772,CASA 3,,,SANTA FELICIDADE,,Domicílio particular,,-0,,5,14,82020000
410690205050144,Urbano,AVENIDA MANOEL RIBAS,4772,CASA 1,,,SANTA FELICIDADE,,Domicílio particular,,-0,,5,14,82020000
410690205050144,Urbano,RUA ANGELO SLOMPO,96,CASA 2,,,SANTA FELICIDADE,,Domicílio particular,,-0,,1,1,82020480
410690205050144,Urbano,RUA EMILIO BELLONI,5,CASA 2,,,SANTA FELICIDADE,,Domicílio particular,,-0,,5,2,82020420
410690205050144,Urbano,RUA JOSE DAS CHAGAS LIMA,232,CASA 2,,,SANTA FELICIDADE,,Domicílio particular,,-0,,4,3,82020460
410690205050144,Urbano,AVENIDA MANOEL RIBAS,5930,CASA,,,SANTA FELICIDADE,,Domicílio particular,,-0,,1,4,82020000
410690205050144,Urbano,RUA JOSE BENATO,77,CASA 2,,,SANTA FELICIDADE,,Domicílio particular,,-0,,12,3,82020410
410690205050144,Urbano,AVENIDA MANOEL RIBAS,5244,CASA 2,,,SANTA FELICIDADE,,Domicílio particular,,-0,,10,4,82020000
410690205050144,Urbano,RUA JOSE BENATO,147,CASA 1,,,SANTA FELICIDADE,,Domicílio particular,,-0,,5,19,82020410
410690205050144,Urbano,RUA JOSE BENATO,421,CASA 4,,,SANTA FELICIDADE,,Domicílio particular,,-0,,5,19,82020410
410690205050144,Urbano,RUA JOSE BENATO,421,CASA 3,,,SANTA FELICIDADE,,Domicílio particular,,-0,,5,19,82020410
410690205050144,Urbano,RUA JOAO MENEGUSSO,321,CASA 3,,,SANTA FELICIDADE,,Domicílio particular,,-0,,4,1,82020450
410690205050144,Urbano,RUA JOAO MENEGUSSO,116,CASA 4B,,,SANTA FELICIDADE,,Domicílio particular,,-0,,3,3,82020450
410690205050144,Urbano,RUA JOSE DAS CHAGAS LIMA,178,CASA,,,SANTA FELICIDADE,,Domicílio particular,,-0,,3,1,82020460
410690205050144,Urbano,RUA JOSE BENATO,17,FUNDOS,,,SANTA FELICIDADE,,Domicílio particular,,-0,,12,3,82020410
410690205050144,Urbano,RUA JOSE BENATO,17,FRENTE,,,SANTA FELICIDADE,,Domicílio particular,,-0,,12,3,82020410
410690205050144,Urbano,RUA JOSE BENATO,27,,,,SANTA FELICIDADE,,Domicílio particular,,-0,,12,3,82020410
410690205050144,Urbano,RUA JOSE BENATO,77,,,,SANTA FELICIDADE,,Domicílio particular,,-0,,12,3,82020410
410690205050144,Urbano,RUA VIA VENETO,125,EDIFICIO TERREO,,,SANTA FELICIDADE,,Estabelecimento de outras finalidades,MOVEIS ESTOFADOS SOB MEDIDA,Único,,12,2,82020470
410690205050144,Urbano,RUA VIA VENETO,125,EDIFICIO APARTAMENTO 8,,,SANTA FELICIDADE,,Domicílio particular,,-0,,12,2,82020470
410690205050144,Urbano,RUA VIA VENETO,125,EDIFICIO APARTAMENTO 7,,,SANTA FELICIDADE,,Domicílio particular,,-0,,12,2,82020470
410690205050144,Urbano,RUA VIA VENETO,125,EDIFICIO APARTAMENTO 6,,,SANTA FELICIDADE,,Domicílio particular,,-0,,12,2,82020470
410690205050144,Urbano,RUA VIA VENETO,125,EDIFICIO APARTAMENTO 5,,,SANTA FELICIDADE,,Domicílio particular,,-0,,12,2,82020470
410690205050144,Urbano,RUA VIA VENETO,125,EDIFICIO APARTAMENTO 4,,,SANTA FELICIDADE,,Domicílio particular,,-0,,12,2,82020470
410690205050144,Urbano,RUA VIA VENETO,125,EDIFICIO APARTAMENTO 3,,,SANTA FELICIDADE,,Domicílio particular,,-0,,12,2,82020470
410690205050144,Urbano,RUA VIA VENETO,125,EDIFICIO APARTAMENTO 2,,,SANTA FELICIDADE,,Domicílio particular,,-0,,12,2,82020470
410690205050144,Urbano,RUA VIA VENETO,125,EDIFICIO APARTAMENTO 1,,,SANTA FELICIDADE,,Domicílio particular,,-0,,12,2,82020470
410690205050144,Urbano,RUA VIA VENETO,171,,,,SANTA FELICIDADE,,Domicílio particular,,-0,,12,2,82020470
410690205050144,Urbano,AVENIDA MANOEL RIBAS,5380,,,,SANTA FELICIDADE,,Estabelecimento de outras finalidades,LOJA DE PESCA E NAUTICA,Único,,11,4,82020000
410690205050144,Urbano,AVENIDA MANOEL RIBAS,5348,,,,SANTA FELICIDADE,,Domicílio particular,,-0,,11,4,82020000
410690205050144,Urbano,AVENIDA MANOEL RIBAS,5316,,,,SANTA FELICIDADE,,Domicílio particular,,-0,,11,4,82020000
410690205050144,Urbano,AVENIDA MANOEL RIBAS,5292,,,,SANTA FELICIDADE,,Domicílio particular,,-0,,11,4,82020000
410690205050144,Urbano,AVENIDA MANOEL RIBAS,5314,,,,SANTA FELICIDADE,,Domicílio particular,,-0,,11,4,82020000
410690205050144,Urbano,RUA JOAO MENEGUSSO,134,,,,SANTA FELICIDADE,,Domicílio particular,,-0,,11,1,82020450
410690205050144,Urbano,RUA JOAO MENEGUSSO,104,CASA 1,,,SANTA FELICIDADE,,Domicílio particular,,-0,,11,1,82020450
410690205050144,Urbano,RUA JOAO MENEGUSSO,104,CASA 2,,,SANTA FELICIDADE,,Domicílio particular,,-0,,11,1,82020450
410690205050144,Urbano,RUA JOAO MENEGUSSO,10,,,,SANTA FELICIDADE,,Domicílio particular,,-0,,11,1,82020450
410690205050144,Urbano,RUA JOAO MENEGUSSO,SN,,,,SANTA FELICIDADE,,Domicílio particular,,-0,,11,1,82020450
410690205050144,Urbano,AVENIDA MANOEL RIBAS,5250,,,,SANTA FELICIDADE,,Estabelecimento de outras finalidades,LOJA VAZIA,Único,,10,4,82020000
410690205050144,Urbano,AVENIDA MANOEL RIBAS,5268,,,,SANTA FELICIDADE,,Domicílio particular,,-0,,10,4,82020000
410690205050144,Urbano,AVENIDA MANOEL RIBAS,5268,,,,SANTA FELICIDADE,,Estabelecimento de outras finalidades,ARTESANATO,Único,,10,4,82020000
410690205050144,Urbano,AVENIDA MANOEL RIBAS,5244,,,,SANTA FELICIDADE,,Domicílio particular,,-0,,10,4,82020000
410690205050144,Urbano,AVENIDA MANOEL RIBAS,5224,,,,SANTA FELICIDADE,,Domicílio particular,,-0,,10,4,82020000
410690205050144,Urbano,AVENIDA MANOEL RIBAS,5224,,,,SANTA FELICIDADE,,Estabelecimento de outras finalidades,BOLSAS E ACESSORIOS,Único,,10,4,82020000
410690205050144,Urbano,AVENIDA MANOEL RIBAS,5220,,,,SANTA FELICIDADE,,Domicílio particular,,-0,,10,4,82020000
410690205050144,Urbano,RUA CAPITAO ANTONIO PEDRI,SN,,,,SANTA FELICIDADE,,Estabelecimento de outras finalidades,FABRICACAO MOVEIS,Único,,10,3,82020400
410690205050144,Urbano,RUA CAPITAO ANTONIO PEDRI,35,,,,SANTA FELICIDADE,,Estabelecimento de outras finalidades,FOGOS DE ARTIFICIO,Único,,10,3,82020400
410690205050144,Urbano,RUA CAPITAO ANTONIO PEDRI,5192,,,,SANTA FELICIDADE,,Estabelecimento de outras finalidades,CABELEILEIRO,Único,,10,3,82020400
410690205050144,Urbano,RUA CAPITAO ANTONIO PEDRI,5155,,,,SANTA FELICIDADE,,Domicílio particular,,-0,,10,3,82020400
410690205050144,Urbano,RUA CAPITAO ANTONIO PEDRI,5155,,,,SANTA FELICIDADE,,Estabelecimento de outras finalidades,CAMISETAS E SERIGRAFIA,Único,,10,3,82020400
