Código da unidade geográfica,Situação do setor,Logradouro,Número no logradouro,Complemento,Latitude,Longitude,Localidade,Ponto de referência,Espécie de endereço,Tipo de estabelecimento,Indicador de endereço,Identificação domicílio coletivo,Número da quadra,Número da face,CEP
410690205050174,Urbano,RUA ZILAH WALBACH PRESTES,19,CASA,,,SANTA FELICIDADE,,Domicílio particular,,-0,,1,3,82400307
410690205050174,Urbano,RUA ZILAH WALBACH PRESTES,18,CASA,,,SANTA FELICIDADE,,Domicílio particular,,-0,,1,3,82400307
410690205050174,Urbano,RUA ZILAH WALBACH PRESTES,17,CASA,,,SANTA FELICIDADE,,Domicílio particular,,-0,,1,3,82400307
410690205050174,Urbano,RUA ZILAH WALBACH PRESTES,16,CASA,,,SANTA FELICIDADE,,Domicílio particular,,-0,,1,3,82400307
410690205050174,Urbano,RUA ZILAH WALBACH PRESTES,15,CASA,,,SANTA FELICIDADE,,Domicílio particular,,-0,,1,3,82400307
410690205050174,Urbano,RUA ZILAH WALBACH PRESTES,14,CASA,,,SANTA FELICIDADE,,Domicílio particular,,-0,,1,3,82400307
410690205050174,Urbano,RUA ZILAH WALBACH PRESTES,13,CASA,,,SANTA FELICIDADE,,Domicílio particular,,-0,,1,3,82400307
410690205050174,Urbano,RUA ZILAH WALBACH PRESTES,12,CASA,,,SANTA FELICIDADE,,Domicílio particular,,-0,,1,3,82400307
410690205050174,Urbano,RUA ZILAH WALBACH PRESTES,11,CASA,,,SANTA FELICIDADE,,Domicílio particular,,-0,,1,3,82400307
410690205050174,Urbano,RUA ZILAH WALBACH PRESTES,10,CASA,,,SANTA FELICIDADE,,Domicílio particular,,-0,,1,3,82400307
410690205050174,Urbano,RUA ZILAH WALBACH PRESTES,9,CASA,,,SANTA FELICIDADE,,Domicílio particular,,-0,,1,3,82400307
410690205050174,Urbano,RUA ZILAH WALBACH PRESTES,8,CASA,,,SANTA FELICIDADE,,Domicílio particular,,-0,,1,3,82400307
410690205050174,Urbano,RUA ZILAH WALBACH PRESTES,7,CASA,,,SANTA FELICIDADE,,Domicílio particular,,-0,,1,3,82400307
410690205050174,Urbano,RUA ZILAH WALBACH PRESTES,6,CASA,,,SANTA FELICIDADE,,Domicílio particular,,-0,,1,3,82400307
410690205050174,Urbano,RUA ZILAH WALBACH PRESTES,5,CASA,,,SANTA FELICIDADE,,Domicílio particular,,-0,,1,3,82400307
410690205050174,Urbano,RUA ZILAH WALBACH PRESTES,4,CASA,,,SANTA FELICIDADE,,Domicílio particular,,-0,,1,3,82400307
410690205050174,Urbano,RUA ZILAH WALBACH PRESTES,3,CASA,,,SANTA FELICIDADE,,Domicílio particular,,-0,,1,3,82400307
410690205050174,Urbano,RUA ZILAH WALBACH PRESTES,2,CASA,,,SANTA FELICIDADE,,Domicílio particular,,-0,,1,3,82400307
410690205050174,Urbano,RUA ZILAH WALBACH PRESTES,1,CASA,,,SANTA FELICIDADE,,Domicílio particular,,-0,,1,3,82400307
410690205050174,Urbano,RUA ZILAH WALBACH PRESTES,69,,,,SANTA FELICIDADE,,Estabelecimento de outras finalidades,PORTARIA,Único,,1,3,82400307
410690205050174,Urbano,RUA GERONIMO MURARO,2015,CASA,,,SANTA FELICIDADE,,Domicílio particular,,-0,,1,4,82410020
410690205050174,Urbano,RUA GERONIMO MURARO,2001,CASA,,,SANTA FELICIDADE,,Domicílio particular,,-0,,1,4,82410020
410690205050174,Urbano,RUA GERONIMO MURARO,1987,CASA,,,SANTA FELICIDADE,,Domicílio particular,,-0,,1,4,82410020
410690205050174,Urbano,RUA GERONIMO MURARO,1973,CASA,,,SANTA FELICIDADE,,Domicílio particular,,-0,,1,4,82410020
410690205050174,Urbano,RUA GERONIMO MURARO,1959,CASA,,,SANTA FELICIDADE,,Domicílio particular,,-0,,1,4,82410020
410690205050174,Urbano,RUA RENASCENCA,210,CASA 1,,,SANTA FELICIDADE,,Domicílio particular,,-0,,1,6,82410110
410690205050174,Urbano,RUA RENASCENCA,SN,,,,SANTA FELICIDADE,,Edificação em construção,,-0,,1,6,82410110
410690205050174,Urbano,RUA RENASCENCA,260,SOBRADO 4,,,SANTA FELICIDADE,,Domicílio particular,,-0,,1,6,82410110
410690205050174,Urbano,RUA RENASCENCA,260,SOBRADO 3,,,SANTA FELICIDADE,,Domicílio particular,,-0,,1,6,82410110
410690205050174,Urbano,RUA RENASCENCA,260,SOBRADO 2,,,SANTA FELICIDADE,,Domicílio particular,,-0,,1,6,82410110
410690205050174,Urbano,RUA RENASCENCA,260,SOBRADO 1,,,SANTA FELICIDADE,,Domicílio particular,,-0,,1,6,82410110
410690205050174,Urbano,RUA RENASCENCA,286,CASA 4,,,SANTA FELICIDADE,,Domicílio particular,,-0,,1,6,82410110
410690205050174,Urbano,RUA RENASCENCA,286,CASA 8,,,SANTA FELICIDADE,,Domicílio particular,,-0,,1,6,82410110
410690205050174,Urbano,RUA RENASCENCA,294,CASA,,,SANTA FELICIDADE,,Domicílio particular,,-0,,1,6,82410110
410690205050174,Urbano,RUA RENASCENCA,316,CASA 13,,,SANTA FELICIDADE,,Domicílio particular,,-0,,1,6,82410110
410690205050174,Urbano,RUA RENASCENCA,316,CASA 7,,,SANTA FELICIDADE,,Domicílio particular,,-0,,1,6,82410110
410690205050174,Urbano,RUA RENASCENCA,316,CASA 3,,,SANTA FELICIDADE,,Domicílio particular,,-0,,1,6,82410110
410690205050174,Urbano,RUA RENASCENCA,316,CASA 2,,,SANTA FELICIDADE,,Domicílio particular,,-0,,1,6,82410110
410690205050174,Urbano,RUA RENASCENCA,316,CASA 6,,,SANTA FELICIDADE,,Domicílio particular,,-0,,1,6,82410110
410690205050174,Urbano,RUA RENASCENCA,SN,LOTE,,,SANTA FELICIDADE,,Edificação em construção,,-0,,1,6,82410110
410690205050174,Urbano,RUA RENASCENCA,346,CASA 10,,,SANTA FELICIDADE,,Domicílio particular,,-0,,1,6,82410110
410690205050174,Urbano,RUA RENASCENCA,360,CASA,,,SANTA FELICIDADE,,Domicílio particular,,-0,,1,6,82410110
410690205050174,Urbano,AVENIDA FRANCISCO GULIN,1720,CASA,,,SANTA FELICIDADE,,Domicílio particular,,-0,,1,7,82410010
410690205050174,Urbano,AVENIDA FRANCISCO GULIN,1740,CASA,,,SANTA FELICIDADE,,Domicílio particular,,-0,,1,7,82410010
410690205050174,Urbano,RUA FERNANDO CORREA DE AZEVEDO,SN,LOTE,,,SANTA FELICIDADE,,Edificação em construção,,-0,,2,1,82410210
410690205050174,Urbano,RUA FERNANDO CORREA DE AZEVEDO,979,CASA,,,SANTA FELICIDADE,,Domicílio particular,,-0,,2,1,82410210
410690205050174,Urbano,RUA FERNANDO CORREA DE AZEVEDO,967,CASA 1 FRENTE,,,SANTA FELICIDADE,,Domicílio particular,,-0,,2,1,82410210
410690205050174,Urbano,RUA FERNANDO CORREA DE AZEVEDO,967,CASA 2 FUNDOS,,,SANTA FELICIDADE,,Domicílio particular,,-0,,2,1,82410210
410690205050174,Urbano,RUA FERNANDO CORREA DE AZEVEDO,967,CASA 3 FUNDOS,,,SANTA FELICIDADE,,Domicílio particular,,-0,,2,1,82410210
410690205050174,Urbano,RUA FERNANDO CORREA DE AZEVEDO,955,CASA 1,,,SANTA FELICIDADE,,Domicílio particular,,-0,,2,1,82410210
410690205050174,Urbano,RUA FERNANDO CORREA DE AZEVEDO,955,CASA 2,,,SANTA FELICIDADE,,Domicílio particular,,-0,,2,1,82410210
410690205050174,Urbano,RUA FERNANDO CORREA DE AZEVEDO,939,CASA,,,SANTA FELICIDADE,,Edificação em construção,,-0,,2,1,82410210
410690205050174,Urbano,RUA FERNANDO CORREA DE AZEVEDO,925,CASA,,,SANTA FELICIDADE,,Domicílio particular,,-0,,2,1,82410210
410690205050174,Urbano,RUA FERNANDO CORREA DE AZEVEDO,911,CASA FUNDOS,,,SANTA FELICIDADE,,Domicílio particular,,-0,,2,1,82410210
410690205050174,Urbano,RUA FERNANDO CORREA DE AZEVEDO,911,CASA FRENTE,,,SANTA FELICIDADE,,Domicílio particular,,-0,,2,1,82410210
410690205050174,Urbano,RUA FERNANDO CORREA DE AZEVEDO,897,CASA,,,SANTA FELICIDADE,,Domicílio particular,,-0,,2,1,82410210
410690205050174,Urbano,RUA FERNANDO CORREA DE AZEVEDO,883,CASA,,,SANTA FELICIDADE,,Domicílio particular,,-0,,2,1,82410210
410690205050174,Urbano,RUA JOAO REFFO,1155,CASA,,,SANTA FELICIDADE,,Edificação em construção,,-0,,2,2,82410000
410690205050174,Urbano,RUA JOAO REFFO,789,CASA,,,SANTA FELICIDADE,,Domicílio particular,,-0,,2,2,82410000
410690205050174,Urbano,RUA JOSE DAMARATE,30,CASA,,,SANTA FELICIDADE,,Domicílio particular,,-0,,2,3,82410130
410690205050174,Urbano,RUA JOSE DAMARATE,30,CASA 3,,,SANTA FELICIDADE,,Domicílio particular,,-0,,2,3,82410130
410690205050174,Urbano,RUA JOSE DAMARATE,58,CASA,,,SANTA FELICIDADE,,Domicílio particular,,-0,,2,3,82410130
410690205050174,Urbano,RUA JOSE DAMARATE,74,CASA,,,SANTA FELICIDADE,,Domicílio particular,,-0,,2,3,82410130
410690205050174,Urbano,RUA JOSE DAMARATE,86,CASA FUNDOS,,,SANTA FELICIDADE,,Domicílio particular,,-0,,2,3,82410130
410690205050174,Urbano,RUA JOSE DAMARATE,86,CASA FRENTE,,,SANTA FELICIDADE,,Domicílio particular,,-0,,2,3,82410130
410690205050174,Urbano,RUA JOSE DAMARATE,100,CASA,,,SANTA FELICIDADE,,Domicílio particular,,-0,,2,3,82410130
410690205050174,Urbano,RUA JOSE DAMARATE,114,CASA,,,SANTA FELICIDADE,,Domicílio particular,,-0,,2,3,82410130
410690205050174,Urbano,RUA GERONIMO MURARO,1972,CASA 1 FRENTE,,,SANTA FELICIDADE,,Domicílio particular,,-0,,2,4,82410020
410690205050174,Urbano,RUA GERONIMO MURARO,1972,CASA 2 LADO,,,SANTA FELICIDADE,,Domicílio particular,,-0,,2,4,82410020
410690205050174,Urbano,RUA GERONIMO MURARO,SN,LOTE,,,SANTA FELICIDADE,,Domicílio particular,,-0,,2,4,82410020
410690205050174,Urbano,RUA JOSE DAMARATE,119,SOBRADO,,,SANTA FELICIDADE,,Domicílio particular,,-0,,3,1,82410130
410690205050174,Urbano,RUA JOSE DAMARATE,115,SOBRADO,,,SANTA FELICIDADE,,Domicílio particular,,-0,,3,1,82410130
410690205050174,Urbano,RUA JOSE DAMARATE,SN,SOBRADO,,,SANTA FELICIDADE,,Domicílio particular,,-0,,3,1,82410130
410690205050174,Urbano,RUA JOSE DAMARATE,97,CASA,,,SANTA FELICIDADE,,Domicílio particular,,-0,,3,1,82410130
410690205050174,Urbano,RUA JOSE DAMARATE,83,CASA,,,SANTA FELICIDADE,,Domicílio particular,,-0,,3,1,82410130
410690205050174,Urbano,RUA JOSE DAMARATE,69,CASA,,,SANTA FELICIDADE,,Domicílio particular,,-0,,3,1,82410130
410690205050174,Urbano,RUA JOSE DAMARATE,55,,,,SANTA FELICIDADE,,Estabelecimento de outras finalidades,IGREJA,Único,,3,1,82410130
410690205050174,Urbano,RUA JOSE DAMARATE,31,SOBRADO e,,,SANTA FELICIDADE,,Domicílio particular,,-0,,3,1,82410130
410690205050174,Urbano,RUA JOSE DAMARATE,31,SOBRADO d,,,SANTA FELICIDADE,,Domicílio particular,,-0,,3,1,82410130
410690205050174,Urbano,RUA JOSE DAMARATE,31,SOBRADO c,,,SANTA FELICIDADE,,Domicílio particular,,-0,,3,1,82410130
410690205050174,Urbano,RUA JOSE DAMARATE,31,SOBRADO b,,,SANTA FELICIDADE,,Domicílio particular,,-0,,3,1,82410130
410690205050174,Urbano,RUA JOSE DAMARATE,31,SOBRADO a,,,SANTA FELICIDADE,,Domicílio particular,,-0,,3,1,82410130
410690205050174,Urbano,RUA JOAO REFFO,1085,,,,SANTA FELICIDADE,,Estabelecimento de outras finalidades,OFICINA MECANICA,Único,,3,2,82410000
410690205050174,Urbano,RUA JOAO REFFO,1059,SOBRADO 6,,,SANTA FELICIDADE,,Domicílio particular,,-0,,3,2,82410000
410690205050174,Urbano,RUA JOAO REFFO,1059,SOBRADO 5,,,SANTA FELICIDADE,,Domicílio particular,,-0,,3,2,82410000
410690205050174,Urbano,RUA JOAO REFFO,1059,SOBRADO 4,,,SANTA FELICIDADE,,Domicílio particular,,-0,,3,2,82410000
410690205050174,Urbano,RUA JOAO REFFO,1059,SOBRADO 3,,,SANTA FELICIDADE,,Domicílio particular,,-0,,3,2,82410000
410690205050174,Urbano,RUA JOAO REFFO,1059,SOBRADO 2,,,SANTA FELICIDADE,,Domicílio particular,,-0,,3,2,82410000
410690205050174,Urbano,RUA JOAO REFFO,1059,SOBRADO 1,,,SANTA FELICIDADE,,Domicílio particular,,-0,,3,2,82410000
410690205050174,Urbano,RUA JOAO REFFO,1045,CASA,,,SANTA FELICIDADE,,Domicílio particular,,-0,,3,2,82410000
410690205050174,Urbano,RUA MUZAMBINHO,54,CASA,,,SANTA FELICIDADE,,Domicílio particular,,-0,,3,3,82410120
410690205050174,Urbano,RUA MUZAMBINHO,66,CASA,,,SANTA FELICIDADE,,Domicílio particular,,-0,,3,3,82410120
410690205050174,Urbano,RUA MUZAMBINHO,82,SOBRADO 1,,,SANTA FELICIDADE,,Edificação em construção,,-0,,3,3,82410120
410690205050174,Urbano,RUA MUZAMBINHO,82,SOBRADO 2,,,SANTA FELICIDADE,,Edificação em construção,,-0,,3,3,82410120
410690205050174,Urbano,RUA MUZAMBINHO,82,SOBRADO 3,,,SANTA FELICIDADE,,Edificação em construção,,-0,,3,3,82410120
410690205050174,Urbano,RUA MUZAMBINHO,82,SOBRADO 4,,,SANTA FELICIDADE,,Edificação em construção,,-0,,3,3,82410120
410690205050174,Urbano,RUA MUZAMBINHO,94,CASA 2,,,SANTA FELICIDADE,,Domicílio particular,,-0,,3,3,82410120
410690205050174,Urbano,RUA MUZAMBINHO,120,CASA 1,,,SANTA FELICIDADE,,Domicílio particular,,-0,,3,3,82410120
410690205050174,Urbano,RUA MUZAMBINHO,120,CASA 2,,,SANTA FELICIDADE,,Domicílio particular,,-0,,3,3,82410120
410690205050174,Urbano,RUA GERONIMO MURARO,1830,CASA,,,SANTA FELICIDADE,,Domicílio particular,,-0,,3,4,82410020
410690205050174,Urbano,RUA GERONIMO MURARO,1836,CASA,,,SANTA FELICIDADE,,Domicílio particular,,-0,,3,4,82410020
410690205050174,Urbano,RUA GERONIMO MURARO,1836,CASA 1,,,SANTA FELICIDADE,,Domicílio particular,,-0,,3,4,82410020
410690205050174,Urbano,RUA GERONIMO MURARO,1850,SOBRADO 1 FRENTE,,,SANTA FELICIDADE,,Domicílio particular,,-0,,3,4,82410020
410690205050174,Urbano,RUA GERONIMO MURARO,1850,SOBRADO 3 FUNDOS,,,SANTA FELICIDADE,,Domicílio particular,,-0,,3,4,82410020
410690205050174,Urbano,RUA GERONIMO MURARO,1850,SOBRADO 2 FUNDOS,,,SANTA FELICIDADE,,Domicílio particular,,-0,,3,4,82410020
410690205050174,Urbano,RUA GERONIMO MURARO,1862,SOBRADO 3 FUNDOS,,,SANTA FELICIDADE,,Domicílio particular,,-0,,3,4,82410020
410690205050174,Urbano,RUA GERONIMO MURARO,1862,SOBRADO 2 FUNDOS,,,SANTA FELICIDADE,,Domicílio particular,,-0,,3,4,82410020
410690205050174,Urbano,RUA GERONIMO MURARO,1862,SOBRADO 1 FRENTE,,,SANTA FELICIDADE,,Domicílio particular,,-0,,3,4,82410020
410690205050174,Urbano,RUA GERONIMO MURARO,1872,SOBRADO,,,SANTA FELICIDADE,,Domicílio particular,,-0,,3,4,82410020
410690205050174,Urbano,RUA GERONIMO MURARO,1880,SOBRADO,,,SANTA FELICIDADE,,Domicílio particular,,-0,,3,4,82410020
410690205050174,Urbano,RUA GERONIMO MURARO,1888,SOBRADO,,,SANTA FELICIDADE,,Domicílio particular,,-0,,3,4,82410020
410690205050174,Urbano,RUA MUZAMBINHO,99,CASA,,,SANTA FELICIDADE,,Domicílio particular,,-0,,4,1,82410120
410690205050174,Urbano,RUA MUZAMBINHO,87,CASA,,,SANTA FELICIDADE,,Domicílio particular,,-0,,4,1,82410120
410690205050174,Urbano,RUA MUZAMBINHO,57,CASA,,,SANTA FELICIDADE,,Domicílio particular,,-0,,4,1,82410120
410690205050174,Urbano,RUA MUZAMBINHO,60,CASA,,,SANTA FELICIDADE,,Domicílio particular,,-0,,4,1,82410120
410690205050174,Urbano,RUA JOAO REFFO,1003,CASA,,,SANTA FELICIDADE,,Domicílio particular,,-0,,4,2,82410000
410690205050174,Urbano,RUA JOAO REFFO,987,CASA,,,SANTA FELICIDADE,,Domicílio particular,,-0,,4,2,82410000
410690205050174,Urbano,RUA JOAO REFFO,973,,,,SANTA FELICIDADE,,Estabelecimento de outras finalidades,IGREJA BATISTA JD PINHEIROS,Múltiplo,,4,2,82410000
410690205050174,Urbano,RUA JOAO REFFO,973,CASA FUNDOS,,,SANTA FELICIDADE,,Domicílio particular,,-0,,4,2,82410000
410690205050174,Urbano,RUA JOAO REFFO,959,LOJA 3,,,SANTA FELICIDADE,,Estabelecimento de outras finalidades,LOJA DE MOVEIS,Múltiplo,,4,2,82410000
410690205050174,Urbano,RUA JOAO REFFO,959,LOJA 2,,,SANTA FELICIDADE,,Estabelecimento de outras finalidades,LOJA DE MOVEIS,Único,,4,2,82410000
410690205050174,Urbano,RUA JOAO REFFO,959,LOJA 1,,,SANTA FELICIDADE,,Estabelecimento de outras finalidades,LOJA DE MOVEIS,Único,,4,2,82410000
410690205050174,Urbano,RUA JOAO REFFO,957,CASA FUNDOS,,,SANTA FELICIDADE,,Domicílio particular,,-0,,4,2,82410000
410690205050174,Urbano,RUA JOAO REFFO,943,CASA,,,SANTA FELICIDADE,,Domicílio particular,,-0,,4,2,82410000
410690205050174,Urbano,RUA RENASCENCA,30,CASA,,,SANTA FELICIDADE,,Estabelecimento de ensino,CEAD MATHISA SUPLETIVO FUND E MEDIO,Único,,4,3,82410110
410690205050174,Urbano,RUA RENASCENCA,54,CASA,,,SANTA FELICIDADE,,Domicílio particular,,-0,,4,3,82410110
410690205050174,Urbano,RUA RENASCENCA,70,CASA,,,SANTA FELICIDADE,,Domicílio particular,,-0,,4,3,82410110
410690205050174,Urbano,RUA RENASCENCA,84,CASA 3,,,SANTA FELICIDADE,,Domicílio particular,,-0,,4,3,82410110
410690205050174,Urbano,RUA RENASCENCA,84,CASA 2,,,SANTA FELICIDADE,,Domicílio particular,,-0,,4,3,82410110
410690205050174,Urbano,RUA RENASCENCA,84,CASA 1,,,SANTA FELICIDADE,,Domicílio particular,,-0,,4,3,82410110
410690205050174,Urbano,RUA RENASCENCA,98,CASA,,,SANTA FELICIDADE,,Domicílio particular,,-0,,4,3,82410110
410690205050174,Urbano,RUA RENASCENCA,130,SOBRADO 4,,,SANTA FELICIDADE,,Domicílio particular,,-0,,4,3,82410110
410690205050174,Urbano,RUA RENASCENCA,130,SOBRADO 3,,,SANTA FELICIDADE,,Domicílio particular,,-0,,4,3,82410110
410690205050174,Urbano,RUA RENASCENCA,130,SOBRADO 2,,,SANTA FELICIDADE,,Domicílio particular,,-0,,4,3,82410110
410690205050174,Urbano,RUA RENASCENCA,130,SOBRADO 1,,,SANTA FELICIDADE,,Domicílio particular,,-0,,4,3,82410110
410690205050174,Urbano,RUA GERONIMO MURARO,447,CASA,,,SANTA FELICIDADE,,Domicílio particular,,-0,,4,4,82410020
410690205050174,Urbano,RUA GERONIMO MURARO,1746,CASA FUNDOS,,,SANTA FELICIDADE,,Domicílio particular,,-0,,4,4,82410020
410690205050174,Urbano,RUA GERONIMO MURARO,1746,CASA FRENTE,,,SANTA FELICIDADE,,Domicílio particular,,-0,,4,4,82410020
410690205050174,Urbano,RUA GERONIMO MURARO,1774,CASA,,,SANTA FELICIDADE,,Domicílio particular,,-0,,4,4,82410020
410690205050174,Urbano,RUA GERONIMO MURARO,1790,CASA,,,SANTA FELICIDADE,,Domicílio particular,,-0,,4,4,82410020
410690205050174,Urbano,RUA RENASCENCA,65,SOBRADO 4,,,SANTA FELICIDADE,,Domicílio particular,,-0,,5,1,82410110
410690205050174,Urbano,RUA RENASCENCA,65,SOBRADO 3,,,SANTA FELICIDADE,,Domicílio particular,,-0,,5,1,82410110
410690205050174,Urbano,RUA RENASCENCA,65,SOBRADO 2,,,SANTA FELICIDADE,,Domicílio particular,,-0,,5,1,82410110
410690205050174,Urbano,RUA RENASCENCA,65,SOBRADO 1,,,SANTA FELICIDADE,,Domicílio particular,,-0,,5,1,82410110
410690205050174,Urbano,RUA JOAO REFFO,895,CASA,,,SANTA FELICIDADE,,Domicílio particular,,-0,,5,2,82410000
410690205050174,Urbano,RUA JOAO REFFO,863,LOJA FRENTE,,,SANTA FELICIDADE,,Estabelecimento de outras finalidades,LOJA DE UTILIDADES,Único,,5,2,82410000
410690205050174,Urbano,RUA JOAO REFFO,863,CASA,,,SANTA FELICIDADE,,Domicílio particular,,-0,,5,2,82410000
410690205050174,Urbano,RUA JOAO REFFO,845,LOJA,,,SANTA FELICIDADE,,Estabelecimento de outras finalidades,BAR E MERCEARIA,Único,,5,2,82410000
410690205050174,Urbano,RUA JOAO REFFO,845,APARTAMENTO 3,,,SANTA FELICIDADE,,Domicílio particular,,-0,,5,2,82410000
410690205050174,Urbano,RUA JOAO REFFO,845,APARTAMENTO 2,,,SANTA FELICIDADE,,Domicílio particular,,-0,,5,2,82410000
410690205050174,Urbano,RUA JOAO REFFO,845,APARTAMENTO 1,,,SANTA FELICIDADE,,Domicílio particular,,-0,,5,2,82410000
410690205050174,Urbano,RUA JOAO REFFO,835,CASA,,,SANTA FELICIDADE,,Domicílio particular,,-0,,5,2,82410000
410690205050174,Urbano,RUA JOAO REFFO,821,LOJA 2,,,SANTA FELICIDADE,,Estabelecimento de outras finalidades,LOTERICA,Único,,5,2,82410000
410690205050174,Urbano,RUA JOAO REFFO,821,LOJA 1,,,SANTA FELICIDADE,,Domicílio particular,,-0,,5,2,82410000
410690205050174,Urbano,RUA JOAO REFFO,821,APARTAMENTO 2,,,SANTA FELICIDADE,,Estabelecimento de outras finalidades,QUITANDA,Único,,5,2,82410000
410690205050174,Urbano,RUA JOAO REFFO,821,APARTAMENTO 1,,,SANTA FELICIDADE,,Domicílio particular,,-0,,5,2,82410000
410690205050174,Urbano,RUA JOAO REFFO,807,CASA FUNDOS,,,SANTA FELICIDADE,,Domicílio particular,,-0,,5,2,82410000
410690205050174,Urbano,RUA JOAO REFFO,807,CASA FRENTE,,,SANTA FELICIDADE,,Domicílio particular,,-0,,5,2,82410000
410690205050174,Urbano,RUA JOAO REFFO,779,LOJA 2,,,SANTA FELICIDADE,,Estabelecimento de outras finalidades,SALAO DE CABELEREIRO,Único,,5,2,82410000
410690205050174,Urbano,RUA JOAO REFFO,779,LOJA 1,,,SANTA FELICIDADE,,Estabelecimento de outras finalidades,BICICLETARIA,Único,,5,2,82410000
410690205050174,Urbano,RUA JOAO REFFO,779,APARTAMENTO 2,,,SANTA FELICIDADE,,Domicílio particular,,-0,,5,2,82410000
410690205050174,Urbano,RUA JOAO REFFO,779,APARTAMENTO 1,,,SANTA FELICIDADE,,Domicílio particular,,-0,,5,2,82410000
410690205050174,Urbano,RUA JOAO REFFO,779,CASA FUNDOS,,,SANTA FELICIDADE,,Domicílio particular,,-0,,5,2,82410000
410690205050174,Urbano,RUA JOAO REFFO,765,LOJA 2,,,SANTA FELICIDADE,,Estabelecimento de outras finalidades,SAPATARIA,Único,,5,2,82410000
410690205050174,Urbano,RUA JOAO REFFO,765,LOJA 3,,,SANTA FELICIDADE,,Estabelecimento de outras finalidades,IGREJA CRISTA,Único,,5,2,82410000
410690205050174,Urbano,RUA JOAO REFFO,765,PORTA 1,,,SANTA FELICIDADE,,Estabelecimento de outras finalidades,LOJA DE CONFECCOES,Único,,5,2,82410000
410690205050174,Urbano,RUA JOAO REFFO,765,APARTAMENTO 2,,,SANTA FELICIDADE,,Domicílio particular,,-0,,5,2,82410000
410690205050174,Urbano,RUA JOAO REFFO,765,APARTAMENTO 1,,,SANTA FELICIDADE,,Domicílio particular,,-0,,5,2,82410000
410690205050174,Urbano,RUA JOAO REFFO,751,CASA,,,SANTA FELICIDADE,,Domicílio particular,,-0,,5,2,82410000
410690205050174,Urbano,RUA JOAO REFFO,737,CASA,,,SANTA FELICIDADE,,Domicílio particular,,-0,,5,2,82410000
410690205050174,Urbano,RUA JOAO REFFO,721,LOJA 3,,,SANTA FELICIDADE,,Estabelecimento de outras finalidades,COMERCIO PRODUTOS DE HIGIENE,Único,,5,2,82410000
410690205050174,Urbano,RUA JOAO REFFO,721,LOJA 2,,,SANTA FELICIDADE,,Estabelecimento de outras finalidades,CABELEIREIROS,Único,,5,2,82410000
410690205050174,Urbano,RUA MARECHAL LOTT,26,SOBRADO c,,,SANTA FELICIDADE,,Domicílio particular,,-0,,5,3,82410090
410690205050174,Urbano,RUA MARECHAL LOTT,26,SOBRADO b,,,SANTA FELICIDADE,,Domicílio particular,,-0,,5,3,82410090
410690205050174,Urbano,RUA MARECHAL LOTT,26,SOBRADO a,,,SANTA FELICIDADE,,Domicílio particular,,-0,,5,3,82410090
410690205050174,Urbano,RUA JOAO REFFO,721,LOJA 1,,,SANTA FELICIDADE,,Estabelecimento de outras finalidades,CABELEIEIROS,Único,,5,2,82410000
410690205050174,Urbano,RUA JOAO REFFO,721,APARTAMENTO 1 FUNDOS,,,SANTA FELICIDADE,,Domicílio particular,,-0,,5,2,82410000
410690205050174,Urbano,RUA SOCIOLOGO GILBERTO FREYRE,30,CASA FRENTE,,,SANTA FELICIDADE,,Domicílio particular,,-0,,5,4,82410100
410690205050174,Urbano,RUA SOCIOLOGO GILBERTO FREYRE,30,CASA FUNDOS,,,SANTA FELICIDADE,,Domicílio particular,,-0,,5,4,82410100
410690205050174,Urbano,RUA SOCIOLOGO GILBERTO FREYRE,42,CASA,,,SANTA FELICIDADE,,Domicílio particular,,-0,,5,4,82410100
410690205050174,Urbano,RUA SOCIOLOGO GILBERTO FREYRE,56,CASA FRENTE,,,SANTA FELICIDADE,,Domicílio particular,,-0,,5,4,82410100
410690205050174,Urbano,RUA SOCIOLOGO GILBERTO FREYRE,70,CASA,,,SANTA FELICIDADE,,Domicílio particular,,-0,,5,4,82410100
410690205050174,Urbano,RUA SOCIOLOGO GILBERTO FREYRE,86,CASA 2,,,SANTA FELICIDADE,,Edificação em construção,,-0,,5,4,82410100
410690205050174,Urbano,RUA SOCIOLOGO GILBERTO FREYRE,86,CASA 1,,,SANTA FELICIDADE,,Domicílio particular,,-0,,5,4,82410100
410690205050174,Urbano,RUA SOCIOLOGO GILBERTO FREYRE,98,CASA FUNDOS,,,SANTA FELICIDADE,,Domicílio particular,,-0,,5,4,82410100
410690205050174,Urbano,RUA SOCIOLOGO GILBERTO FREYRE,98,CASA FRENTE,,,SANTA FELICIDADE,,Domicílio particular,,-0,,5,4,82410100
410690205050174,Urbano,RUA SOCIOLOGO GILBERTO FREYRE,112,CASA FUNDOS,,,SANTA FELICIDADE,,Domicílio particular,,-0,,5,4,82410100
410690205050174,Urbano,RUA SOCIOLOGO GILBERTO FREYRE,112,CASA FRENTE,,,SANTA FELICIDADE,,Domicílio particular,,-0,,5,4,82410100
410690205050174,Urbano,RUA SOCIOLOGO GILBERTO FREYRE,128,CASA,,,SANTA FELICIDADE,,Domicílio particular,,-0,,5,4,82410100
410690205050174,Urbano,RUA SOCIOLOGO GILBERTO FREYRE,142,CASA FUNDOS,,,SANTA FELICIDADE,,Domicílio particular,,-0,,5,4,82410100
410690205050174,Urbano,RUA SOCIOLOGO GILBERTO FREYRE,142,CASA FRENTE,,,SANTA FELICIDADE,,Domicílio particular,,-0,,5,4,82410100
410690205050174,Urbano,RUA SOCIOLOGO GILBERTO FREYRE,156,CASA FUNDOS,,,SANTA FELICIDADE,,Domicílio particular,,-0,,5,4,82410100
410690205050174,Urbano,RUA SOCIOLOGO GILBERTO FREYRE,156,CASA FRENTE,,,SANTA FELICIDADE,,Domicílio particular,,-0,,5,4,82410100
410690205050174,Urbano,RUA SOCIOLOGO GILBERTO FREYRE,174,SOBRADO 3,,,SANTA FELICIDADE,,Domicílio particular,,-0,,5,4,82410100
410690205050174,Urbano,RUA SOCIOLOGO GILBERTO FREYRE,174,SOBRADO 2,,,SANTA FELICIDADE,,Domicílio particular,,-0,,5,4,82410100
410690205050174,Urbano,RUA RENASCENCA,119,CASA,,,SANTA FELICIDADE,,Domicílio particular,,-0,,6,1,82410110
410690205050174,Urbano,RUA SOCIOLOGO GILBERTO FREYRE,179,SOBRADO,,,SANTA FELICIDADE,,Domicílio particular,,-0,,6,2,82410100
410690205050174,Urbano,RUA SOCIOLOGO GILBERTO FREYRE,175,SOBRADO,,,SANTA FELICIDADE,,Domicílio particular,,-0,,6,2,82410100
410690205050174,Urbano,RUA SOCIOLOGO GILBERTO FREYRE,169,SOBRADO,,,SANTA FELICIDADE,,Domicílio particular,,-0,,6,2,82410100
410690205050174,Urbano,RUA SOCIOLOGO GILBERTO FREYRE,165,SOBRADO,,,SANTA FELICIDADE,,Domicílio particular,,-0,,6,2,82410100
410690205050174,Urbano,RUA SOCIOLOGO GILBERTO FREYRE,141,CASA,,,SANTA FELICIDADE,,Domicílio particular,,-0,,6,2,82410100
410690205050174,Urbano,RUA SOCIOLOGO GILBERTO FREYRE,129,CASA,,,SANTA FELICIDADE,,Domicílio particular,,-0,,6,2,82410100
410690205050174,Urbano,RUA SOCIOLOGO GILBERTO FREYRE,103,SOBRADO 4,,,SANTA FELICIDADE,,Domicílio particular,,-0,,6,2,82410100
410690205050174,Urbano,RUA SOCIOLOGO GILBERTO FREYRE,103,SOBRADO 3,,,SANTA FELICIDADE,,Domicílio particular,,-0,,6,2,82410100
410690205050174,Urbano,RUA SOCIOLOGO GILBERTO FREYRE,103,SOBRADO 2,,,SANTA FELICIDADE,,Domicílio particular,,-0,,6,2,82410100
410690205050174,Urbano,RUA SOCIOLOGO GILBERTO FREYRE,103,SOBRADO 1,,,SANTA FELICIDADE,,Domicílio particular,,-0,,6,2,82410100
410690205050174,Urbano,RUA SOCIOLOGO GILBERTO FREYRE,89,CASA,,,SANTA FELICIDADE,,Domicílio particular,,-0,,6,2,82410100
410690205050174,Urbano,RUA SOCIOLOGO GILBERTO FREYRE,75,CASA,,,SANTA FELICIDADE,,Domicílio particular,,-0,,6,2,82410100
410690205050174,Urbano,RUA SOCIOLOGO GILBERTO FREYRE,61,CASA,,,SANTA FELICIDADE,,Domicílio particular,,-0,,6,2,82410100
410690205050174,Urbano,RUA SOCIOLOGO GILBERTO FREYRE,47,CASA,,,SANTA FELICIDADE,,Domicílio particular,,-0,,6,2,82410100
410690205050174,Urbano,RUA SOCIOLOGO GILBERTO FREYRE,17,CASA,,,SANTA FELICIDADE,,Domicílio particular,,-0,,6,2,82410100
410690205050174,Urbano,RUA GERONIMO MURARO,1500,CASA,,,SANTA FELICIDADE,,Domicílio particular,,-0,,6,4,82410020
410690205050174,Urbano,RUA GERONIMO MURARO,1542,CASA,,,SANTA FELICIDADE,,Domicílio particular,,-0,,6,4,82410020
410690205050174,Urbano,RUA GERONIMO MURARO,1546,CASA 3,,,SANTA FELICIDADE,,Domicílio particular,,-0,,6,4,82410020
410690205050174,Urbano,RUA GERONIMO MURARO,1546,CASA 2,,,SANTA FELICIDADE,,Domicílio particular,,-0,,6,4,82410020
410690205050174,Urbano,RUA GERONIMO MURARO,1546,CASA 1,,,SANTA FELICIDADE,,Domicílio particular,,-0,,6,4,82410020
410690205050174,Urbano,RUA GERONIMO MURARO,1556,CASA,,,SANTA FELICIDADE,,Domicílio particular,,-0,,6,4,82410020
410690205050174,Urbano,RUA GERONIMO MURARO,1560,CASA 3,,,SANTA FELICIDADE,,Domicílio particular,,-0,,6,4,82410020
410690205050174,Urbano,RUA GERONIMO MURARO,1560,CASA 2,,,SANTA FELICIDADE,,Domicílio particular,,-0,,6,4,82410020
410690205050174,Urbano,RUA GERONIMO MURARO,1560,CASA 1,,,SANTA FELICIDADE,,Domicílio particular,,-0,,6,4,82410020
410690205050174,Urbano,RUA GERONIMO MURARO,1584,CASA a,,,SANTA FELICIDADE,,Domicílio particular,,-0,,6,4,82410020
410690205050174,Urbano,RUA GERONIMO MURARO,1584,CASA b FUNDOS,,,SANTA FELICIDADE,,Domicílio particular,,-0,,6,4,82410020
410690205050174,Urbano,RUA GERONIMO MURARO,1596,CASA,,,SANTA FELICIDADE,,Domicílio particular,,-0,,6,4,82410020
410690205050174,Urbano,RUA GERONIMO MURARO,1624,CASA 3,,,SANTA FELICIDADE,,Domicílio particular,,-0,,6,4,82410020
410690205050174,Urbano,RUA GERONIMO MURARO,1624,CASA 2,,,SANTA FELICIDADE,,Domicílio particular,,-0,,6,4,82410020
410690205050174,Urbano,RUA GERONIMO MURARO,1624,CASA 1,,,SANTA FELICIDADE,,Domicílio particular,,-0,,6,4,82410020
410690205050174,Urbano,RUA GERONIMO MURARO,1644,SOBRADO c,,,SANTA FELICIDADE,,Domicílio particular,,-0,,6,4,82410020
410690205050174,Urbano,RUA GERONIMO MURARO,1644,SOBRADO b,,,SANTA FELICIDADE,,Domicílio particular,,-0,,6,4,82410020
410690205050174,Urbano,RUA GERONIMO MURARO,1644,SOBRADO a,,,SANTA FELICIDADE,,Domicílio particular,,-0,,6,4,82410020
410690205050174,Urbano,RUA GERONIMO MURARO,1656,SOBRADO b,,,SANTA FELICIDADE,,Domicílio particular,,-0,,6,4,82410020
410690205050174,Urbano,RUA GERONIMO MURARO,1656,SOBRADO a,,,SANTA FELICIDADE,,Domicílio particular,,-0,,6,4,82410020
410690205050174,Urbano,RUA GERONIMO MURARO,1945,,,,SANTA FELICIDADE,,Domicílio particular,,-0,,1,4,82410020
410690205050174,Urbano,RUA GERONIMO MURARO,1931,,,,SANTA FELICIDADE,,Domicílio particular,,-0,,1,4,82410020
410690205050174,Urbano,RUA GERONIMO MURARO,1917,,,,SANTA FELICIDADE,,Domicílio particular,,-0,,1,4,82410020
410690205050174,Urbano,RUA GERONIMO MURARO,1903,,,,SANTA FELICIDADE,,Domicílio particular,,-0,,1,4,82410020
410690205050174,Urbano,RUA GERONIMO MURARO,1889,,,,SANTA FELICIDADE,,Domicílio particular,,-0,,1,4,82410020
410690205050174,Urbano,RUA GERONIMO MURARO,1875,,,,SANTA FELICIDADE,,Domicílio particular,,-0,,1,4,82410020
410690205050174,Urbano,RUA GERONIMO MURARO,1861,,,,SANTA FELICIDADE,,Domicílio particular,,-0,,1,4,82410020
410690205050174,Urbano,RUA GERONIMO MURARO,1833,,,,SANTA FELICIDADE,,Domicílio particular,,-0,,1,4,82410020
410690205050174,Urbano,RUA GERONIMO MURARO,1779,SOBRADO 12,,,SANTA FELICIDADE,,Domicílio particular,,-0,,1,4,82410020
410690205050174,Urbano,RUA GERONIMO MURARO,1779,SOBRADO 11,,,SANTA FELICIDADE,,Edificação em construção,,-0,,1,4,82410020
410690205050174,Urbano,RUA GERONIMO MURARO,1779,SOBRADO 10,,,SANTA FELICIDADE,,Domicílio particular,,-0,,1,4,82410020
410690205050174,Urbano,RUA GERONIMO MURARO,1779,,,,SANTA FELICIDADE,,Domicílio particular,,-0,,1,4,82410020
410690205050174,Urbano,RUA GERONIMO MURARO,1779,SOBRADO 08,,,SANTA FELICIDADE,,Domicílio particular,,-0,,1,4,82410020
410690205050174,Urbano,RUA GERONIMO MURARO,1779,SOBRADO 07,,,SANTA FELICIDADE,,Domicílio particular,,-0,,1,4,82410020
410690205050174,Urbano,RUA GERONIMO MURARO,1779,SOBRADO 06,,,SANTA FELICIDADE,,Domicílio particular,,-0,,1,4,82410020
410690205050174,Urbano,RUA GERONIMO MURARO,1779,SOBRADO 05,,,SANTA FELICIDADE,,Domicílio particular,,-0,,1,4,82410020
410690205050174,Urbano,RUA GERONIMO MURARO,1779,SOBRADO 04,,,SANTA FELICIDADE,,Domicílio particular,,-0,,1,4,82410020
410690205050174,Urbano,RUA GERONIMO MURARO,1779,SOBRADO 03,,,SANTA FELICIDADE,,Domicílio particular,,-0,,1,4,82410020
410690205050174,Urbano,RUA GERONIMO MURARO,1779,SOBRADO 02,,,SANTA FELICIDADE,,Domicílio particular,,-0,,1,4,82410020
410690205050174,Urbano,RUA GERONIMO MURARO,1779,SOBRADO 01,,,SANTA FELICIDADE,,Edificação em construção,,-0,,1,4,82410020
410690205050174,Urbano,RUA GERONIMO MURARO,1779,,,,SANTA FELICIDADE,,Estabelecimento de outras finalidades,PORTARIA DE CONDOMINIO,Único,,1,4,82410020
410690205050174,Urbano,RUA GERONIMO MURARO,1731,CASA,,,SANTA FELICIDADE,,Domicílio particular,,-0,,1,4,82410020
410690205050174,Urbano,RUA RENASCENCA,210,CASA 2,,,SANTA FELICIDADE,,Domicílio particular,,-0,,1,6,82410110
410690205050174,Urbano,RUA RENASCENCA,250,CASA,,,SANTA FELICIDADE,,Domicílio particular,,-0,,1,6,82410110
410690205050174,Urbano,RUA RENASCENCA,316,CASA 12,,,SANTA FELICIDADE,,Domicílio particular,,-0,,1,6,82410110
410690205050174,Urbano,AVENIDA FRANCISCO GULIN,1790,,,,SANTA FELICIDADE,,Edificação em construção,,-0,,1,7,82410010
410690205050174,Urbano,RUA FERNANDO CORREA DE AZEVEDO,955,CASA 3,,,SANTA FELICIDADE,,Domicílio particular,,-0,,2,1,82410210
410690205050174,Urbano,RUA FERNANDO CORREA DE AZEVEDO,939,CASA 3,,,SANTA FELICIDADE,,Edificação em construção,,-0,,2,1,82410210
410690205050174,Urbano,RUA FERNANDO CORREA DE AZEVEDO,897,CASA FUNDOS,,,SANTA FELICIDADE,,Domicílio particular,,-0,,2,1,82410210
410690205050174,Urbano,RUA JOSE DAMARATE,74,CASA FUNDOS,,,SANTA FELICIDADE,,Domicílio particular,,-0,,2,3,82410130
410690205050174,Urbano,RUA JOSE DAMARATE,86,CASA FUNDOS 3,,,SANTA FELICIDADE,,Domicílio particular,,-0,,2,3,82410130
410690205050174,Urbano,RUA JOSE DAMARATE,128,CASA,,,SANTA FELICIDADE,,Domicílio particular,,-0,,2,3,82410130
410690205050174,Urbano,RUA JOSE DAMARATE,100,CASA FUNDO 2,,,SANTA FELICIDADE,,Domicílio particular,,-0,,2,3,82410130
410690205050174,Urbano,RUA JOSE DAMARATE,100,CASA FUNDOS 2,,,SANTA FELICIDADE,,Domicílio particular,,-0,,2,3,82410130
410690205050174,Urbano,RUA JOSE DAMARATE,83,CASA FUNDO 1,,,SANTA FELICIDADE,,Edificação em construção,,-0,,3,1,82410130
410690205050174,Urbano,RUA JOSE DAMARATE,83,CASA FUNDO 2,,,SANTA FELICIDADE,,Domicílio particular,,-0,,3,1,82410130
410690205050174,Urbano,RUA JOSE DAMARATE,83,CASA FUNDO 3,,,SANTA FELICIDADE,,Domicílio particular,,-0,,3,1,82410130
410690205050174,Urbano,RUA JOAO REFFO,1073,CASA,,,SANTA FELICIDADE,,Domicílio particular,,-0,,3,2,82410000
410690205050174,Urbano,RUA JOAO REFFO,1073,FUNDOS,,,SANTA FELICIDADE,,Estabelecimento de outras finalidades,ASSA CARNES FINS DE SEMANA,Único,,3,2,82410000
410690205050174,Urbano,RUA JOAO REFFO,1045,SOBRADO,,,SANTA FELICIDADE,,Domicílio particular,,-0,,3,2,82410000
410690205050174,Urbano,RUA MUZAMBINHO,,LOTE,,,SANTA FELICIDADE,,Estabelecimento de outras finalidades,LOTE,Único,,3,3,82410120
410690205050174,Urbano,RUA GERONIMO MURARO,1836,CASA FUNDOS 1,,,SANTA FELICIDADE,,Domicílio particular,,-0,,3,4,82410020
410690205050174,Urbano,RUA RENASCENCA,54,CASA FUNDOS,,,SANTA FELICIDADE,,Domicílio particular,,-0,,4,3,82410110
410690205050174,Urbano,RUA GERONIMO MURARO,1760,CASA,,,SANTA FELICIDADE,,Domicílio particular,,-0,,4,4,82410020
410690205050174,Urbano,RUA JOAO REFFO,879,,,,SANTA FELICIDADE,,Domicílio particular,,-0,,5,2,82410000
410690205050174,Urbano,RUA JOAO REFFO,879,CASA FUNDOS,,,SANTA FELICIDADE,,Domicílio particular,,-0,,5,2,82410000
410690205050174,Urbano,RUA JOAO REFFO,835,CASA FUNDOS,,,SANTA FELICIDADE,,Domicílio particular,,-0,,5,2,82410000
410690205050174,Urbano,RUA JOAO REFFO,821,CASA FUNDOS,,,SANTA FELICIDADE,,Domicílio particular,,-0,,5,2,82410000
410690205050174,Urbano,RUA RENASCENCA,119,CASA FUNDOS 4,,,SANTA FELICIDADE,,Domicílio particular,,-0,,6,1,82410110
410690205050174,Urbano,RUA RENASCENCA,119,CASA FUNDOS 3,,,SANTA FELICIDADE,,Domicílio particular,,-0,,6,1,82410110
410690205050174,Urbano,RUA RENASCENCA,119,CASA FUNDOS 2,,,SANTA FELICIDADE,,Domicílio particular,,-0,,6,1,82410110
410690205050174,Urbano,RUA SOCIOLOGO GILBERTO FREYRE,141,CASA FUNDOS,,,SANTA FELICIDADE,,Domicílio particular,,-0,,6,2,82410100
410690205050174,Urbano,RUA SOCIOLOGO GILBERTO FREYRE,129,CASA FUNDOS 2,,,SANTA FELICIDADE,,Domicílio particular,,-0,,6,2,82410100
410690205050174,Urbano,RUA SOCIOLOGO GILBERTO FREYRE,129,CASA FUNDOS 1,,,SANTA FELICIDADE,,Domicílio particular,,-0,,6,2,82410100
410690205050174,Urbano,RUA GERONIMO MURARO,1556,CASA FUNDOS,,,SANTA FELICIDADE,,Domicílio particular,,-0,,6,4,82410020
410690205050174,Urbano,RUA GERONIMO MURARO,1560,CASA FUNDO 4,,,SANTA FELICIDADE,,Domicílio particular,,-0,,6,4,82410020
410690205050174,Urbano,RUA GERONIMO MURARO,1542,CASA FUNDOS,,,SANTA FELICIDADE,,Domicílio particular,,-0,,6,4,82410020
410690205050174,Urbano,RUA FERNANDO CORREA DE AZEVEDO,967,CASA FUNDOS 4,,,SANTA FELICIDADE,,Domicílio particular,,-0,,2,1,82410210
410690205050174,Urbano,RUA SOCIOLOGO GILBERTO FREYRE,98,CASA CASA 3,,,SANTA FELICIDADE,,Domicílio particular,,-0,,5,4,82410100
410690205050174,Urbano,RUA SOCIOLOGO GILBERTO FREYRE,86,CASA FUNDOS 2,,,SANTA FELICIDADE,,Domicílio particular,,-0,,5,4,82410100
410690205050174,Urbano,RUA SOCIOLOGO GILBERTO FREYRE,174,SOBRADO 1,,,SANTA FELICIDADE,,Domicílio particular,,-0,,5,4,82410100
410690205050174,Urbano,RUA SOCIOLOGO GILBERTO FREYRE,129,CASA FUNDOS 1,,,SANTA FELICIDADE,,Domicílio particular,,-0,,6,2,82410100
