Código da unidade geográfica,Situação do setor,Logradouro,Número no logradouro,Complemento,Latitude,Longitude,Localidade,Ponto de referência,Espécie de endereço,Tipo de estabelecimento,Indicador de endereço,Identificação domicílio coletivo,Número da quadra,Número da face,CEP
410690205050172,Urbano,RUA ANGELINA BRAGA CORTEZZI,SN,SOBRADO 02,,,SANTA FELICIDADE,,Edificação em construção,,-0,,19,2,82410370
410690205050172,Urbano,RUA ANGELINA BRAGA CORTEZZI,SN,SOBRADO 03,,,SANTA FELICIDADE,,Edificação em construção,,-0,,19,2,82410370
410690205050172,Urbano,RUA ANGELINA BRAGA CORTEZZI,SN,SOBRADO 04,,,SANTA FELICIDADE,,Edificação em construção,,-0,,19,2,82410370
410690205050172,Urbano,RUA ANGELINA BRAGA CORTEZZI,220,CASA,,,SANTA FELICIDADE,,Domicílio particular,,-0,,19,2,82410370
410690205050172,Urbano,RUA ANGELINA BRAGA CORTEZZI,236,,,,SANTA FELICIDADE,,Domicílio particular,,-0,,19,2,82410370
410690205050172,Urbano,RUA WANDA WOLF,560,CASA,,,SANTA FELICIDADE,,Domicílio particular,,-0,,19,3,82410380
410690205050172,Urbano,RUA WANDA WOLF,576,CASA,,,SANTA FELICIDADE,,Domicílio particular,,-0,,19,3,82410380
410690205050172,Urbano,RUA WANDA WOLF,596,CASA,,,SANTA FELICIDADE,,Domicílio particular,,-0,,19,3,82410380
410690205050172,Urbano,RUA ENGENHEIRO RONALD MACHADO DA LUZ,217,CASA,,,SANTA FELICIDADE,,Domicílio particular,,-0,,19,4,82410650
410690205050172,Urbano,RUA ENGENHEIRO RONALD MACHADO DA LUZ,203,CASA,,,SANTA FELICIDADE,,Domicílio particular,,-0,,19,4,82410650
410690205050172,Urbano,RUA ENGENHEIRO RONALD MACHADO DA LUZ,191,SOBRADO,,,SANTA FELICIDADE,,Domicílio particular,,-0,,19,4,82410650
410690205050172,Urbano,RUA ENGENHEIRO RONALD MACHADO DA LUZ,163,CASA,,,SANTA FELICIDADE,,Domicílio particular,,-0,,19,4,82410650
410690205050172,Urbano,RUA ENGENHEIRO RONALD MACHADO DA LUZ,151,CASA,,,SANTA FELICIDADE,,Domicílio particular,,-0,,19,4,82410650
410690205050172,Urbano,RUA ENGENHEIRO RONALD MACHADO DA LUZ,137,CASA,,,SANTA FELICIDADE,,Domicílio particular,,-0,,19,4,82410650
410690205050172,Urbano,RUA ENGENHEIRO RONALD MACHADO DA LUZ,136,CASA,,,SANTA FELICIDADE,,Domicílio particular,,-0,,19,4,82410650
410690205050172,Urbano,RUA ANGELINA BRAGA CORTEZZI,272,CASA,,,SANTA FELICIDADE,,Domicílio particular,,-0,,18,2,82410380
410690205050172,Urbano,RUA ANGELINA BRAGA CORTEZZI,286,CASA,,,SANTA FELICIDADE,,Domicílio particular,,-0,,18,2,82410380
410690205050172,Urbano,RUA ANGELINA BRAGA CORTEZZI,300,CASA FRENTE,,,SANTA FELICIDADE,,Estabelecimento de outras finalidades,DISTRB CESTA BASICA,Único,,18,2,82410380
410690205050172,Urbano,RUA ANGELINA BRAGA CORTEZZI,300,CASA FRENTE,,,SANTA FELICIDADE,,Domicílio particular,,-0,,18,2,82410380
410690205050172,Urbano,RUA ANGELINA BRAGA CORTEZZI,302,CASA FUNDOS,,,SANTA FELICIDADE,,Domicílio particular,,-0,,18,2,82410380
410690205050172,Urbano,RUA ANGELINA BRAGA CORTEZZI,314,CASA,,,SANTA FELICIDADE,,Domicílio particular,,-0,,18,2,82410380
410690205050172,Urbano,RUA ANGELINA BRAGA CORTEZZI,340,CASA,,,SANTA FELICIDADE,,Domicílio particular,,-0,,18,2,82410380
410690205050172,Urbano,RUA ANGELINA BRAGA CORTEZZI,352,CASA,,,SANTA FELICIDADE,,Domicílio particular,,-0,,18,2,82410380
410690205050172,Urbano,RUA ANGELINA BRAGA CORTEZZI,364,CASA 01,,,SANTA FELICIDADE,,Domicílio particular,,-0,,18,2,82410380
410690205050172,Urbano,RUA ANGELINA BRAGA CORTEZZI,364,CASA 02 FUNDOS,,,SANTA FELICIDADE,,Domicílio particular,,-0,,18,2,82410380
410690205050172,Urbano,RUA EDSON CAMPOS MATESICH,508,CASA,,,SANTA FELICIDADE,,Domicílio particular,,-0,,18,3,82410370
410690205050172,Urbano,RUA EDSON CAMPOS MATESICH,532,CASA,,,SANTA FELICIDADE,,Domicílio particular,,-0,,18,3,82410370
410690205050172,Urbano,RUA ANGELINA BRAGA CORTEZZI,SN,SOBRADO 01,,,SANTA FELICIDADE,,Edificação em construção,,-0,,19,2,82410370
410690205050172,Urbano,RUA ANGELINA BRAGA CORTEZZI,182,CASA,,,SANTA FELICIDADE,,Domicílio particular,,-0,,19,2,82410370
410690205050172,Urbano,RUA ANGELINA BRAGA CORTEZZI,170,CASA,,,SANTA FELICIDADE,,Domicílio particular,,-0,,19,2,82410370
410690205050172,Urbano,RUA FRANCISCO FAY NEVES,617,SOBRADO 03,,,SANTA FELICIDADE,,Domicílio particular,,-0,,19,1,82410390
410690205050172,Urbano,RUA FRANCISCO FAY NEVES,617,SOBRADO 02,,,SANTA FELICIDADE,,Domicílio particular,,-0,,19,1,82410390
410690205050172,Urbano,RUA FRANCISCO FAY NEVES,617,SOBRADO 01,,,SANTA FELICIDADE,,Domicílio particular,,-0,,19,1,82410390
410690205050172,Urbano,RUA FRANCISCO FAY NEVES,629,SOBRADO 04,,,SANTA FELICIDADE,,Domicílio particular,,-0,,19,1,82410390
410690205050172,Urbano,RUA FRANCISCO FAY NEVES,629,SOBRADO 03,,,SANTA FELICIDADE,,Domicílio particular,,-0,,19,1,82410390
410690205050172,Urbano,RUA FRANCISCO FAY NEVES,629,SOBRADO 02,,,SANTA FELICIDADE,,Domicílio particular,,-0,,19,1,82410390
410690205050172,Urbano,RUA FRANCISCO FAY NEVES,629,SOBRADO 01,,,SANTA FELICIDADE,,Domicílio particular,,-0,,19,1,82410390
410690205050172,Urbano,RUA ANGELINA BRAGA CORTEZZI,209,CASA,,,SANTA FELICIDADE,,Edificação em construção,,-0,,16,4,82410380
410690205050172,Urbano,RUA WANDA WOLF,468,SOBRADO 04,,,SANTA FELICIDADE,,Domicílio particular,,-0,,16,3,82410380
410690205050172,Urbano,RUA WANDA WOLF,468,SOBRADO 03,,,SANTA FELICIDADE,,Domicílio particular,,-0,,16,3,82410380
410690205050172,Urbano,RUA WANDA WOLF,468,SOBRADO 02,,,SANTA FELICIDADE,,Domicílio particular,,-0,,16,3,82410380
410690205050172,Urbano,RUA WANDA WOLF,468,SOBRADO 01,,,SANTA FELICIDADE,,Domicílio particular,,-0,,16,3,82410380
410690205050172,Urbano,RUA WANDA WOLF,456,CASA,,,SANTA FELICIDADE,,Domicílio particular,,-0,,16,3,82410380
410690205050172,Urbano,RUA WANDA WOLF,444,CASA FUNDOS,,,SANTA FELICIDADE,,Domicílio particular,,-0,,16,3,82410380
410690205050172,Urbano,RUA WANDA WOLF,444,SOBRADO FRENTE,,,SANTA FELICIDADE,,Edificação em construção,,-0,,16,3,82410380
410690205050172,Urbano,RUA WANDA WOLF,430,SOBRADO,,,SANTA FELICIDADE,,Domicílio particular,,-0,,16,3,82410380
410690205050172,Urbano,RUA WANDA WOLF,406,CASA B,,,SANTA FELICIDADE,,Domicílio particular,,-0,,16,3,82410380
410690205050172,Urbano,RUA WANDA WOLF,400,SOBRADO,,,SANTA FELICIDADE,,Domicílio particular,,-0,,16,3,82410380
410690205050172,Urbano,RUA IRENE TULIO,228,SOBRADO 01,,,SANTA FELICIDADE,,Domicílio particular,,-0,,16,2,82410440
410690205050172,Urbano,RUA IRENE TULIO,228,SOBRADO 02,,,SANTA FELICIDADE,,Domicílio particular,,-0,,16,2,82410440
410690205050172,Urbano,RUA IRENE TULIO,216,SOBRADO B,,,SANTA FELICIDADE,,Domicílio particular,,-0,,16,2,82410440
410690205050172,Urbano,RUA IRENE TULIO,216,SOBRADO A,,,SANTA FELICIDADE,,Domicílio particular,,-0,,16,2,82410440
410690205050172,Urbano,RUA IRENE TULIO,204,SOBRADO,,,SANTA FELICIDADE,,Domicílio particular,,-0,,16,2,82410440
410690205050172,Urbano,RUA IRENE TULIO,192,SOBRADO 04,,,SANTA FELICIDADE,,Domicílio particular,,-0,,16,2,82410440
410690205050172,Urbano,RUA IRENE TULIO,192,SOBRADO 03,,,SANTA FELICIDADE,,Domicílio particular,,-0,,16,2,82410440
410690205050172,Urbano,RUA IRENE TULIO,192,SOBRADO 02,,,SANTA FELICIDADE,,Domicílio particular,,-0,,16,2,82410440
410690205050172,Urbano,RUA IRENE TULIO,192,SOBRADO 01,,,SANTA FELICIDADE,,Domicílio particular,,-0,,16,2,82410440
410690205050172,Urbano,RUA IRENE TULIO,178,CASA,,,SANTA FELICIDADE,,Domicílio particular,,-0,,16,2,82410440
410690205050172,Urbano,RUA FRANCISCO FAY NEVES,455,SOBRADO A,,,SANTA FELICIDADE,,Domicílio particular,,-0,,16,1,82410390
410690205050172,Urbano,RUA FRANCISCO FAY NEVES,455,SOBRADO B,,,SANTA FELICIDADE,,Domicílio particular,,-0,,16,1,82410390
410690205050172,Urbano,RUA FRANCISCO FAY NEVES,455,SOBRADO C,,,SANTA FELICIDADE,,Domicílio particular,,-0,,16,1,82410390
410690205050172,Urbano,RUA FRANCISCO FAY NEVES,455,SOBRADO D,,,SANTA FELICIDADE,,Domicílio particular,,-0,,16,1,82410390
410690205050172,Urbano,RUA FRANCISCO FAY NEVES,481,SOBRADO,,,SANTA FELICIDADE,,Domicílio particular,,-0,,16,1,82410390
410690205050172,Urbano,RUA FRANCISCO FAY NEVES,493,CASA,,,SANTA FELICIDADE,,Domicílio particular,,-0,,16,1,82410390
410690205050172,Urbano,RUA FRANCISCO FAY NEVES,505,SOBRADO,,,SANTA FELICIDADE,,Domicílio particular,,-0,,16,1,82410390
410690205050172,Urbano,RUA FRANCISCO FAY NEVES,517,CASA,,,SANTA FELICIDADE,,Domicílio particular,,-0,,16,1,82410390
410690205050172,Urbano,RUA FRANCISCO FAY NEVES,539,CASA FUNDOS,,,SANTA FELICIDADE,,Domicílio particular,,-0,,16,1,82410390
410690205050172,Urbano,RUA FRANCISCO FAY NEVES,539,CASA,,,SANTA FELICIDADE,,Domicílio particular,,-0,,16,1,82410390
410690205050172,Urbano,RUA FRANCISCO FAY NEVES,541,SOBRELOJA,,,SANTA FELICIDADE,,Domicílio particular,,-0,,16,1,82410390
410690205050172,Urbano,RUA FRANCISCO FAY NEVES,543,SOBRADO,,,SANTA FELICIDADE,,Domicílio particular,,-0,,16,1,82410390
410690205050172,Urbano,RUA IRENE TULIO,163,CASA,,,SANTA FELICIDADE,,Domicílio particular,,-0,,15,4,82410380
410690205050172,Urbano,RUA IRENE TULIO,177,SOBRADO 02,,,SANTA FELICIDADE,,Domicílio particular,,-0,,15,4,82410380
410690205050172,Urbano,RUA IRENE TULIO,177,SOBRADO 01,,,SANTA FELICIDADE,,Domicílio particular,,-0,,15,4,82410380
410690205050172,Urbano,RUA IRENE TULIO,187,CASA,,,SANTA FELICIDADE,,Domicílio particular,,-0,,15,4,82410380
410690205050172,Urbano,RUA IRENE TULIO,201,SOBRADO 03,,,SANTA FELICIDADE,,Edificação em construção,,-0,,15,4,82410380
410690205050172,Urbano,RUA IRENE TULIO,201,SOBRADO 02,,,SANTA FELICIDADE,,Edificação em construção,,-0,,15,4,82410380
410690205050172,Urbano,RUA IRENE TULIO,201,SOBRADO 01,,,SANTA FELICIDADE,,Domicílio particular,,-0,,15,4,82410380
410690205050172,Urbano,RUA IRENE TULIO,213,SOBRADO,,,SANTA FELICIDADE,,Domicílio particular,,-0,,15,4,82410380
410690205050172,Urbano,RUA WANDA WOLF,360,SOBRADO F,,,SANTA FELICIDADE,,Domicílio particular,,-0,,15,3,82410380
410690205050172,Urbano,RUA WANDA WOLF,344,CASA,,,SANTA FELICIDADE,,Domicílio particular,,-0,,15,3,82410380
410690205050172,Urbano,RUA WANDA WOLF,310,CASA,,,SANTA FELICIDADE,,Domicílio particular,,-0,,15,3,82410380
410690205050172,Urbano,RUA SAO JOSE DE CALAZANS,184,CASA,,,SANTA FELICIDADE,,Domicílio particular,,-0,,15,2,82410370
410690205050172,Urbano,RUA SAO JOSE DE CALAZANS,172,CASA,,,SANTA FELICIDADE,,Domicílio particular,,-0,,15,2,82410370
410690205050172,Urbano,RUA SAO JOSE DE CALAZANS,143,SOBRADO,,,SANTA FELICIDADE,,Domicílio particular,,-0,,15,2,82410370
410690205050172,Urbano,RUA FRANCISCO FAY NEVES,361,SOBRADO,,,SANTA FELICIDADE,,Domicílio particular,,-0,,15,1,82410390
410690205050172,Urbano,RUA FRANCISCO FAY NEVES,379,CASA FRENTE,,,SANTA FELICIDADE,,Domicílio particular,,-0,,15,1,82410390
410690205050172,Urbano,RUA FRANCISCO FAY NEVES,379,CASA FUNDOS,,,SANTA FELICIDADE,,Domicílio particular,,-0,,15,1,82410390
410690205050172,Urbano,RUA FRANCISCO FAY NEVES,395,CASA,,,SANTA FELICIDADE,,Domicílio particular,,-0,,15,1,82410390
410690205050172,Urbano,RUA FRANCISCO FAY NEVES,411,CASA,,,SANTA FELICIDADE,,Domicílio particular,,-0,,15,1,82410390
410690205050172,Urbano,RUA IRENE TULIO,23,SOBRADO,,,SANTA FELICIDADE,,Domicílio particular,,-0,,4,4,82410440
410690205050172,Urbano,RUA IRENE TULIO,55,SOBRADO,,,SANTA FELICIDADE,,Domicílio particular,,-0,,4,4,82410440
410690205050172,Urbano,RUA IRENE TULIO,47,SOBRADO 06,,,SANTA FELICIDADE,,Domicílio particular,,-0,,4,4,82410440
410690205050172,Urbano,RUA IRENE TULIO,47,SOBRADO 05,,,SANTA FELICIDADE,,Domicílio particular,,-0,,4,4,82410440
410690205050172,Urbano,RUA IRENE TULIO,47,SOBRADO 04,,,SANTA FELICIDADE,,Domicílio particular,,-0,,4,4,82410440
410690205050172,Urbano,RUA IRENE TULIO,47,SOBRADO 03,,,SANTA FELICIDADE,,Domicílio particular,,-0,,4,4,82410440
410690205050172,Urbano,RUA IRENE TULIO,47,SOBRADO 02,,,SANTA FELICIDADE,,Domicílio particular,,-0,,4,4,82410440
410690205050172,Urbano,RUA IRENE TULIO,47,SOBRADO 01,,,SANTA FELICIDADE,,Domicílio particular,,-0,,4,4,82410440
410690205050172,Urbano,RUA IRENE TULIO,73,SOBRADO B,,,SANTA FELICIDADE,,Domicílio particular,,-0,,4,4,82410440
410690205050172,Urbano,RUA IRENE TULIO,73,SOBRADO A,,,SANTA FELICIDADE,,Domicílio particular,,-0,,4,4,82410440
410690205050172,Urbano,RUA FRANCISCO FAY NEVES,378,SOBRADO D,,,SANTA FELICIDADE,,Domicílio particular,,-0,,4,3,82410390
410690205050172,Urbano,RUA FRANCISCO FAY NEVES,378,SOBRADO C,,,SANTA FELICIDADE,,Domicílio particular,,-0,,4,3,82410390
410690205050172,Urbano,RUA FRANCISCO FAY NEVES,378,SOBRADO B,,,SANTA FELICIDADE,,Domicílio particular,,-0,,4,3,82410390
410690205050172,Urbano,RUA FRANCISCO FAY NEVES,378,SOBRADO A,,,SANTA FELICIDADE,,Domicílio particular,,-0,,4,3,82410390
410690205050172,Urbano,RUA FRANCISCO FAY NEVES,360,SOBRADO 01,,,SANTA FELICIDADE,,Domicílio particular,,-0,,4,3,82410390
410690205050172,Urbano,RUA FRANCISCO FAY NEVES,360,SOBRADO 02,,,SANTA FELICIDADE,,Domicílio particular,,-0,,4,3,82410390
410690205050172,Urbano,RUA SAO JOSE DE CALAZANS,100,SOBRADO 03,,,SANTA FELICIDADE,,Domicílio particular,,-0,,4,2,82410430
410690205050172,Urbano,RUA SAO JOSE DE CALAZANS,100,SOBRADO 04,,,SANTA FELICIDADE,,Domicílio particular,,-0,,4,2,82410430
410690205050172,Urbano,RUA SAO JOSE DE CALAZANS,78,SOBRADO 01,,,SANTA FELICIDADE,,Domicílio particular,,-0,,4,2,82410430
410690205050172,Urbano,RUA SAO JOSE DE CALAZANS,78,SOBRADO 02,,,SANTA FELICIDADE,,Domicílio particular,,-0,,4,2,82410430
410690205050172,Urbano,RUA SAO JOSE DE CALAZANS,25,SOBRADO 02,,,SANTA FELICIDADE,,Domicílio particular,,-0,,4,2,82410430
410690205050172,Urbano,RUA SAO JOSE DE CALAZANS,26,SOBRADO 02,,,SANTA FELICIDADE,,Domicílio particular,,-0,,4,2,82410430
410690205050172,Urbano,RUA SAO JOSE DE CALAZANS,5,SOBRADO A,,,SANTA FELICIDADE,,Domicílio particular,,-0,,4,2,82410430
410690205050172,Urbano,RUA ANGELINA BRAGA CORTEZZI,SN,SOBRADO,,,SANTA FELICIDADE,,Edificação em construção,,-0,,3,4,82410220
410690205050172,Urbano,RUA ANGELINA BRAGA CORTEZZI,55,CASA,,,SANTA FELICIDADE,,Domicílio particular,,-0,,3,4,82410220
410690205050172,Urbano,RUA ANGELINA BRAGA CORTEZZI,65,CASA,,,SANTA FELICIDADE,,Domicílio particular,,-0,,3,4,82410220
410690205050172,Urbano,RUA ANGELINA BRAGA CORTEZZI,79,CASA,,,SANTA FELICIDADE,,Domicílio particular,,-0,,3,4,82410220
410690205050172,Urbano,RUA FRANCISCO FAY NEVES,518,CASA,,,SANTA FELICIDADE,,Domicílio particular,,-0,,3,3,82410390
410690205050172,Urbano,RUA FRANCISCO FAY NEVES,506,CASA,,,SANTA FELICIDADE,,Domicílio particular,,-0,,3,3,82410390
410690205050172,Urbano,RUA FRANCISCO FAY NEVES,492,CASA,,,SANTA FELICIDADE,,Domicílio particular,,-0,,3,3,82410390
410690205050172,Urbano,RUA FRANCISCO FAY NEVES,480,CASA,,,SANTA FELICIDADE,,Domicílio particular,,-0,,3,3,82410390
410690205050172,Urbano,RUA IRENE TULIO,100,CASA,,,SANTA FELICIDADE,,Domicílio particular,,-0,,3,2,82410440
410690205050172,Urbano,RUA IRENE TULIO,80,SOBRADO 06,,,SANTA FELICIDADE,,Domicílio particular,,-0,,3,2,82410440
410690205050172,Urbano,RUA IRENE TULIO,80,SOBRADO 05,,,SANTA FELICIDADE,,Domicílio particular,,-0,,3,2,82410440
410690205050172,Urbano,RUA IRENE TULIO,80,SOBRADO 04,,,SANTA FELICIDADE,,Domicílio particular,,-0,,3,2,82410440
410690205050172,Urbano,RUA IRENE TULIO,80,SOBRADO 03,,,SANTA FELICIDADE,,Domicílio particular,,-0,,3,2,82410440
410690205050172,Urbano,RUA IRENE TULIO,80,SOBRADO 02,,,SANTA FELICIDADE,,Domicílio particular,,-0,,3,2,82410440
410690205050172,Urbano,RUA IRENE TULIO,80,SOBRADO 01,,,SANTA FELICIDADE,,Domicílio particular,,-0,,3,2,82410440
410690205050172,Urbano,RUA IRENE TULIO,63,CASA,,,SANTA FELICIDADE,,Domicílio particular,,-0,,3,2,82410440
410690205050172,Urbano,RUA IRENE TULIO,34,CASA,,,SANTA FELICIDADE,,Domicílio particular,,-0,,3,2,82410440
410690205050172,Urbano,RUA IRENE TULIO,18,CASA,,,SANTA FELICIDADE,,Domicílio particular,,-0,,3,2,82410440
410690205050172,Urbano,RUA DESEMBARGADOR EDSON NOBRE DE LACERDA,SN,CASA FUNDOS,,,SANTA FELICIDADE,,Edificação em construção,,-0,,3,1,82410400
410690205050172,Urbano,RUA DESEMBARGADOR EDSON NOBRE DE LACERDA,SN,CASA,,,SANTA FELICIDADE,,Edificação em construção,,-0,,3,1,82410400
410690205050172,Urbano,RUA DESEMBARGADOR EDSON NOBRE DE LACERDA,529,SOBRADO 04,,,SANTA FELICIDADE,,Domicílio particular,,-0,,3,1,82410400
410690205050172,Urbano,RUA DESEMBARGADOR EDSON NOBRE DE LACERDA,529,SOBRADO 03,,,SANTA FELICIDADE,,Domicílio particular,,-0,,3,1,82410400
410690205050172,Urbano,RUA DESEMBARGADOR EDSON NOBRE DE LACERDA,529,SOBRADO 02,,,SANTA FELICIDADE,,Domicílio particular,,-0,,3,1,82410400
410690205050172,Urbano,RUA DESEMBARGADOR EDSON NOBRE DE LACERDA,529,SOBRADO 01,,,SANTA FELICIDADE,,Domicílio particular,,-0,,3,1,82410400
410690205050172,Urbano,RUA DESEMBARGADOR EDSON NOBRE DE LACERDA,541,SOBRADO 03 FUNDOS,,,SANTA FELICIDADE,,Edificação em construção,,-0,,3,1,82410400
410690205050172,Urbano,RUA DESEMBARGADOR EDSON NOBRE DE LACERDA,541,SOBRADO FRENTE,,,SANTA FELICIDADE,,Domicílio particular,,-0,,3,1,82410400
410690205050172,Urbano,RUA DESEMBARGADOR EDSON NOBRE DE LACERDA,541,SOBRADO 02 FUNDOS,,,SANTA FELICIDADE,,Edificação em construção,,-0,,3,1,82410400
410690205050172,Urbano,RUA DESEMBARGADOR EDSON NOBRE DE LACERDA,555,SOBRADO 02 FRENTE,,,SANTA FELICIDADE,,Domicílio particular,,-0,,3,1,82410400
410690205050172,Urbano,RUA DESEMBARGADOR EDSON NOBRE DE LACERDA,555,SOBRADO 01 FUNDOS,,,SANTA FELICIDADE,,Edificação em construção,,-0,,3,1,82410400
410690205050172,Urbano,RUA DESEMBARGADOR EDSON NOBRE DE LACERDA,573,SOBRADO 01,,,SANTA FELICIDADE,,Domicílio particular,,-0,,3,1,82410400
410690205050172,Urbano,RUA DESEMBARGADOR EDSON NOBRE DE LACERDA,573,SOBRADO 02,,,SANTA FELICIDADE,,Domicílio particular,,-0,,3,1,82410400
410690205050172,Urbano,RUA DESEMBARGADOR EDSON NOBRE DE LACERDA,573,SOBRADO 03,,,SANTA FELICIDADE,,Domicílio particular,,-0,,3,1,82410400
410690205050172,Urbano,RUA DESEMBARGADOR EDSON NOBRE DE LACERDA,573,SOBRADO 04,,,SANTA FELICIDADE,,Domicílio particular,,-0,,3,1,82410400
410690205050172,Urbano,RUA ENGENHEIRO RONALD MACHADO DA LUZ,15,SOBRADO,,,SANTA FELICIDADE,,Domicílio particular,,-0,,2,4,82410650
410690205050172,Urbano,RUA FRANCISCO FAY NEVES,650,SOBRADO 02,,,SANTA FELICIDADE,,Domicílio particular,,-0,,2,3,82410390
410690205050172,Urbano,RUA FRANCISCO FAY NEVES,650,SOBRADO 03,,,SANTA FELICIDADE,,Domicílio particular,,-0,,2,3,82410390
410690205050172,Urbano,RUA FRANCISCO FAY NEVES,628,SOBRADO,,,SANTA FELICIDADE,,Domicílio particular,,-0,,2,3,82410390
410690205050172,Urbano,RUA FRANCISCO FAY NEVES,616,SOBRADO,,,SANTA FELICIDADE,,Domicílio particular,,-0,,2,3,82410390
410690205050172,Urbano,RUA FRANCISCO FAY NEVES,644,SOBRADO,,,SANTA FELICIDADE,,Domicílio particular,,-0,,2,3,82410390
410690205050172,Urbano,RUA ANGELINA BRAGA CORTEZZI,80,SOBRADO,,,SANTA FELICIDADE,,Edificação em construção,,-0,,2,2,82410220
410690205050172,Urbano,RUA ANGELINA BRAGA CORTEZZI,66,CASA 02 FUNDOS,,,SANTA FELICIDADE,,Domicílio particular,,-0,,2,2,82410220
410690205050172,Urbano,RUA ANGELINA BRAGA CORTEZZI,66,CASA,,,SANTA FELICIDADE,,Domicílio particular,,-0,,2,2,82410220
410690205050172,Urbano,RUA ANGELINA BRAGA CORTEZZI,56,CASA,,,SANTA FELICIDADE,,Domicílio particular,,-0,,2,2,82410220
410690205050172,Urbano,RUA ANGELINA BRAGA CORTEZZI,44,CASA,,,SANTA FELICIDADE,,Domicílio particular,,-0,,2,2,82410220
410690205050172,Urbano,RUA ANGELINA BRAGA CORTEZZI,30,CASA 02 FUNDOS,,,SANTA FELICIDADE,,Domicílio particular,,-0,,2,2,82410220
410690205050172,Urbano,RUA ANGELINA BRAGA CORTEZZI,30,CASA FRENTE,,,SANTA FELICIDADE,,Domicílio particular,,-0,,2,2,82410220
410690205050172,Urbano,RUA DESEMBARGADOR EDSON NOBRE DE LACERDA,665,SOBRADO 04,,,SANTA FELICIDADE,,Domicílio particular,,-0,,2,1,82410400
410690205050172,Urbano,RUA DESEMBARGADOR EDSON NOBRE DE LACERDA,665,SOBRADO 03,,,SANTA FELICIDADE,,Domicílio particular,,-0,,2,1,82410400
410690205050172,Urbano,RUA DESEMBARGADOR EDSON NOBRE DE LACERDA,665,SOBRADO 02,,,SANTA FELICIDADE,,Domicílio particular,,-0,,2,1,82410400
410690205050172,Urbano,RUA WANDA WOLF,92,CASA 02 FUNDOS,,,SANTA FELICIDADE,,Domicílio particular,,-0,,11,3,82410380
410690205050172,Urbano,RUA WANDA WOLF,92,CASA 01,,,SANTA FELICIDADE,,Domicílio particular,,-0,,11,3,82410380
410690205050172,Urbano,RUA WANDA WOLF,136,CASA 01,,,SANTA FELICIDADE,,Domicílio particular,,-0,,11,3,82410380
410690205050172,Urbano,RUA WANDA WOLF,136,CASA,,,SANTA FELICIDADE,,Domicílio particular,,-0,,11,3,82410380
410690205050172,Urbano,RUA PRAXEDES SILVA AVELLEDA,229,SOBRADO,,,SANTA FELICIDADE,,Domicílio particular,,-0,,11,4,82410380
410690205050172,Urbano,RUA PRAXEDES SILVA AVELLEDA,229,SOBRADO 02 FUNDOS,,,SANTA FELICIDADE,,Domicílio particular,,-0,,11,4,82410380
410690205050172,Urbano,RUA PRAXEDES SILVA AVELLEDA,215,,,,SANTA FELICIDADE,,Domicílio particular,,-0,,11,4,82410380
410690205050172,Urbano,RUA PRAXEDES SILVA AVELLEDA,205,CASA,,,SANTA FELICIDADE,,Domicílio particular,,-0,,11,4,82410380
410690205050172,Urbano,RUA PRAXEDES SILVA AVELLEDA,189,CASA,,,SANTA FELICIDADE,,Domicílio particular,,-0,,11,4,82410380
410690205050172,Urbano,RUA PRAXEDES SILVA AVELLEDA,175,SOBRADO,,,SANTA FELICIDADE,,Domicílio particular,,-0,,11,4,82410380
410690205050172,Urbano,RUA PRAXEDES SILVA AVELLEDA,175,SOBRADO 02 FUNDOS,,,SANTA FELICIDADE,,Domicílio particular,,-0,,11,4,82410380
410690205050172,Urbano,RUA PRAXEDES SILVA AVELLEDA,175,SOBRADO 03 FUNDOS,,,SANTA FELICIDADE,,Domicílio particular,,-0,,11,4,82410380
410690205050172,Urbano,RUA PRAXEDES SILVA AVELLEDA,175,SOBRADO 04 FUNDOS,,,SANTA FELICIDADE,,Domicílio particular,,-0,,11,4,82410380
410690205050172,Urbano,RUA PRAXEDES SILVA AVELLEDA,200,CASA,,,SANTA FELICIDADE,,Domicílio particular,,-0,,12,2,82410380
410690205050172,Urbano,RUA PRAXEDES SILVA AVELLEDA,226,CASA,,,SANTA FELICIDADE,,Domicílio particular,,-0,,12,2,82410380
410690205050172,Urbano,RUA PRAXEDES SILVA AVELLEDA,238,SOBRADO 01 FRENTE,,,SANTA FELICIDADE,,Domicílio particular,,-0,,12,2,82410380
410690205050172,Urbano,RUA PRAXEDES SILVA AVELLEDA,238,SOBRADO 02,,,SANTA FELICIDADE,,Domicílio particular,,-0,,12,2,82410380
410690205050172,Urbano,RUA PRAXEDES SILVA AVELLEDA,238,SOBRADO 03,,,SANTA FELICIDADE,,Domicílio particular,,-0,,12,2,82410380
410690205050172,Urbano,RUA WANDA WOLF,196,SOBRADO 01,,,SANTA FELICIDADE,,Domicílio particular,,-0,,12,3,82410380
410690205050172,Urbano,RUA WANDA WOLF,196,SOBRADO 02,,,SANTA FELICIDADE,,Domicílio particular,,-0,,12,3,82410380
410690205050172,Urbano,RUA WANDA WOLF,196,SOBRADO 03,,,SANTA FELICIDADE,,Domicílio particular,,-0,,12,3,82410380
410690205050172,Urbano,RUA WANDA WOLF,196,SOBRADO 04,,,SANTA FELICIDADE,,Domicílio particular,,-0,,12,3,82410380
410690205050172,Urbano,RUA WANDA WOLF,220,APARTAMENTO SOBRELOJA,,,SANTA FELICIDADE,,Domicílio particular,,-0,,12,3,82410380
410690205050172,Urbano,RUA WANDA WOLF,220,LOJA TERREO,,,SANTA FELICIDADE,,Estabelecimento de outras finalidades,PET SHOP ZAMBI E LAMBIS,Único,,12,3,82410380
410690205050172,Urbano,RUA WANDA WOLF,236,CASA,,,SANTA FELICIDADE,,Domicílio particular,,-0,,12,3,82410380
410690205050172,Urbano,RUA WANDA WOLF,240,CASA,,,SANTA FELICIDADE,,Domicílio particular,,-0,,12,3,82410380
410690205050172,Urbano,RUA WANDA WOLF,280,CASA,,,SANTA FELICIDADE,,Domicílio particular,,-0,,12,3,82410380
410690205050172,Urbano,RUA SAO JOSE DE CALAZANS,235,CASA,,,SANTA FELICIDADE,,Domicílio particular,,-0,,12,4,82410380
410690205050172,Urbano,RUA SAO JOSE DE CALAZANS,223,CASA,,,SANTA FELICIDADE,,Domicílio particular,,-0,,12,4,82410380
410690205050172,Urbano,RUA SAO JOSE DE CALAZANS,185,CASA,,,SANTA FELICIDADE,,Domicílio particular,,-0,,12,4,82410380
410690205050172,Urbano,RUA SAO JOSE DE CALAZANS,171,CASA 01,,,SANTA FELICIDADE,,Domicílio particular,,-0,,12,4,82410380
410690205050172,Urbano,RUA SAO JOSE DE CALAZANS,171,CASA 02,,,SANTA FELICIDADE,,Domicílio particular,,-0,,12,4,82410380
410690205050172,Urbano,RUA DESEMBARGADOR EDSON NOBRE DE LACERDA,665,SOBRADO 01,,,SANTA FELICIDADE,,Domicílio particular,,-0,,2,1,82410400
410690205050172,Urbano,RUA DESEMBARGADOR EDSON NOBRE DE LACERDA,679,SOBRADO C4,,,SANTA FELICIDADE,,Domicílio particular,,-0,,2,1,82410400
410690205050172,Urbano,RUA DESEMBARGADOR EDSON NOBRE DE LACERDA,679,SOBRADO C3,,,SANTA FELICIDADE,,Domicílio particular,,-0,,2,1,82410400
410690205050172,Urbano,RUA DESEMBARGADOR EDSON NOBRE DE LACERDA,679,SOBRADO C2,,,SANTA FELICIDADE,,Domicílio particular,,-0,,2,1,82410400
410690205050172,Urbano,RUA FRANCISCO FAY NEVES,649,CASA,,,SANTA FELICIDADE,,Domicílio particular,,-0,,19,1,82410390
410690205050172,Urbano,RUA WANDA WOLF,565,CASA,,,SANTA FELICIDADE,,Domicílio particular,,-0,,18,1,82410380
410690205050172,Urbano,RUA WANDA WOLF,577,CASA,,,SANTA FELICIDADE,,Domicílio particular,,-0,,18,1,82410380
410690205050172,Urbano,RUA WANDA WOLF,599,CASA 04,,,SANTA FELICIDADE,,Domicílio particular,,-0,,18,1,82410380
410690205050172,Urbano,RUA WANDA WOLF,599,CASA 03,,,SANTA FELICIDADE,,Domicílio particular,,-0,,18,1,82410380
410690205050172,Urbano,RUA WANDA WOLF,599,CASA 02,,,SANTA FELICIDADE,,Domicílio particular,,-0,,18,1,82410380
410690205050172,Urbano,RUA WANDA WOLF,409,CASA,,,SANTA FELICIDADE,,Domicílio particular,,-0,,17,1,82410380
410690205050172,Urbano,RUA WANDA WOLF,429,CASA,,,SANTA FELICIDADE,,Domicílio particular,,-0,,17,1,82410380
410690205050172,Urbano,RUA WANDA WOLF,453,,,,SANTA FELICIDADE,,Domicílio particular,,-0,,17,1,82410380
410690205050172,Urbano,RUA WANDA WOLF,465,CASA,,,SANTA FELICIDADE,,Domicílio particular,,-0,,17,1,82410380
410690205050172,Urbano,RUA WANDA WOLF,489,CASA 01,,,SANTA FELICIDADE,,Domicílio particular,,-0,,17,1,82410380
410690205050172,Urbano,RUA WANDA WOLF,489,CASA 02,,,SANTA FELICIDADE,,Domicílio particular,,-0,,17,1,82410380
410690205050172,Urbano,RUA WANDA WOLF,489,CASA 03,,,SANTA FELICIDADE,,Domicílio particular,,-0,,17,1,82410380
410690205050172,Urbano,RUA WANDA WOLF,489,CASA 04,,,SANTA FELICIDADE,,Domicílio particular,,-0,,17,1,82410380
410690205050172,Urbano,RUA WANDA WOLF,327,CASA,,,SANTA FELICIDADE,,Domicílio particular,,-0,,14,1,82410380
410690205050172,Urbano,RUA WANDA WOLF,345,CASA,,,SANTA FELICIDADE,,Domicílio particular,,-0,,14,1,82410380
410690205050172,Urbano,RUA WANDA WOLF,221,CASA,,,SANTA FELICIDADE,,Domicílio particular,,-0,,13,1,82410380
410690205050172,Urbano,RUA WANDA WOLF,261,CASA,,,SANTA FELICIDADE,,Domicílio particular,,-0,,13,1,82410380
410690205050172,Urbano,RUA WANDA WOLF,265,CASA,,,SANTA FELICIDADE,,Domicílio particular,,-0,,13,1,82410380
410690205050172,Urbano,RUA WANDA WOLF,95,CASA,,,SANTA FELICIDADE,,Edificação em construção,,-0,,10,1,82410380
410690205050172,Urbano,RUA WANDA WOLF,135,CASA 05,,,SANTA FELICIDADE,,Edificação em construção,,-0,,10,1,82410380
410690205050172,Urbano,RUA WANDA WOLF,135,CASA 04,,,SANTA FELICIDADE,,Edificação em construção,,-0,,10,1,82410380
410690205050172,Urbano,RUA WANDA WOLF,135,CASA 03,,,SANTA FELICIDADE,,Edificação em construção,,-0,,10,1,82410380
410690205050172,Urbano,RUA WANDA WOLF,135,CASA 02,,,SANTA FELICIDADE,,Edificação em construção,,-0,,10,1,82410380
410690205050172,Urbano,RUA PRAXEDES SILVA AVELLEDA,37,SOBRADO 07,,,SANTA FELICIDADE,,Domicílio particular,,-0,,6,4,82410420
410690205050172,Urbano,RUA PRAXEDES SILVA AVELLEDA,37,SOBRADO 06,,,SANTA FELICIDADE,,Domicílio particular,,-0,,6,4,82410420
410690205050172,Urbano,RUA PRAXEDES SILVA AVELLEDA,37,SOBRADO 05,,,SANTA FELICIDADE,,Domicílio particular,,-0,,6,4,82410420
410690205050172,Urbano,RUA PRAXEDES SILVA AVELLEDA,37,SOBRADO 04,,,SANTA FELICIDADE,,Domicílio particular,,-0,,6,4,82410420
410690205050172,Urbano,RUA PRAXEDES SILVA AVELLEDA,37,SOBRADO 03,,,SANTA FELICIDADE,,Domicílio particular,,-0,,6,4,82410420
410690205050172,Urbano,RUA PRAXEDES SILVA AVELLEDA,37,SOBRADO 02,,,SANTA FELICIDADE,,Domicílio particular,,-0,,6,4,82410420
410690205050172,Urbano,RUA PRAXEDES SILVA AVELLEDA,37,SOBRADO 01,,,SANTA FELICIDADE,,Domicílio particular,,-0,,6,4,82410420
410690205050172,Urbano,RUA PRAXEDES SILVA AVELLEDA,61,,,,SANTA FELICIDADE,,Domicílio particular,,-0,,6,4,82410420
410690205050172,Urbano,RUA PRAXEDES SILVA AVELLEDA,75,CASA,,,SANTA FELICIDADE,,Domicílio particular,,-0,,6,4,82410420
410690205050172,Urbano,RUA FRANCISCO FAY NEVES,180,SOBRADO 04,,,SANTA FELICIDADE,,Domicílio particular,,-0,,6,3,82410390
410690205050172,Urbano,RUA FRANCISCO FAY NEVES,180,SOBRADO 03,,,SANTA FELICIDADE,,Domicílio particular,,-0,,6,3,82410390
410690205050172,Urbano,RUA FRANCISCO FAY NEVES,180,SOBRADO 02,,,SANTA FELICIDADE,,Domicílio particular,,-0,,6,3,82410390
410690205050172,Urbano,RUA FRANCISCO FAY NEVES,180,SOBRADO 01,,,SANTA FELICIDADE,,Domicílio particular,,-0,,6,3,82410390
410690205050172,Urbano,RUA FRANCISCO FAY NEVES,156,CASA,,,SANTA FELICIDADE,,Domicílio particular,,-0,,6,3,82410390
410690205050172,Urbano,RUA FRANCISCO FAY NEVES,144,CASA,,,SANTA FELICIDADE,,Domicílio particular,,-0,,6,3,82410390
410690205050172,Urbano,RUA FRANCISCO FAY NEVES,122,SOBRADO,,,SANTA FELICIDADE,,Domicílio particular,,-0,,6,3,82410390
410690205050172,Urbano,RUA FRANCISCO FAY NEVES,118,SOBRADO,,,SANTA FELICIDADE,,Domicílio particular,,-0,,6,3,82410390
410690205050172,Urbano,RUA FRANCISCO FAY NEVES,114,SOBRADO,,,SANTA FELICIDADE,,Domicílio particular,,-0,,6,3,82410390
410690205050172,Urbano,RUA FRANCISCO FAY NEVES,110,SOBRADO,,,SANTA FELICIDADE,,Domicílio particular,,-0,,6,3,82410390
410690205050172,Urbano,RUA DAVID ABBUD,94,CASA FUNDOS,,,SANTA FELICIDADE,,Domicílio particular,,-0,,6,2,82410410
410690205050172,Urbano,RUA DAVID ABBUD,94,SOBRADO FRENTE,,,SANTA FELICIDADE,,Domicílio particular,,-0,,6,2,82410410
410690205050172,Urbano,RUA DAVID ABBUD,68,CASA,,,SANTA FELICIDADE,,Domicílio particular,,-0,,6,2,82410410
410690205050172,Urbano,RUA DAVID ABBUD,44,CASA,,,SANTA FELICIDADE,,Domicílio particular,,-0,,6,2,82410410
410690205050172,Urbano,RUA DAVID ABBUD,44,CASA,,,SANTA FELICIDADE,,Estabelecimento de outras finalidades,FABRICA DE GESSO,Único,,6,2,82410410
410690205050172,Urbano,RUA DAVID ABBUD,34,CASA,,,SANTA FELICIDADE,,Domicílio particular,,-0,,6,2,82410410
410690205050172,Urbano,RUA DESEMBARGADOR EDSON NOBRE DE LACERDA,153,SOBRADO A,,,SANTA FELICIDADE,,Domicílio particular,,-0,,6,1,82410400
410690205050172,Urbano,RUA DESEMBARGADOR EDSON NOBRE DE LACERDA,153,SOBRADO B,,,SANTA FELICIDADE,,Domicílio particular,,-0,,6,1,82410400
410690205050172,Urbano,RUA DESEMBARGADOR EDSON NOBRE DE LACERDA,153,SOBRADO C,,,SANTA FELICIDADE,,Domicílio particular,,-0,,6,1,82410400
410690205050172,Urbano,RUA DESEMBARGADOR EDSON NOBRE DE LACERDA,SN,SOBRADO,,,SANTA FELICIDADE,,Domicílio particular,,-0,,6,1,82410400
410690205050172,Urbano,RUA DAVID ABBUD,57,SOBRADO,,,SANTA FELICIDADE,,Domicílio particular,,-0,,7,4,82410410
410690205050172,Urbano,RUA FRANCISCO FAY NEVES,70,CASA,,,SANTA FELICIDADE,,Domicílio particular,,-0,,7,3,82410390
410690205050172,Urbano,RUA FRANCISCO FAY NEVES,52,SOBRADO 01,,,SANTA FELICIDADE,,Domicílio particular,,-0,,7,3,82410390
410690205050172,Urbano,RUA FRANCISCO FAY NEVES,52,SOBRADO 02,,,SANTA FELICIDADE,,Domicílio particular,,-0,,7,3,82410390
410690205050172,Urbano,RUA FRANCISCO FAY NEVES,52,SOBRADO 03,,,SANTA FELICIDADE,,Domicílio particular,,-0,,7,3,82410390
410690205050172,Urbano,RUA FRANCISCO FAY NEVES,52,SOBRADO 04,,,SANTA FELICIDADE,,Domicílio particular,,-0,,7,3,82410390
410690205050172,Urbano,RUA FRANCISCO FAY NEVES,52,SOBRADO 05,,,SANTA FELICIDADE,,Domicílio particular,,-0,,7,3,82410390
410690205050172,Urbano,AVENIDA FREDOLIN WOLF,3936,CASA,,,SANTA FELICIDADE,,Domicílio particular,,-0,,7,2,82115000
410690205050172,Urbano,AVENIDA FREDOLIN WOLF,3922,CASA,,,SANTA FELICIDADE,,Domicílio particular,,-0,,7,2,82115000
410690205050172,Urbano,RUA DESEMBARGADOR EDSON NOBRE DE LACERDA,67,SOBRADO,,,SANTA FELICIDADE,,Domicílio particular,,-0,,7,1,82410400
410690205050172,Urbano,RUA WANDA WOLF,660,SOBRADO 03,,,SANTA FELICIDADE,,Domicílio particular,,-0,,20,3,82410380
410690205050172,Urbano,RUA WANDA WOLF,660,SOBRADO 02,,,SANTA FELICIDADE,,Domicílio particular,,-0,,20,3,82410380
410690205050172,Urbano,RUA WANDA WOLF,660,SOBRADO 01,,,SANTA FELICIDADE,,Domicílio particular,,-0,,20,3,82410380
410690205050172,Urbano,RUA EDSON CAMPOS MATESICH,680,FUNDOS,,,SANTA FELICIDADE,,Domicílio particular,,-0,,21,3,82410370
410690205050172,Urbano,RUA EDSON CAMPOS MATESICH,680,FRENTE,,,SANTA FELICIDADE,,Estabelecimento de outras finalidades,SALAO DE CABELEIREIRO TUCA,Único,,21,3,82410370
410690205050172,Urbano,RUA EDSON CAMPOS MATESICH,670,LOJA LADO,,,SANTA FELICIDADE,,Estabelecimento de outras finalidades,CASA LOTERICA MONTE CARLO,Único,,21,3,82410370
410690205050172,Urbano,RUA EDSON CAMPOS MATESICH,670,CASA 02,,,SANTA FELICIDADE,,Domicílio particular,,-0,,21,3,82410370
410690205050172,Urbano,RUA EDSON CAMPOS MATESICH,652,CASA 02 FUNDOS,,,SANTA FELICIDADE,,Domicílio particular,,-0,,21,3,82410370
410690205050172,Urbano,RUA EDSON CAMPOS MATESICH,652,CASA,,,SANTA FELICIDADE,,Domicílio particular,,-0,,21,3,82410370
410690205050172,Urbano,RUA EDSON CAMPOS MATESICH,638,CASA,,,SANTA FELICIDADE,,Domicílio particular,,-0,,21,3,82410370
410690205050172,Urbano,RUA EDSON CAMPOS MATESICH,618,CASA,,,SANTA FELICIDADE,,Domicílio particular,,-0,,21,3,82410370
410690205050172,Urbano,RUA EDSON CAMPOS MATESICH,618,TERREO,,,SANTA FELICIDADE,,Estabelecimento de outras finalidades,CONSULTORIO DENTARIO,Único,,21,3,82410370
410690205050172,Urbano,RUA ENGENHEIRO RONALD MACHADO DA LUZ,372,CASA,,,SANTA FELICIDADE,,Domicílio particular,,-0,,21,2,82410650
410690205050172,Urbano,RUA ENGENHEIRO RONALD MACHADO DA LUZ,358,CASA,,,SANTA FELICIDADE,,Domicílio particular,,-0,,21,2,82410650
410690205050172,Urbano,RUA ENGENHEIRO RONALD MACHADO DA LUZ,346,CASA,,,SANTA FELICIDADE,,Domicílio particular,,-0,,21,2,82410650
410690205050172,Urbano,RUA ENGENHEIRO RONALD MACHADO DA LUZ,334,CASA 02 FUNDOS,,,SANTA FELICIDADE,,Domicílio particular,,-0,,21,2,82410650
410690205050172,Urbano,RUA ENGENHEIRO RONALD MACHADO DA LUZ,334,CASA 01 FRENTE,,,SANTA FELICIDADE,,Domicílio particular,,-0,,21,2,82410650
410690205050172,Urbano,RUA ENGENHEIRO RONALD MACHADO DA LUZ,320,CASA,,,SANTA FELICIDADE,,Domicílio particular,,-0,,21,2,82410650
410690205050172,Urbano,RUA ENGENHEIRO RONALD MACHADO DA LUZ,308,SOBRADO 01,,,SANTA FELICIDADE,,Domicílio particular,,-0,,21,2,82410650
410690205050172,Urbano,RUA ENGENHEIRO RONALD MACHADO DA LUZ,308,SOBRADO 02,,,SANTA FELICIDADE,,Domicílio particular,,-0,,21,2,82410650
410690205050172,Urbano,RUA ENGENHEIRO RONALD MACHADO DA LUZ,308,SOBRADO 01,,,SANTA FELICIDADE,,Domicílio particular,,-0,,21,2,82410650
410690205050172,Urbano,RUA ENGENHEIRO RONALD MACHADO DA LUZ,294,CASA,,,SANTA FELICIDADE,,Edificação em construção,,-0,,21,2,82410650
410690205050172,Urbano,RUA ENGENHEIRO RONALD MACHADO DA LUZ,SN,SOBRADO 02,,,SANTA FELICIDADE,,Edificação em construção,,-0,,20,2,82410650
410690205050172,Urbano,RUA ENGENHEIRO RONALD MACHADO DA LUZ,SN,SOBRADO 01,,,SANTA FELICIDADE,,Edificação em construção,,-0,,20,2,82410650
410690205050172,Urbano,RUA ENGENHEIRO RONALD MACHADO DA LUZ,200,CASA,,,SANTA FELICIDADE,,Domicílio particular,,-0,,20,2,82410650
410690205050172,Urbano,RUA ENGENHEIRO RONALD MACHADO DA LUZ,192,CASA,,,SANTA FELICIDADE,,Edificação em construção,,-0,,20,2,82410650
410690205050172,Urbano,RUA ENGENHEIRO RONALD MACHADO DA LUZ,160,SOBRADO 04,,,SANTA FELICIDADE,,Domicílio particular,,-0,,20,2,82410650
410690205050172,Urbano,RUA ENGENHEIRO RONALD MACHADO DA LUZ,160,SOBRADO 03,,,SANTA FELICIDADE,,Domicílio particular,,-0,,20,2,82410650
410690205050172,Urbano,RUA ENGENHEIRO RONALD MACHADO DA LUZ,160,SOBRADO 02,,,SANTA FELICIDADE,,Domicílio particular,,-0,,20,2,82410650
410690205050172,Urbano,RUA ENGENHEIRO RONALD MACHADO DA LUZ,160,SOBRADO 01,,,SANTA FELICIDADE,,Domicílio particular,,-0,,20,2,82410650
410690205050172,Urbano,RUA ENGENHEIRO RONALD MACHADO DA LUZ,158,CASA,,,SANTA FELICIDADE,,Domicílio particular,,-0,,20,2,82410650
410690205050172,Urbano,RUA FRANCISCO FAY NEVES,745,SOBRADO 10,,,SANTA FELICIDADE,,Domicílio particular,,-0,,20,1,82410390
410690205050172,Urbano,RUA FRANCISCO FAY NEVES,745,SOBRADO 09,,,SANTA FELICIDADE,,Domicílio particular,,-0,,20,1,82410390
410690205050172,Urbano,RUA FRANCISCO FAY NEVES,745,SOBRADO 08,,,SANTA FELICIDADE,,Domicílio particular,,-0,,20,1,82410390
410690205050172,Urbano,RUA FRANCISCO FAY NEVES,745,SOBRADO 07,,,SANTA FELICIDADE,,Domicílio particular,,-0,,20,1,82410390
410690205050172,Urbano,RUA FRANCISCO FAY NEVES,745,SOBRADO 06,,,SANTA FELICIDADE,,Domicílio particular,,-0,,20,1,82410390
410690205050172,Urbano,RUA FRANCISCO FAY NEVES,745,SOBRADO 05,,,SANTA FELICIDADE,,Domicílio particular,,-0,,20,1,82410390
410690205050172,Urbano,RUA FRANCISCO FAY NEVES,745,SOBRADO 04,,,SANTA FELICIDADE,,Domicílio particular,,-0,,20,1,82410390
410690205050172,Urbano,RUA FRANCISCO FAY NEVES,745,SOBRADO 03,,,SANTA FELICIDADE,,Domicílio particular,,-0,,20,1,82410390
410690205050172,Urbano,RUA FRANCISCO FAY NEVES,745,SOBRADO 02,,,SANTA FELICIDADE,,Domicílio particular,,-0,,20,1,82410390
410690205050172,Urbano,RUA FRANCISCO FAY NEVES,745,SOBRADO 01,,,SANTA FELICIDADE,,Domicílio particular,,-0,,20,1,82410390
410690205050172,Urbano,RUA FRANCISCO FAY NEVES,760,CASA 01,,,SANTA FELICIDADE,,Domicílio particular,,-0,,1,3,82410390
410690205050172,Urbano,RUA FRANCISCO FAY NEVES,760,CASA 02,,,SANTA FELICIDADE,,Domicílio particular,,-0,,1,3,82410390
410690205050172,Urbano,RUA FRANCISCO FAY NEVES,760,CASA 03,,,SANTA FELICIDADE,,Domicílio particular,,-0,,1,3,82410390
410690205050172,Urbano,RUA FRANCISCO FAY NEVES,760,CASA 04,,,SANTA FELICIDADE,,Domicílio particular,,-0,,1,3,82410390
410690205050172,Urbano,RUA FRANCISCO FAY NEVES,736,CASA,,,SANTA FELICIDADE,,Domicílio particular,,-0,,1,3,82410390
410690205050172,Urbano,RUA DEPUTADO CARLOS RENEE EGG,155,SOBRADO 03,,,SANTA FELICIDADE,,Domicílio particular,,-0,,20,4,82410450
410690205050172,Urbano,RUA DEPUTADO CARLOS RENEE EGG,155,SOBRADO 02,,,SANTA FELICIDADE,,Domicílio particular,,-0,,20,4,82410450
410690205050172,Urbano,RUA DEPUTADO CARLOS RENEE EGG,155,SOBRADO 01,,,SANTA FELICIDADE,,Domicílio particular,,-0,,20,4,82410450
410690205050172,Urbano,RUA DEPUTADO CARLOS RENEE EGG,169,CASA 04,,,SANTA FELICIDADE,,Domicílio particular,,-0,,20,4,82410450
410690205050172,Urbano,RUA DEPUTADO CARLOS RENEE EGG,169,CASA 03,,,SANTA FELICIDADE,,Domicílio particular,,-0,,20,4,82410450
410690205050172,Urbano,RUA DEPUTADO CARLOS RENEE EGG,169,CASA 02,,,SANTA FELICIDADE,,Domicílio particular,,-0,,20,4,82410450
410690205050172,Urbano,RUA DEPUTADO CARLOS RENEE EGG,169,CASA 01,,,SANTA FELICIDADE,,Domicílio particular,,-0,,20,4,82410450
410690205050172,Urbano,RUA EDSON CAMPOS MATESICH,532,,,,SANTA FELICIDADE,,Estabelecimento de outras finalidades,SUPERMERCADO ALFA,Único,,18,3,82410370
410690205050172,Urbano,RUA ENGENHEIRO RONALD MACHADO DA LUZ,347,CASA,,,SANTA FELICIDADE,,Domicílio particular,,-0,,18,4,82410650
410690205050172,Urbano,RUA ENGENHEIRO RONALD MACHADO DA LUZ,335,CASA 01,,,SANTA FELICIDADE,,Domicílio particular,,-0,,18,4,82410650
410690205050172,Urbano,RUA ENGENHEIRO RONALD MACHADO DA LUZ,309,SOBRADO B,,,SANTA FELICIDADE,,Domicílio particular,,-0,,18,4,82410650
410690205050172,Urbano,RUA ENGENHEIRO RONALD MACHADO DA LUZ,309,SOBRADO A,,,SANTA FELICIDADE,,Domicílio particular,,-0,,18,4,82410650
410690205050172,Urbano,RUA ENGENHEIRO RONALD MACHADO DA LUZ,309,SOBRADO C,,,SANTA FELICIDADE,,Domicílio particular,,-0,,18,4,82410650
410690205050172,Urbano,RUA ENGENHEIRO RONALD MACHADO DA LUZ,281,SOBRADO B,,,SANTA FELICIDADE,,Domicílio particular,,-0,,18,4,82410650
410690205050172,Urbano,RUA ENGENHEIRO RONALD MACHADO DA LUZ,281,SOBRADO A,,,SANTA FELICIDADE,,Domicílio particular,,-0,,18,4,82410650
410690205050172,Urbano,RUA ENGENHEIRO RONALD MACHADO DA LUZ,281,SOBRADO C,,,SANTA FELICIDADE,,Domicílio particular,,-0,,18,4,82410650
410690205050172,Urbano,RUA IRENE TULIO,278,CASA,,,SANTA FELICIDADE,,Domicílio particular,,-0,,17,2,82410380
410690205050172,Urbano,RUA IRENE TULIO,292,SOBRADO,,,SANTA FELICIDADE,,Domicílio particular,,-0,,17,2,82410380
410690205050172,Urbano,RUA IRENE TULIO,304,CASA,,,SANTA FELICIDADE,,Domicílio particular,,-0,,17,2,82410380
410690205050172,Urbano,RUA IRENE TULIO,316,SOBRADO 01,,,SANTA FELICIDADE,,Domicílio particular,,-0,,17,2,82410380
410690205050172,Urbano,RUA IRENE TULIO,316,SOBRADO 02,,,SANTA FELICIDADE,,Domicílio particular,,-0,,17,2,82410380
410690205050172,Urbano,RUA IRENE TULIO,316,SOBRADO 03,,,SANTA FELICIDADE,,Domicílio particular,,-0,,17,2,82410380
410690205050172,Urbano,RUA IRENE TULIO,316,SOBRADO 04,,,SANTA FELICIDADE,,Domicílio particular,,-0,,17,2,82410380
410690205050172,Urbano,RUA IRENE TULIO,330,SOBRADO 01,,,SANTA FELICIDADE,,Domicílio particular,,-0,,17,2,82410380
410690205050172,Urbano,RUA IRENE TULIO,330,SOBRADO 02,,,SANTA FELICIDADE,,Domicílio particular,,-0,,17,2,82410380
410690205050172,Urbano,RUA IRENE TULIO,330,SOBRADO 03,,,SANTA FELICIDADE,,Domicílio particular,,-0,,17,2,82410380
410690205050172,Urbano,RUA IRENE TULIO,330,SOBRADO 04,,,SANTA FELICIDADE,,Domicílio particular,,-0,,17,2,82410380
410690205050172,Urbano,RUA IRENE TULIO,344,SOBRADO 01,,,SANTA FELICIDADE,,Domicílio particular,,-0,,17,2,82410380
410690205050172,Urbano,RUA IRENE TULIO,344,SOBRADO 02,,,SANTA FELICIDADE,,Domicílio particular,,-0,,17,2,82410380
410690205050172,Urbano,RUA IRENE TULIO,344,SOBRADO 03,,,SANTA FELICIDADE,,Domicílio particular,,-0,,17,2,82410380
410690205050172,Urbano,RUA IRENE TULIO,344,SOBRADO 04,,,SANTA FELICIDADE,,Domicílio particular,,-0,,17,2,82410380
410690205050172,Urbano,RUA IRENE TULIO,356,CASA,,,SANTA FELICIDADE,,Domicílio particular,,-0,,17,2,82410380
410690205050172,Urbano,RUA IRENE TULIO,368,CASA,,,SANTA FELICIDADE,,Domicílio particular,,-0,,17,2,82410380
410690205050172,Urbano,RUA EDSON CAMPOS MATESICH,368,CASA,,,SANTA FELICIDADE,,Domicílio particular,,-0,,17,3,82410370
410690205050172,Urbano,RUA EDSON CAMPOS MATESICH,390,CASA,,,SANTA FELICIDADE,,Domicílio particular,,-0,,17,3,82410370
410690205050172,Urbano,RUA EDSON CAMPOS MATESICH,112,CASA,,,SANTA FELICIDADE,,Domicílio particular,,-0,,17,3,82410370
410690205050172,Urbano,RUA EDSON CAMPOS MATESICH,414,CASA,,,SANTA FELICIDADE,,Domicílio particular,,-0,,17,3,82410370
410690205050172,Urbano,RUA EDSON CAMPOS MATESICH,426,CASA,,,SANTA FELICIDADE,,Domicílio particular,,-0,,17,3,82410370
410690205050172,Urbano,RUA EDSON CAMPOS MATESICH,426,CASA 02 FUNDOS,,,SANTA FELICIDADE,,Domicílio particular,,-0,,17,3,82410370
410690205050172,Urbano,RUA ANGELINA BRAGA CORTEZZI,365,CASA,,,SANTA FELICIDADE,,Domicílio particular,,-0,,17,4,82410370
410690205050172,Urbano,RUA ANGELINA BRAGA CORTEZZI,353,CASA,,,SANTA FELICIDADE,,Domicílio particular,,-0,,17,4,82410370
410690205050172,Urbano,RUA ANGELINA BRAGA CORTEZZI,341,CASA,,,SANTA FELICIDADE,,Domicílio particular,,-0,,17,4,82410370
410690205050172,Urbano,RUA ANGELINA BRAGA CORTEZZI,329,SOBRADO 01,,,SANTA FELICIDADE,,Domicílio particular,,-0,,17,4,82410370
410690205050172,Urbano,RUA ANGELINA BRAGA CORTEZZI,329,SOBRADO 02,,,SANTA FELICIDADE,,Domicílio particular,,-0,,17,4,82410370
410690205050172,Urbano,RUA ANGELINA BRAGA CORTEZZI,329,SOBRADO 03,,,SANTA FELICIDADE,,Domicílio particular,,-0,,17,4,82410370
410690205050172,Urbano,RUA ANGELINA BRAGA CORTEZZI,329,SOBRADO 04,,,SANTA FELICIDADE,,Domicílio particular,,-0,,17,4,82410370
410690205050172,Urbano,RUA ANGELINA BRAGA CORTEZZI,329,SOBRADO 05,,,SANTA FELICIDADE,,Domicílio particular,,-0,,17,4,82410370
410690205050172,Urbano,RUA ANGELINA BRAGA CORTEZZI,315,SOBRADO 01,,,SANTA FELICIDADE,,Domicílio particular,,-0,,17,4,82410370
410690205050172,Urbano,RUA ANGELINA BRAGA CORTEZZI,315,SOBRADO 02,,,SANTA FELICIDADE,,Domicílio particular,,-0,,17,4,82410370
410690205050172,Urbano,RUA ANGELINA BRAGA CORTEZZI,315,SOBRADO 03,,,SANTA FELICIDADE,,Domicílio particular,,-0,,17,4,82410370
410690205050172,Urbano,RUA ANGELINA BRAGA CORTEZZI,315,SOBRADO 04,,,SANTA FELICIDADE,,Domicílio particular,,-0,,17,4,82410370
410690205050172,Urbano,RUA ANGELINA BRAGA CORTEZZI,301,CASA,,,SANTA FELICIDADE,,Domicílio particular,,-0,,17,4,82410370
410690205050172,Urbano,RUA SAO JOSE DE CALAZANS,290,CASA,,,SANTA FELICIDADE,,Domicílio particular,,-0,,14,2,82410380
410690205050172,Urbano,RUA SAO JOSE DE CALAZANS,314,CASA,,,SANTA FELICIDADE,,Domicílio particular,,-0,,14,2,82410380
410690205050172,Urbano,RUA SAO JOSE DE CALAZANS,326,CASA,,,SANTA FELICIDADE,,Domicílio particular,,-0,,14,2,82410380
410690205050172,Urbano,RUA SAO JOSE DE CALAZANS,338,CASA,,,SANTA FELICIDADE,,Domicílio particular,,-0,,14,2,82410380
410690205050172,Urbano,RUA SAO JOSE DE CALAZANS,338,FUNDOS,,,SANTA FELICIDADE,,Estabelecimento de outras finalidades,OFICINA DE AUTOS,Único,,14,2,82410380
410690205050172,Urbano,RUA SAO JOSE DE CALAZANS,352,,,,SANTA FELICIDADE,,Domicílio particular,,-0,,14,2,82410380
410690205050172,Urbano,RUA SAO JOSE DE CALAZANS,364,CASA,,,SANTA FELICIDADE,,Domicílio particular,,-0,,14,2,82410380
410690205050172,Urbano,RUA SAO JOSE DE CALAZANS,366,CASA,,,SANTA FELICIDADE,,Domicílio particular,,-0,,14,2,82410380
410690205050172,Urbano,RUA EDSON CAMPOS MATESICH,272,CASA,,,SANTA FELICIDADE,,Domicílio particular,,-0,,14,3,82410370
410690205050172,Urbano,RUA EDSON CAMPOS MATESICH,324,CASA,,,SANTA FELICIDADE,,Domicílio particular,,-0,,14,3,82410370
410690205050172,Urbano,RUA IRENE TULIO,353,CASA,,,SANTA FELICIDADE,,Domicílio particular,,-0,,14,4,82410370
410690205050172,Urbano,RUA IRENE TULIO,341,SOBRADO 01,,,SANTA FELICIDADE,,Edificação em construção,,-0,,14,4,82410370
410690205050172,Urbano,RUA IRENE TULIO,341,SOBRADO 02,,,SANTA FELICIDADE,,Edificação em construção,,-0,,14,4,82410370
410690205050172,Urbano,RUA IRENE TULIO,341,SOBRADO 03,,,SANTA FELICIDADE,,Edificação em construção,,-0,,14,4,82410370
410690205050172,Urbano,RUA IRENE TULIO,329,CASA,,,SANTA FELICIDADE,,Domicílio particular,,-0,,14,4,82410370
410690205050172,Urbano,RUA IRENE TULIO,315,CASA,,,SANTA FELICIDADE,,Domicílio particular,,-0,,14,4,82410370
410690205050172,Urbano,RUA IRENE TULIO,309,CASA 01,,,SANTA FELICIDADE,,Domicílio particular,,-0,,14,4,82410370
410690205050172,Urbano,RUA IRENE TULIO,309,CASA 02 FUNDOS,,,SANTA FELICIDADE,,Domicílio particular,,-0,,14,4,82410370
410690205050172,Urbano,RUA IRENE TULIO,285,CASA,,,SANTA FELICIDADE,,Domicílio particular,,-0,,14,4,82410370
410690205050172,Urbano,RUA PRAXEDES SILVA AVELLEDA,306,CASA,,,SANTA FELICIDADE,,Domicílio particular,,-0,,13,2,82410380
410690205050172,Urbano,RUA PRAXEDES SILVA AVELLEDA,332,CASA,,,SANTA FELICIDADE,,Domicílio particular,,-0,,13,2,82410380
410690205050172,Urbano,RUA PRAXEDES SILVA AVELLEDA,346,CASA,,,SANTA FELICIDADE,,Domicílio particular,,-0,,13,2,82410380
410690205050172,Urbano,RUA PRAXEDES SILVA AVELLEDA,360,CASA,,,SANTA FELICIDADE,,Domicílio particular,,-0,,13,2,82410380
410690205050172,Urbano,RUA PRAXEDES SILVA AVELLEDA,384,,,,SANTA FELICIDADE,,Domicílio particular,,-0,,13,2,82410380
410690205050172,Urbano,RUA PRAXEDES SILVA AVELLEDA,398,CASA,,,SANTA FELICIDADE,,Domicílio particular,,-0,,13,2,82410380
410690205050172,Urbano,RUA EDSON CAMPOS MATESICH,162,CASA,,,SANTA FELICIDADE,,Domicílio particular,,-0,,13,3,82410380
410690205050172,Urbano,RUA EDSON CAMPOS MATESICH,200,APARTAMENTO SOBRELOJA,,,SANTA FELICIDADE,,Domicílio particular,,-0,,13,3,82410380
410690205050172,Urbano,RUA EDSON CAMPOS MATESICH,200,TERREO,,,SANTA FELICIDADE,,Estabelecimento de outras finalidades,ARMAZEM E LANCHONETE D MAIOR,Único,,13,3,82410380
410690205050172,Urbano,RUA EDSON CAMPOS MATESICH,226,CASA,,,SANTA FELICIDADE,,Domicílio particular,,-0,,13,3,82410380
410690205050172,Urbano,RUA SAO JOSE DE CALAZANS,393,CASA,,,SANTA FELICIDADE,,Domicílio particular,,-0,,13,4,82410380
410690205050172,Urbano,RUA SAO JOSE DE CALAZANS,365,CASA,,,SANTA FELICIDADE,,Domicílio particular,,-0,,13,4,82410380
410690205050172,Urbano,RUA SAO JOSE DE CALAZANS,353,CASA,,,SANTA FELICIDADE,,Domicílio particular,,-0,,13,4,82410380
410690205050172,Urbano,RUA SAO JOSE DE CALAZANS,339,CASA,,,SANTA FELICIDADE,,Domicílio particular,,-0,,13,4,82410380
410690205050172,Urbano,RUA SAO JOSE DE CALAZANS,325,CASA,,,SANTA FELICIDADE,,Domicílio particular,,-0,,13,4,82410380
410690205050172,Urbano,RUA SAO JOSE DE CALAZANS,315,CASA 01,,,SANTA FELICIDADE,,Domicílio particular,,-0,,13,4,82410380
410690205050172,Urbano,RUA SAO JOSE DE CALAZANS,315,CASA 02 FUNDOS,,,SANTA FELICIDADE,,Domicílio particular,,-0,,13,4,82410380
410690205050172,Urbano,RUA SAO JOSE DE CALAZANS,315,CASA 03 FUNDOS,,,SANTA FELICIDADE,,Domicílio particular,,-0,,13,4,82410380
410690205050172,Urbano,RUA SAO JOSE DE CALAZANS,301,CASA,,,SANTA FELICIDADE,,Domicílio particular,,-0,,13,4,82410380
410690205050172,Urbano,RUA DAVID ABBUD,314,,,,SANTA FELICIDADE,,Domicílio particular,,-0,,10,2,82410380
410690205050172,Urbano,RUA DAVID ABBUD,56,CASA,,,SANTA FELICIDADE,,Domicílio particular,,-0,,10,2,82410380
410690205050172,Urbano,RUA DAVID ABBUD,340,CASA,,,SANTA FELICIDADE,,Domicílio particular,,-0,,10,2,82410380
410690205050172,Urbano,RUA DAVID ABBUD,354,CASA,,,SANTA FELICIDADE,,Domicílio particular,,-0,,10,2,82410380
410690205050172,Urbano,RUA DAVID ABBUD,366,CASA,,,SANTA FELICIDADE,,Domicílio particular,,-0,,10,2,82410380
410690205050172,Urbano,RUA DAVID ABBUD,378,CASA 01,,,SANTA FELICIDADE,,Domicílio particular,,-0,,10,2,82410380
410690205050172,Urbano,RUA DAVID ABBUD,378,CASA 02,,,SANTA FELICIDADE,,Domicílio particular,,-0,,10,2,82410380
410690205050172,Urbano,RUA DAVID ABBUD,378,CASA 03,,,SANTA FELICIDADE,,Domicílio particular,,-0,,10,2,82410380
410690205050172,Urbano,RUA DAVID ABBUD,378,CASA 04,,,SANTA FELICIDADE,,Domicílio particular,,-0,,10,2,82410380
410690205050172,Urbano,RUA DAVID ABBUD,390,CASA,,,SANTA FELICIDADE,,Domicílio particular,,-0,,10,2,82410380
410690205050172,Urbano,RUA DAVID ABBUD,390,CASA 02,,,SANTA FELICIDADE,,Estabelecimento de outras finalidades,ALFAIATARIA,Único,,10,2,82410380
410690205050172,Urbano,RUA DAVID ABBUD,390,CASA 02,,,SANTA FELICIDADE,,Domicílio particular,,-0,,10,2,82410380
410690205050172,Urbano,RUA DAVID ABBUD,406,CASA,,,SANTA FELICIDADE,,Estabelecimento de outras finalidades,ESCRITORIO DE CONSTRUTORA,Único,,10,2,82410380
410690205050172,Urbano,RUA DAVID ABBUD,406,CASA,,,SANTA FELICIDADE,,Domicílio particular,,-0,,10,2,82410380
410690205050172,Urbano,RUA EDSON CAMPOS MATESICH,36,CASA,,,SANTA FELICIDADE,,Domicílio particular,,-0,,10,3,82410380
410690205050172,Urbano,RUA EDSON CAMPOS MATESICH,38,CASA,,,SANTA FELICIDADE,,Domicílio particular,,-0,,10,3,82410380
410690205050172,Urbano,RUA EDSON CAMPOS MATESICH,60,SOBRADO 01,,,SANTA FELICIDADE,,Domicílio particular,,-0,,10,3,82410380
410690205050172,Urbano,RUA EDSON CAMPOS MATESICH,60,SOBRADO 02,,,SANTA FELICIDADE,,Domicílio particular,,-0,,10,3,82410380
410690205050172,Urbano,RUA EDSON CAMPOS MATESICH,60,SOBRADO 03,,,SANTA FELICIDADE,,Domicílio particular,,-0,,10,3,82410380
410690205050172,Urbano,RUA EDSON CAMPOS MATESICH,60,SOBRADO 04,,,SANTA FELICIDADE,,Domicílio particular,,-0,,10,3,82410380
410690205050172,Urbano,RUA EDSON CAMPOS MATESICH,60,SOBRADO 05,,,SANTA FELICIDADE,,Domicílio particular,,-0,,10,3,82410380
410690205050172,Urbano,RUA EDSON CAMPOS MATESICH,60,SOBRADO 06,,,SANTA FELICIDADE,,Domicílio particular,,-0,,10,3,82410380
410690205050172,Urbano,RUA EDSON CAMPOS MATESICH,60,SOBRADO 07,,,SANTA FELICIDADE,,Domicílio particular,,-0,,10,3,82410380
410690205050172,Urbano,RUA EDSON CAMPOS MATESICH,104,SOBRADO,,,SANTA FELICIDADE,,Domicílio particular,,-0,,10,3,82410380
410690205050172,Urbano,RUA EDSON CAMPOS MATESICH,106,SOBRADO,,,SANTA FELICIDADE,,Domicílio particular,,-0,,10,3,82410380
410690205050172,Urbano,RUA EDSON CAMPOS MATESICH,108,SOBRADO,,,SANTA FELICIDADE,,Domicílio particular,,-0,,10,3,82410380
410690205050172,Urbano,RUA EDSON CAMPOS MATESICH,110,SOBRADO,,,SANTA FELICIDADE,,Domicílio particular,,-0,,10,3,82410380
410690205050172,Urbano,RUA PRAXEDES SILVA AVELLEDA,383,CASA,,,SANTA FELICIDADE,,Domicílio particular,,-0,,10,4,82410380
410690205050172,Urbano,RUA PRAXEDES SILVA AVELLEDA,345,CASA,,,SANTA FELICIDADE,,Domicílio particular,,-0,,10,4,82410380
410690205050172,Urbano,RUA PRAXEDES SILVA AVELLEDA,331,CASA,,,SANTA FELICIDADE,,Domicílio particular,,-0,,10,4,82410380
410690205050172,Urbano,RUA PRAXEDES SILVA AVELLEDA,319,SOBRELOJA,,,SANTA FELICIDADE,,Domicílio particular,,-0,,10,4,82410380
410690205050172,Urbano,RUA PRAXEDES SILVA AVELLEDA,319,SOBRADO 02 FUNDOS,,,SANTA FELICIDADE,,Domicílio particular,,-0,,10,4,82410380
410690205050172,Urbano,RUA PRAXEDES SILVA AVELLEDA,319,SOBRADO 03 FUNDOS,,,SANTA FELICIDADE,,Domicílio particular,,-0,,10,4,82410380
410690205050172,Urbano,RUA PRAXEDES SILVA AVELLEDA,305,SOBRADO 01,,,SANTA FELICIDADE,,Domicílio particular,,-0,,10,4,82410380
410690205050172,Urbano,RUA PRAXEDES SILVA AVELLEDA,305,SOBRADO 02,,,SANTA FELICIDADE,,Domicílio particular,,-0,,10,4,82410380
410690205050172,Urbano,RUA PRAXEDES SILVA AVELLEDA,SN,SOBRADO,,,SANTA FELICIDADE,,Edificação em construção,,-0,,10,4,82410380
410690205050172,Urbano,RUA DAVID ABBUD,54,CASA,,,SANTA FELICIDADE,,Domicílio particular,,-0,,9,3,82410400
410690205050172,Urbano,RUA DAVID ABBUD,200,SOBRADO 01,,,SANTA FELICIDADE,,Domicílio particular,,-0,,11,2,82410380
410690205050172,Urbano,RUA DAVID ABBUD,200,SOBRADO 02,,,SANTA FELICIDADE,,Domicílio particular,,-0,,11,2,82410380
410690205050172,Urbano,RUA DAVID ABBUD,200,SOBRADO 03,,,SANTA FELICIDADE,,Domicílio particular,,-0,,11,2,82410380
410690205050172,Urbano,RUA DAVID ABBUD,200,SOBRADO 04,,,SANTA FELICIDADE,,Domicílio particular,,-0,,11,2,82410380
410690205050172,Urbano,RUA DAVID ABBUD,200,SOBRADO 05,,,SANTA FELICIDADE,,Domicílio particular,,-0,,11,2,82410380
410690205050172,Urbano,RUA DAVID ABBUD,200,SOBRADO 06,,,SANTA FELICIDADE,,Domicílio particular,,-0,,11,2,82410380
410690205050172,Urbano,RUA DAVID ABBUD,200,SOBRADO 07,,,SANTA FELICIDADE,,Domicílio particular,,-0,,11,2,82410380
410690205050172,Urbano,RUA DAVID ABBUD,200,SOBRADO 08,,,SANTA FELICIDADE,,Domicílio particular,,-0,,11,2,82410380
410690205050172,Urbano,RUA DAVID ABBUD,238,CASA 01,,,SANTA FELICIDADE,,Domicílio particular,,-0,,11,2,82410380
410690205050172,Urbano,RUA DAVID ABBUD,238,CASA 02,,,SANTA FELICIDADE,,Domicílio particular,,-0,,11,2,82410380
410690205050172,Urbano,RUA WANDA WOLF,70,SOBRADO,,,SANTA FELICIDADE,,Domicílio particular,,-0,,11,3,82410380
410690205050172,Urbano,RUA WANDA WOLF,72,CASA,,,SANTA FELICIDADE,,Domicílio particular,,-0,,11,3,82410380
410690205050172,Urbano,RUA WANDA WOLF,94,CASA,,,SANTA FELICIDADE,,Domicílio particular,,-0,,11,3,82410380
410690205050172,Urbano,RUA WANDA WOLF,94,CASA 02,,,SANTA FELICIDADE,,Domicílio particular,,-0,,11,3,82410380
410690205050172,Urbano,RUA SAO JOSE DE CALAZANS,157,CASA,,,SANTA FELICIDADE,,Domicílio particular,,-0,,12,4,82410380
410690205050172,Urbano,RUA SAO JOSE DE CALAZANS,155,CASA,,,SANTA FELICIDADE,,Domicílio particular,,-0,,12,4,82410380
410690205050172,Urbano,RUA WANDA WOLF,707,CASA 02,,,SANTA FELICIDADE,,Domicílio particular,,-0,,21,1,82410380
410690205050172,Urbano,RUA WANDA WOLF,687,CASA,,,SANTA FELICIDADE,,Domicílio particular,,-0,,21,1,82410380
410690205050172,Urbano,RUA WANDA WOLF,687,CASA 02,,,SANTA FELICIDADE,,Domicílio particular,,-0,,21,1,82410380
410690205050172,Urbano,RUA WANDA WOLF,675,CASA A,,,SANTA FELICIDADE,,Domicílio particular,,-0,,21,1,82410380
410690205050172,Urbano,RUA WANDA WOLF,675,SOBRADO 02,,,SANTA FELICIDADE,,Domicílio particular,,-0,,21,1,82410380
410690205050172,Urbano,RUA WANDA WOLF,675,SOBRADO 03,,,SANTA FELICIDADE,,Domicílio particular,,-0,,21,1,82410380
410690205050172,Urbano,RUA WANDA WOLF,651,CASA 03,,,SANTA FELICIDADE,,Domicílio particular,,-0,,21,1,82410380
410690205050172,Urbano,RUA DEPUTADO CARLOS RENEE EGG,345,CASA,,,SANTA FELICIDADE,,Domicílio particular,,-0,,21,4,82410450
410690205050172,Urbano,RUA DEPUTADO CARLOS RENEE EGG,333,CASA 01,,,SANTA FELICIDADE,,Domicílio particular,,-0,,21,4,82410450
410690205050172,Urbano,RUA DEPUTADO CARLOS RENEE EGG,309,CASA,,,SANTA FELICIDADE,,Domicílio particular,,-0,,21,4,82410450
410690205050172,Urbano,RUA DEPUTADO CARLOS RENEE EGG,295,CASA,,,SANTA FELICIDADE,,Domicílio particular,,-0,,21,4,82410450
410690205050172,Urbano,RUA DEPUTADO CARLOS RENEE EGG,283,CHACARA,,,SANTA FELICIDADE,,Domicílio particular,,-0,,21,4,82410450
410690205050172,Urbano,RUA DEPUTADO CARLOS RENEE EGG,269,CASA,,,SANTA FELICIDADE,,Domicílio particular,,-0,,21,4,82410450
410690205050172,Urbano,RUA DEPUTADO CARLOS RENEE EGG,269,CHACARA FUNDOS,,,SANTA FELICIDADE,,Domicílio particular,,-0,,21,4,82410450
410690205050172,Urbano,RUA DESEMBARGADOR EDSON NOBRE DE LACERDA,SN,,,,SANTA FELICIDADE,,Estabelecimento de outras finalidades,OFICINA LATOARIA E PINTURA DE AUTOS,Único,,1,1,82410400
410690205050172,Urbano,RUA DESEMBARGADOR EDSON NOBRE DE LACERDA,SN,CASA,,,SANTA FELICIDADE,,Domicílio particular,,-0,,1,1,82410400
410690205050172,Urbano,RUA DESEMBARGADOR EDSON NOBRE DE LACERDA,761,CHACARA 01,,,SANTA FELICIDADE,,Domicílio particular,,-0,,1,1,82410400
410690205050172,Urbano,RUA DESEMBARGADOR EDSON NOBRE DE LACERDA,761,CHACARA 02,,,SANTA FELICIDADE,,Edificação em construção,,-0,,1,1,82410400
410690205050172,Urbano,RUA DESEMBARGADOR EDSON NOBRE DE LACERDA,761,CHACARA 03,,,SANTA FELICIDADE,,Edificação em construção,,-0,,1,1,82410400
410690205050172,Urbano,RUA DESEMBARGADOR EDSON NOBRE DE LACERDA,SN,CASA,,,SANTA FELICIDADE,,Edificação em construção,,-0,,1,1,82410400
410690205050172,Urbano,RUA DESEMBARGADOR EDSON NOBRE DE LACERDA,731,CASA,,,SANTA FELICIDADE,,Edificação em construção,,-0,,1,1,82410400
410690205050172,Urbano,RUA ENGENHEIRO RONALD MACHADO DA LUZ,13,CASA,,,SANTA FELICIDADE,,Domicílio particular,,-0,,1,2,82410650
410690205050172,Urbano,RUA DEPUTADO CARLOS RENEE EGG,51,CASA,,,SANTA FELICIDADE JARDIM IPE,,Domicílio particular,,-0,,1,4,0
410690205050172,Urbano,RUA DEPUTADO CARLOS RENEE EGG,51,CASA FUNDOS,,,SANTA FELICIDADE JARDIM IPE,,Edificação em construção,,-0,,1,4,0
410690205050172,Urbano,RUA DEPUTADO CARLOS RENEE EGG,37,CASA,,,SANTA FELICIDADE JARDIM IPE,,Domicílio particular,,-0,,1,4,0
410690205050172,Urbano,RUA DEPUTADO CARLOS RENEE EGG,37,CASA FUNDOS,,,SANTA FELICIDADE JARDIM IPE,,Domicílio particular,,-0,,1,4,0
410690205050172,Urbano,RUA DEPUTADO CARLOS RENEE EGG,21,CASA,,,SANTA FELICIDADE JARDIM IPE,,Domicílio particular,,-0,,1,4,0
410690205050172,Urbano,RUA ENGENHEIRO RONALD MACHADO DA LUZ,59,CASA,,,SANTA FELICIDADE,,Domicílio particular,,-0,,2,4,82410650
410690205050172,Urbano,RUA DESEMBARGADOR EDSON NOBRE DE LACERDA,555,SOBRADO 3,,,SANTA FELICIDADE,,Edificação em construção,,-0,,3,1,82410400
410690205050172,Urbano,RUA ANGELINA BRAGA CORTEZZI,31,SOBRADO 1,,,SANTA FELICIDADE,,Edificação em construção,,-0,,3,4,82410220
410690205050172,Urbano,RUA ANGELINA BRAGA CORTEZZI,31,SOBRADO 2,,,SANTA FELICIDADE,,Edificação em construção,,-0,,3,4,82410220
410690205050172,Urbano,RUA ANGELINA BRAGA CORTEZZI,31,SOBRADO 3,,,SANTA FELICIDADE,,Edificação em construção,,-0,,3,4,82410220
410690205050172,Urbano,RUA DAVID ABBUD,18,,,,SANTA FELICIDADE,,Domicílio particular,,-0,,6,2,82410410
410690205050172,Urbano,RUA DESEMBARGADOR EDSON NOBRE DE LACERDA,67,SOBRADO 2,,,SANTA FELICIDADE,,Domicílio particular,,-0,,7,1,82410400
410690205050172,Urbano,RUA DESEMBARGADOR EDSON NOBRE DE LACERDA,67,SOBRADO 3,,,SANTA FELICIDADE,,Domicílio particular,,-0,,7,1,82410400
410690205050172,Urbano,AVENIDA FREDOLIN WOLF,3962,CASA,,,SANTA FELICIDADE,,Domicílio particular,,-0,,7,2,82115000
410690205050172,Urbano,RUA ENGENHEIRO RONALD MACHADO DA LUZ,87,CASA,,,SANTA FELICIDADE,,Domicílio particular,,-0,,2,4,82410650
410690205050172,Urbano,AVENIDA FREDOLIN WOLF,4036,CASA,,,SANTA FELICIDADE,,Estabelecimento de outras finalidades,LOJA MATERIAL DE CONSTRCAO,Único,,8,2,82410400
410690205050172,Urbano,AVENIDA FREDOLIN WOLF,4036,CASA,,,SANTA FELICIDADE,,Domicílio particular,,-0,,8,2,82410400
410690205050172,Urbano,AVENIDA FREDOLIN WOLF,4140,,,,SANTA FELICIDADE,,Estabelecimento de outras finalidades,POSTO DE COMBUSTIVEL IPIRANGA,Único,,8,2,82410400
410690205050172,Urbano,RUA DAVID ABBUD,SN,CONJUNTO SOBRADO,,,SANTA FELICIDADE,,Edificação em construção,,-0,,8,4,82410400
410690205050172,Urbano,RUA FRANCISCO FAY NEVES,SN,CONJUNTO SOBRADO,,,SANTA FELICIDADE,,Edificação em construção,,-0,,8,1,82410400
410690205050172,Urbano,AVENIDA FREDOLIN WOLF,SN,GRUPO LOJA,,,SANTA FELICIDADE,,Edificação em construção,,-0,,8,2,82410400
410690205050172,Urbano,RUA WANDA WOLF,4,CASA,,,SANTA FELICIDADE,,Domicílio particular,,-0,,9,1,82410400
410690205050172,Urbano,RUA WANDA WOLF,73,CASA,,,SANTA FELICIDADE,,Estabelecimento de outras finalidades,MANUTENCAO DE AR CONDICIONADO,Único,,10,1,82410380
410690205050172,Urbano,RUA WANDA WOLF,73,CASA,,,SANTA FELICIDADE,,Domicílio particular,,-0,,10,1,82410380
410690205050172,Urbano,RUA FRANCISCO FAY NEVES,117,SOBRADO 2,,,SANTA FELICIDADE,,Domicílio particular,,-0,,11,1,82410380
410690205050172,Urbano,RUA FRANCISCO FAY NEVES,117,SOBRADO 3,,,SANTA FELICIDADE,,Domicílio particular,,-0,,11,1,82410380
410690205050172,Urbano,RUA FRANCISCO FAY NEVES,117,SOBRADO 4,,,SANTA FELICIDADE,,Domicílio particular,,-0,,11,1,82410380
410690205050172,Urbano,RUA FRANCISCO FAY NEVES,169,SOBRADO 2,,,SANTA FELICIDADE,,Domicílio particular,,-0,,11,1,82410380
410690205050172,Urbano,RUA FRANCISCO FAY NEVES,169,SOBRADO 1,,,SANTA FELICIDADE,,Domicílio particular,,-0,,11,1,82410380
410690205050172,Urbano,RUA FRANCISCO FAY NEVES,149,SOBRADO 1,,,SANTA FELICIDADE,,Edificação em construção,,-0,,11,1,82410380
410690205050172,Urbano,RUA FRANCISCO FAY NEVES,149,SOBRADO 2,,,SANTA FELICIDADE,,Edificação em construção,,-0,,11,1,82410380
410690205050172,Urbano,RUA DAVID ABBUD,158,SOBRADO,,,SANTA FELICIDADE,,Domicílio particular,,-0,,11,2,82410380
410690205050172,Urbano,RUA PRAXEDES SILVA AVELLEDA,229,SOBRADO 3,,,SANTA FELICIDADE,,Domicílio particular,,-0,,11,4,82410380
410690205050172,Urbano,RUA PRAXEDES SILVA AVELLEDA,SN,SOBRADO,,,SANTA FELICIDADE,,Edificação em construção,,-0,,11,4,82410380
410690205050172,Urbano,RUA FRANCISCO FAY NEVES,315,SOBRADO 4,,,SANTA FELICIDADE,,Domicílio particular,,-0,,12,1,82410380
410690205050172,Urbano,RUA FRANCISCO FAY NEVES,315,SOBRADO 2,,,SANTA FELICIDADE,,Domicílio particular,,-0,,12,1,82410380
410690205050172,Urbano,RUA FRANCISCO FAY NEVES,315,SOBRADO 1,,,SANTA FELICIDADE,,Domicílio particular,,-0,,12,1,82410380
410690205050172,Urbano,RUA FRANCISCO FAY NEVES,287,CASA,,,SANTA FELICIDADE,,Domicílio particular,,-0,,12,1,82410380
410690205050172,Urbano,RUA FRANCISCO FAY NEVES,275,CASA,,,SANTA FELICIDADE,,Domicílio particular,,-0,,12,1,82410380
410690205050172,Urbano,RUA SAO JOSE DE CALAZANS,197,CASA,,,SANTA FELICIDADE,,Domicílio particular,,-0,,12,4,82410380
410690205050172,Urbano,RUA SAO JOSE DE CALAZANS,211,CASA,,,SANTA FELICIDADE,,Domicílio particular,,-0,,12,4,82410380
410690205050172,Urbano,RUA WANDA WOLF,195,SOBRADO 4,,,SANTA FELICIDADE,,Domicílio particular,,-0,,13,1,82410380
410690205050172,Urbano,RUA WANDA WOLF,195,SOBRADO 3,,,SANTA FELICIDADE,,Domicílio particular,,-0,,13,1,82410380
410690205050172,Urbano,RUA WANDA WOLF,195,SOBRADO 2,,,SANTA FELICIDADE,,Domicílio particular,,-0,,13,1,82410380
410690205050172,Urbano,RUA WANDA WOLF,195,SOBRADO 1,,,SANTA FELICIDADE,,Domicílio particular,,-0,,13,1,82410380
410690205050172,Urbano,RUA EDSON CAMPOS MATESICH,186,CASA 1,,,SANTA FELICIDADE,,Domicílio particular,,-0,,13,3,82410380
410690205050172,Urbano,RUA EDSON CAMPOS MATESICH,186,CASA 2,,,SANTA FELICIDADE,,Domicílio particular,,-0,,13,3,82410380
410690205050172,Urbano,RUA EDSON CAMPOS MATESICH,200,CASA 3,,,SANTA FELICIDADE,,Domicílio particular,,-0,,13,3,82410380
410690205050172,Urbano,RUA EDSON CAMPOS MATESICH,186,CASA 3,,,SANTA FELICIDADE,,Domicílio particular,,-0,,13,3,82410380
410690205050172,Urbano,RUA EDSON CAMPOS MATESICH,186,CASA 4,,,SANTA FELICIDADE,,Domicílio particular,,-0,,13,3,82410380
410690205050172,Urbano,RUA EDSON CAMPOS MATESICH,200,CASA 2,,,SANTA FELICIDADE,,Domicílio particular,,-0,,13,3,82410380
410690205050172,Urbano,RUA EDSON CAMPOS MATESICH,200,CASA 4,,,SANTA FELICIDADE,,Domicílio particular,,-0,,13,3,82410380
410690205050172,Urbano,RUA EDSON CAMPOS MATESICH,226,ANEXO,,,SANTA FELICIDADE,,Domicílio particular,,-0,,13,3,82410380
410690205050172,Urbano,RUA FRANCISCO FAY NEVES,517,CASA FUNDOS,,,SANTA FELICIDADE,,Domicílio particular,,-0,,16,1,82410390
410690205050172,Urbano,RUA ANGELINA BRAGA CORTEZZI,195,SOBRADO 1,,,SANTA FELICIDADE,,Edificação em construção,,-0,,16,4,82410380
410690205050172,Urbano,RUA ANGELINA BRAGA CORTEZZI,195,SOBRADO 2,,,SANTA FELICIDADE,,Edificação em construção,,-0,,16,4,82410380
410690205050172,Urbano,RUA ANGELINA BRAGA CORTEZZI,195,SOBRADO 3,,,SANTA FELICIDADE,,Edificação em construção,,-0,,16,4,82410380
410690205050172,Urbano,RUA ANGELINA BRAGA CORTEZZI,195,SOBRADO 4,,,SANTA FELICIDADE,,Edificação em construção,,-0,,16,4,82410380
410690205050172,Urbano,RUA ANGELINA BRAGA CORTEZZI,181,SOBRADO 1,,,SANTA FELICIDADE,,Edificação em construção,,-0,,16,4,82410380
410690205050172,Urbano,RUA ANGELINA BRAGA CORTEZZI,181,SOBRADO 2,,,SANTA FELICIDADE,,Edificação em construção,,-0,,16,4,82410380
410690205050172,Urbano,RUA ANGELINA BRAGA CORTEZZI,181,SOBRADO 3,,,SANTA FELICIDADE,,Edificação em construção,,-0,,16,4,82410380
410690205050172,Urbano,RUA ANGELINA BRAGA CORTEZZI,181,SOBRADO 4,,,SANTA FELICIDADE,,Edificação em construção,,-0,,16,4,82410380
410690205050172,Urbano,RUA ANGELINA BRAGA CORTEZZI,169,CASA,,,SANTA FELICIDADE,,Domicílio particular,,-0,,16,4,82410380
410690205050172,Urbano,RUA WANDA WOLF,441,CASA 2,,,SANTA FELICIDADE,,Domicílio particular,,-0,,17,1,82410380
410690205050172,Urbano,RUA WANDA WOLF,441,CAIS 3,,,SANTA FELICIDADE,,Domicílio particular,,-0,,17,1,82410380
410690205050172,Urbano,AVENIDA FREDOLIN WOLF,3936,CASA FRENTE,,,SANTA FELICIDADE,,Domicílio particular,,-0,,7,2,82115000
410690205050172,Urbano,RUA SAO JOSE DE CALAZANS,155,CAIS 2,,,SANTA FELICIDADE,,Domicílio particular,,-0,,12,4,82410380
410690205050172,Urbano,RUA WANDA WOLF,599,SOBRADO 1,,,SANTA FELICIDADE,,Domicílio particular,,-0,,18,1,82410380
410690205050172,Urbano,RUA ENGENHEIRO RONALD MACHADO DA LUZ,295,CASA,,,SANTA FELICIDADE,,Domicílio particular,,-0,,18,4,82410650
410690205050172,Urbano,RUA EDSON CAMPOS MATESICH,562,ANEXO,,,SANTA FELICIDADE,,Estabelecimento de outras finalidades,DEPOSITO BUTIJAO GAS LIQUIGAS,Único,,18,3,82410370
410690205050172,Urbano,RUA EDSON CAMPOS MATESICH,562,SOBRELOJA,,,SANTA FELICIDADE,,Estabelecimento de outras finalidades,CNFECCAO DE ROUPAS,Único,,18,3,82410370
410690205050172,Urbano,RUA EDSON CAMPOS MATESICH,562,SOBRELOJA,,,SANTA FELICIDADE,,Domicílio particular,,-0,,18,3,82410370
410690205050172,Urbano,RUA EDSON CAMPOS MATESICH,562,LOJA SN,,,SANTA FELICIDADE,,Estabelecimento de outras finalidades,SALAO BELEZA,Único,,18,3,82410370
410690205050172,Urbano,RUA EDSON CAMPOS MATESICH,562,LOJA SN,,,SANTA FELICIDADE,,Estabelecimento de outras finalidades,LOJA PRESENTES SUELI,Único,,18,3,82410370
410690205050172,Urbano,RUA EDSON CAMPOS MATESICH,562,LOJA SN,,,SANTA FELICIDADE,,Estabelecimento de outras finalidades,AVIARI CANTO DO AZULAO,Único,,18,3,82410370
410690205050172,Urbano,RUA ANGELINA BRAGA CORTEZZI,156,CASA,,,SANTA FELICIDADE,,Domicílio particular,,-0,,19,2,82410370
410690205050172,Urbano,RUA ANGELINA BRAGA CORTEZZI,208,CASA,,,SANTA FELICIDADE,,Domicílio particular,,-0,,19,2,82410370
410690205050172,Urbano,RUA ANGELINA BRAGA CORTEZZI,220,CASA FUNDOS,,,SANTA FELICIDADE,,Domicílio particular,,-0,,19,2,82410370
410690205050172,Urbano,RUA ENGENHEIRO RONALD MACHADO DA LUZ,310,SOBRADO 3,,,SANTA FELICIDADE,,Edificação em construção,,-0,,20,2,82410650
410690205050172,Urbano,RUA ENGENHEIRO RONALD MACHADO DA LUZ,310,SOBRADO 4,,,SANTA FELICIDADE,,Edificação em construção,,-0,,20,2,82410650
410690205050172,Urbano,RUA DEPUTADO CARLOS RENEE EGG,195,CASA,,,SANTA FELICIDADE,,Edificação em construção,,-0,,20,4,82410450
410690205050172,Urbano,RUA DEPUTADO CARLOS RENEE EGG,323,CASA,,,SANTA FELICIDADE,,Domicílio particular,,-0,,21,4,82410450
410690205050172,Urbano,RUA EDSON CAMPOS MATESICH,638,CASA FUNDOS,,,SANTA FELICIDADE,,Domicílio particular,,-0,,21,3,82410370
410690205050172,Urbano,RUA ENGENHEIRO RONALD MACHADO DA LUZ,358,CASA FUNDOS,,,SANTA FELICIDADE,,Domicílio particular,,-0,,21,2,82410650
410690205050172,Urbano,RUA ENGENHEIRO RONALD MACHADO DA LUZ,294,SOBRADO 2,,,SANTA FELICIDADE,,Edificação em construção,,-0,,21,2,82410650
410690205050172,Urbano,RUA WANDA WOLF,654,SOBRADO 4,,,SANTA FELICIDADE,,Domicílio particular,,-0,,21,1,82410380
410690205050172,Urbano,RUA WANDA WOLF,651,SOBRADO 2,,,SANTA FELICIDADE,,Domicílio particular,,-0,,21,1,82410380
410690205050172,Urbano,RUA WANDA WOLF,651,SOBRADO 1,,,SANTA FELICIDADE,,Domicílio particular,,-0,,21,1,82410380
410690205050172,Urbano,RUA EDSON CAMPOS MATESICH,638,CASA FUNDOS 2,,,SANTA FELICIDADE,,Domicílio particular,,-0,,21,3,82410370
410690205050172,Urbano,RUA EDSON CAMPOS MATESICH,638,CASA FUNDOS 3,,,SANTA FELICIDADE,,Domicílio particular,,-0,,21,3,82410370
