Municípios;Código;Gentílico;Pop2010;Áreaterritorial;Densdemográfica;Sérierevisada;Taxa_de_analfabetismo
Abatiá;4100103;abatiense;7764;228,72;34;120340;16,4
Adrianópolis;4100202;adrianopolitano;6376;1349,35;4,7;77345;15,9
AgudosdoSul;4100301;agudense-do-sul;8270;192,26;43;115994;8,2
AlmiranteTamandaré;4100400;tamandareense;103204;194,74;530;1020708;5,8
AltamiradoParaná;4100459;altamirense;4306;386,95;11,1;52861;18,1
AltoParaíso;4128625;altoparaisense;3206;967,77;3,3;53379;15,8
AltoParaná;4100608;alto-paranaense;13663;407,72;33,5;236319;10
AltoPiquiri;4100707;alto-piquirense;10179;447,67;22,7;192495;13,1
Altônia;4100509;altoniano;20516;661,56;31;225602;11,1
AlvoradadoSul;4100806;alvoradense-do-sul;10283;424,25;24,2;178789;10,4
Amaporã;4100905;amaporense;5443;384,74;14,2;73705;12,6
Ampére;4101002;amperense;17308;298,35;58;365895;7,1
Anahy;4101051;anaiense;2874;102,65;28;55213;12,3
Andirá;4101101;andiraense;20610;236,08;87,3;458894;10,6
Ângulo;4101150;angulense;2859;106,02;27;63420;11,4
Antonina;4101200;antoninense;18891;882,32;21,4;334333;8,2
AntônioOlinto;4101309;antoniolintense;7351;469,62;15,7;134717;5,8
Apucarana;4101408;apucaranense;120919;558,39;216,6;2275575;6,1
Arapongas;4101507;araponguense;104150;382,22;272,5;3417249;4,6
Arapoti;4101606;arapotiense;25855;1360,49;19;765970;7,3
Arapuã;4101655;arapuãense;3561;217,37;16,3;89242;16,1
Araruna;4101705;ararunense;13419;493,19;27,2;360105;9,8
Araucária;4101804;araucariano;119123;469,24;253,9;5196014;3,2
AriranhadoIvaí;4101853;ariranhensedoivaí;2453;239,56;10,2;66628;15,4
Assaí;4101903;assaiense;16354;440,35;37,1;357353;9,3
AssisChateaubriand;4102000;assis-chateaubriense;33025;969,59;34,1;839986;8,1
Astorga;4102109;astorgano;24698;434,79;56,8;435409;7,3
Atalaia;4102208;atalaiense;3913;137,66;28,4;90787;10
BalsaNova;4102307;balsa-novense;11300;348,93;32,4;503919;3,6
Bandeirantes;4102406;bandeirantense;32184;445,19;72,3;457637;9,5
BarbosaFerraz;4102505;barbosense;12656;538,64;23,5;154413;15,4
BarradoJacaré;4102703;barrense;2727;115,72;23,6;67633;10,7
Barracão;4102604;barraconense;9735;171,46;56,8;169366;7,9
BelaVistadaCaroba;4102752;boaesperencense;3945;148,11;26,6;55901;14
BelaVistadoParaíso;4102802;bela-vistense;15079;242,69;62,1;302453;10,6
Bituruna;4102901;biturenense;15880;1214,91;13,1;209010;7,9
BoaEsperança;4103008;boa-esperansense;4568;307,38;14,9;161723;14,1
BoaEsperançadoIguaçu;4103024;boaesperencense;2764;151,8;18,2;60077;8,5
BoaVenturadeSãoRoque;4103040;boaventurense;6554;622,18;10,5;135013;12,8
BoaVistadaAparecida;4103057;boa-vistense;7911;256,3;30,9;92866;14,8
BocaiúvadoSul;4103107;bocaiuvense;10987;826,34;13,3;142449;8,3
BomJesusdoSul;4103156;bonjesuense;3796;173,97;21,8;49533;9,4
BomSucesso;4103206;bom-sucessense;6561;322,76;20,3;96741;12,8
BomSucessodoSul;4103222;bomsucessensedosul;3293;195,93;16,8;130313;1,9
Borrazópolis;4103305;borrazopolitano;7878;334,38;23,6;153398;11,8
Braganey;4103354;braganense;5735;343,32;16,7;148686;14,3
BrasilândiadoSul;4103370;brasilandiense;3209;291,04;11;117103;16,8
Cafeara;4103404;cafearense;2695;185,8;14,5;50080;16,9
Cafelândia;4103453;cafelandense;14662;271,72;54;1019523;4,4
CafezaldoSul;4103479;cafezalense;4290;335,39;12,8;62700;15,4
Califórnia;4103503;californiano;8069;141,82;56,9;93737;7,8
Cambará;4103602;cambaraense;23886;366,17;65,2;462774;7,7
Cambé;4103701;cambeense;96733;495,38;195,5;2571769;6,2
Cambira;4103800;cambirense;7236;163,39;44,3;128855;8,7
CampinadaLagoa;4103909;campinense-da-lagoa;15394;796,61;19,3;305320;12,3
CampinadoSimão;4103958;campineirodosimão;4076;448,42;9,1;78665;11,1
CampinaGrandedoSul;4104006;campinense-do-sul;38769;539,25;71,9;837170;5,3
CampoBonito;4104055;campo-bonitense;4407;433,83;10,2;133155;11,6
CampodoTenente;4104105;tenentiano;7125;304,49;23,4;145621;8,8
CampoLargo;4104204;campo-larguense;112377;1243,55;89,9;2930604;4,7
CampoMagro;4104253;campomagrense;24843;275,35;90,2;259212;6,6
CampoMourão;4104303;campo-mourense;87194;757,88;115,1;2262506;7
CândidodeAbreu;4104402;cândido-abreuense;16655;1510,16;11;242651;17,8
Candói;4104428;candoianos;14983;1512,79;9,9;357190;8,9
Cantagalo;4104451;cantagalense;12952;583,54;22,2;169222;8,5
Capanema;4104501;capanemense;18526;418,71;44,3;480493;6,8
CapitãoLeônidasMarques;4104600;leônidas-marquesiense;14970;275,75;54,3;1029822;8,7
Carambeí;4104659;carambiense;19163;649,68;29,5;958969;5,3
Carlópolis;4104709;carlopolitano;13706;451,42;30,4;213597;7,7
Cascavel;4104808;cascavelense;286205;2100,83;136,2;7435440;4
Castro;4104907;castrense;67084;2531,5;26,5;1824942;7,7
Catanduvas;4105003;catanduvense;10202;581,76;17,5;204703;15
CentenáriodoSul;4105102;centenariense;11190;371,84;30,1;141242;13
CerroAzul;4105201;cerro-azulense;16938;1341,19;12,6;198450;17,8
CéuAzul;4105300;céu-azulense;11032;1179,45;9,4;395632;5,8
Chopinzinho;4105409;chopinzinhense;19679;959,69;20,5;411331;7,8
Cianorte;4105508;cianortense;69958;811,67;86,2;1778848;5,1
CidadeGaúcha;4105607;cidade-gauchense;11062;403,05;27,5;250475;12,2
Clevelândia;4105706;clevelandense;17240;703,64;24,5;369307;11,8
Colombo;4105805;colombense;212967;197,79;1076,7;3350800;4,6
Colorado;4105904;colorados;22345;403,26;55,4;454918;7,2
Congonhinhas;4106001;congonhinhense;8279;535,96;15,5;142061;17,8
ConselheiroMairinck;4106100;mairinquense;3636;204,71;17,8;63577;9,9
Contenda;4106209;contendense;15891;299,04;53,1;224556;5,7
Corbélia;4106308;corbeliano;16312;529,38;30,8;461725;6,1
CornélioProcópio;4106407;procopense;46928;635,1;73,9;1082405;6,4
CoronelDomingosSoares;4106456;dominguense;7238;1576,22;4,6;128492;10
CoronelVivida;4106506;coronel-vividense;21749;684,42;31,8;440439;7
CorumbataídoSul;4106555;corumbataiense;4002;164,34;24,4;49947;19,4
CruzMachado;4106803;cruz-machadense;18040;1478,35;12,2;262377;4,9
CruzeirodoIguaçu;4106571;cruzeirense;4278;161,86;26,4;82962;13,9
CruzeirodoOeste;4106605;cruzeirense;20416;779,22;26,2;446229;13,1
CruzeirodoSul;4106704;cruzeirense-do-sul;4563;259,1;17,6;140330;10,3
Cruzmaltina;4106852;cruzmaltinense;3162;312,3;10,1;79936;15,8
Curitiba;4106902;curitibano;1751907;435,04;4027;63997382;2,1
Curiúva;4107009;curiuvense;13923;576,26;24,2;153278;12,8
DiamantedoNorte;4107108;diamantense;5516;242,89;22,7;65775;14,6
DiamantedoSul;4107124;diamantense;3510;359,95;9,8;38869;11,8
Diamanted`Oeste;4107157;sul-diamantino;5027;309,11;16,3;81294;18,7
DoisVizinhos;4107207;dois-vizinhense;36179;418,65;86,4;982919;5,9
Douradina;4107256;douradinense;7445;419,85;17,7;258175;9,3
DoutorCamargo;4107306;camarguense;5828;118,28;49,3;106739;7,9
DoutorUlysses;4128633;ulyssense;5727;781,45;7,3;52474;16,5
EnéasMarques;4107405;enéas-marquense;6103;192,2;31,8;142820;8,5
EngenheiroBeltrão;4107504;engenheiro-beltrense;13906;467,47;29,8;313339;9,5
EntreRiosdoOeste;4107538;entreriense;3926;122,07;32,2;129915;3
EsperançaNova;4107520;esperançanovense;1970;138,56;14,2;28639;12,1
EspigãoAltodoIguaçu;4107546;espigãoense;4677;326,44;14,3;81069;13,8
Farol;4107553;farolense;3472;289,23;12;108137;14,9
Faxinal;4107603;faxinalense;16314;715,94;22,8;323535;13,6
FazendaRioGrande;4107652;fazendense;81675;116,68;700;1084443;4,3
Fênix;4107702;fenexense;4802;234,1;20,5;106088;13,6
FernandesPinheiro;4107736;fernandespinheirense;5932;406,5;14,6;118256;10,5
Figueira;4107751;figueirense;8293;129,77;63,9;97017;13,6
FlordaSerradoSul;4107850;sulflorense;4726;238,91;19,8;82630;10,9
Floraí;4107801;floraiense;5050;191,13;26,4;134433;8,3
Floresta;4107900;florestense;5931;158,23;37,5;120843;7,1
Florestópolis;4108007;florestopolitano;11222;246,33;45,6;159358;12
Flórida;4108106;floridense;2543;83,05;30,6;39120;9,9
FormosadoOeste;4108205;formosense-do-oeste;7541;275,71;27,4;180966;10,3
FozdoIguaçu;4108304;iguaçuense;256088;617,7;414,6;9390246;5,6
FozdoJordão;4108452;fozjordanense;5420;235,38;23;82292;10,2
FranciscoAlves;4108320;alvense;6418;321,9;19,9;122339;16,6
FranciscoBeltrão;4108403;beltronense;78943;735,11;107,4;1873934;5,2
GeneralCarneiro;4108502;carneirense;13669;1071,18;12,8;230590;10,5
GodoyMoreira;4108551;godoense;3337;131,01;25,5;36664;15,7
Goioerê;4108601;goio-erense;29018;564,16;51,4;572288;9,1
Goioxim;4108650;goioxinhense;7503;702,47;10,7;131211;13,1
GrandesRios;4108700;grande-riense;6625;314,2;21,1;84833;17,2
Guaíra;4108809;guairense;30704;560,49;54,8;638886;9,8
Guairaçá;4108908;guairaçaense;6197;493,94;12,6;150588;14,1
Guamiranga;4108957;guamiranguense;7900;244,8;32,3;156250;6,4
Guapirama;4109005;guapiramense;3891;189,1;20,6;83412;13,2
Guaporema;4109104;guaporemense;2219;201,15;11,1;45420;12,6
Guaraci;4109203;guaraciense;5227;211,68;24,7;77838;11,4
Guaraniaçu;4109302;guaraniaçuano;14582;1225,61;11,9;242393;11
Guarapuava;4109401;guarapuavano;167328;3178,65;53,7;3689454;5,8
Guaraqueçaba;4109500;guaraqueçabano;7871;2020,09;3,9;66967;15,7
Guaratuba;4109609;guaratubense;32095;1326,79;24,2;473533;6,7
HonórioSerpa;4109658;honórioserpense;5955;502,24;11,9;138632;9,4
Ibaiti;4109708;ibaitiense;28751;897,74;32;436746;11,9
Ibema;4109757;ibemense;6066;145,45;41,7;104437;12
Ibiporã;4109807;ibiporanense;48198;297,74;161,9;1678340;7,2
Icaraíma;4109906;icaraimense;8839;675,24;13,1;149602;12,3
Iguaraçu;4110003;iguaraçuense;3982;164,98;24,1;116262;8,2
Iguatu;4110052;iguatuense;2234;106,94;20,9;61198;12,8
Imbaú;4110078;imbauense;11274;330,7;34,1;119727;17,2
Imbituva;4110102;imbituvense;28455;756,54;37,6;519830;7,1
InácioMartins;4110201;inácio-martinense;10943;936,21;11,7;125622;10,2
Inajá;4110300;inajaense;2988;194,7;15,4;38951;14,4
Indianópolis;4110409;indianopolitano;4299;122,62;35,1;248972;9,8
Ipiranga;4110508;ipiranguense;14150;927,09;15,3;351088;7,5
Iporã;4110607;iporãnense;14981;647,89;23,1;267572;10,6
IracemadoOeste;4110656;iracemense;2578;81,54;31,6;62963;13,3
Irati;4110706;iratiense;56207;999,52;56,2;1154118;4,6
Iretama;4110805;iretamense;10622;570,46;18,6;160262;16,6
Itaguajé;4110904;itaguajeense;4568;190,37;24;61843;11,4
Itaipulândia;4110953;itaipulandiense;9026;331,29;27,3;230738;7,3
Itambaracá;4111001;itambaracaense;6759;207,34;32,6;110593;15,9
Itambé;4111100;itambenense;5979;243,82;24,5;131733;12,8
Itapejarad`Oeste;4111209;itapejarense;10531;254,01;41,5;265741;6,7
Itaperuçu;4111258;itaperuçuense;23887;320,58;76;387444;10,8
ItaúnadoSul;4111308;itaunense;3583;128,87;27,8;50103;18,9
Ivaí;4111407;ivaiense;12815;607,85;21,1;234667;7,8
Ivaiporã;4111506;ivaiporãnense;31816;431,5;73,7;521131;10,6
Ivaté;4111555;ivateense;7514;410,91;18,3;144491;10,4
Ivatuba;4111605;ivatubense;3010;96,66;31,1;74540;7,9
Jaboti;4111704;jabotiense;4902;139,28;35,2;60643;12,2
Jacarezinho;4111803;jacarezinhense;39121;602,53;64,9;750992;8,1
Jaguapitã;4111902;jaguapitãense;12225;475;25,7;443844;10,4
Jaguariaíva;4112009;jaguariaivense;32606;1453,07;22,4;866766;7,1
JandaiadoSul;4112108;jandaiense-do-sul;20269;187,6;108;571315;6,5
Janiópolis;4112207;janiopolitano;6532;335,65;19,5;131302;17,4
Japira;4112306;japirense;4903;188,29;26;75636;12
Japurá;4112405;japuraense;8549;165,19;51,8;157709;8,2
JardimAlegre;4112504;jardim-alegrense;12324;410,48;30,4;171093;15,9
JardimOlinda;4112603;jardinolindense;1409;128,52;11;27549;11,6
Jataizinho;4112702;jatainhense;11875;159,18;74,6;146585;10,9
Jesuítas;4112751;jesuitense;9001;247,5;36,4;193666;10,8
JoaquimTávora;4112801;tavorense;10736;289,17;37,1;305769;8,1
JundiaídoSul;4112900;jundiaiense-do-sul;3433;320,82;10,7;66635;15,1
Juranda;4112959;jurandense;7641;349,72;21,9;228789;11,3
Jussara;4113007;jussarense;6610;210,87;31,4;136540;7,5
Kaloré;4113106;kaloreense;4506;193,3;23,3;92961;9,9
Lapa;4113205;lapeano;44932;2093,86;21,5;1042719;5,3
Laranjal;4113254;laranjaense;6360;559,44;11,4;60267;18
LaranjeirasdoSul;4113304;laranjeirense-do-sul;30777;672,08;45,8;457315;8,6
Leópolis;4113403;leopolense;4145;344,92;12;104836;11,9
Lidianópolis;4113429;lidianopolitano;3973;154,36;25;56695;17,7
Lindoeste;4113452;lindo-estense;5361;361,37;14,8;125049;13,5
Loanda;4113502;loandense;21201;722,5;29,3;356352;7,3
Lobato;4113601;lobatense;4401;240,9;18,3;129738;10,7
Londrina;4113700;londrinense;506701;1652,57;306,5;13620326;4,2
Luiziana;4113734;luizianense;7315;908,6;8,1;229848;15,6
Lunardelli;4113759;lunardelliense;5160;199,21;25,9;59141;14,5
Lupionópolis;4113809;lupionopolense;4592;121,07;37,9;67513;10,3
Mallet;4113908;malletense;12973;723,02;17,9;369892;2,4
Mamborê;4114005;mamborense;13961;788,06;17,7;394317;10,8
Mandaguaçu;4114104;mandaguaçuense;19781;294,02;67,3;346585;7,9
Mandaguari;4114203;mandaguariense;32658;335,81;97,3;782111;8
Mandirituba;4114302;mandiritubano;22220;379,18;58,6;461685;6
Manfrinópolis;4114351;manfrinopolitano;3127;216,42;14,5;42869;12,2
Mangueirinha;4114401;mangueirinhense;17048;1055,46;16,2;1038912;8,8
ManoelRibas;4114500;manoel-ribense;13169;571,14;23,1;256501;13,3
MarechalCândidoRondon;4114609;rondonense;46819;748;62,6;1345260;4,2
MariaHelena;4114708;maria-helenense;5956;486,22;12,3;60188;15
Marialva;4114807;marialvense;31959;475,56;67,2;808067;6,6
MarilândiadoSul;4114906;marilandense;8863;384,42;23,1;252379;11,7
Marilena;4115002;marilenense;6858;232,36;29,5;72050;12,4
Mariluz;4115101;mariluzense;10224;433,17;23,6;144473;17,6
Maringá;4115200;maringaense;357077;487,05;733,1;11743246;3
Mariópolis;4115309;mariopolitano;6268;230,37;27,2;168486;7,8
Maripá;4115358;maripaense;5684;283,79;20;249985;3,1
Marmeleiro;4115408;marmeleirense;13900;387,38;35,9;253858;7,6
Marquinho;4115457;marquinhense;4981;511,15;9,7;52798;13,6
Marumbi;4115507;marumbiense;4603;208,47;22,1;56894;13,3
Matelândia;4115606;matelandiense;16078;639,75;25,1;454117;6,2
Matinhos;4115705;matinhense;29428;117,74;249,9;492118;4,3
MatoRico;4115739;mato-riquense;3818;394,53;9,7;53827;19,2
MauádaSerra;4115754;mauaensedaserra;8555;108,32;79;191933;12,2
Medianeira;4115804;medianeirense;41817;328,73;127,2;1126288;6
Mercedes;4115853;mercedense;5046;200,86;25,1;134488;3,8
Mirador;4115903;miradorense;2327;221,71;10,5;54297;14,2
Miraselva;4116000;miraselvano;1862;90,29;20,6;27358;9,3
Missal;4116059;missalense;10474;324,4;32,3;279684;5,5
MoreiraSales;4116109;moreira-salense;12606;353,77;35,6;170800;14,9
Morretes;4116208;morretense;15718;684,58;23;213186;6,6
MunhozdeMelo;4116307;munhozense;3672;137,02;26,8;68808;10,4
NossaSenhoradasGraças;4116406;gracense;3836;185,77;20,7;56794;11,7
NovaAliançadoIvaí;4116505;ivaiense;1431;131,27;10,9;29258;10,3
NovaAméricadaColina;4116604;nova-americanense;3478;129,48;26,9;59914;13
NovaAurora;4116703;nova-aurorense;11866;474,01;25;343446;5,1
NovaCantu;4116802;nova-cantuense;7425;555,49;13,4;140035;18,3
NovaEsperança;4116901;nova-esperancense;26615;401,59;66,3;475980;9,3
NovaEsperançadoSudoeste;4116950;novaesperancense;5098;208,47;24,5;71240;9,4
NovaFátima;4117008;fatimense;8147;283,42;28,8;131752;14,7
NovaLaranjeiras;4117057;novalaranjeirense;11241;1210,21;9,8;128017;12,8
NovaLondrina;4117107;nova-londrinense;13067;269,39;48,5;211798;8,4
NovaOlímpia;4117206;olimpiense;5503;136,35;40,4;55358;13
NovaPratadoIguaçu;4117255;pratense;10377;352,57;29,4;221669;9,8
NovaSantaBárbara;4117214;bárbaraense;3908;71,76;54,5;55073;15,9
NovaSantaRosa;4117222;nova-santa-rosense;7626;204,67;37,3;231875;2,6
NovaTebas;4117271;nova-tebense;7398;545,69;13,6;88712;17,2
NovoItacolomi;4117297;itacolomiense;2827;161,41;17,5;46630;10,1
Ortigueira;4117305;ortigueirense;23380;2429,56;9,6;392644;19,5
Ourizona;4117404;ourizonense;3380;176,46;19,2;79664;10,3
OuroVerdedoOeste;4117453;ouro-verdense;5692;293,04;19,4;129210;10,8
Paiçandu;4117503;paiçanduense;35936;171,38;209,7;405682;8,5
Palmas;4117602;palmense;42888;1557,9;27,5;664012;9,2
Palmeira;4117701;palmeirense;32123;1470,07;22;791035;4,1
Palmital;4117800;palmitalense;14865;817,65;18,2;169099;16
Palotina;4117909;palotinense;28683;651,24;44;1216633;6,3
ParaísodoNorte;4118006;paraisense-do-norte;11772;204,56;57,6;178606;9,2
Paranacity;4118105;paranacitense;10250;348,63;29,4;224243;10,5
Paranaguá;4118204;parnanguara;140469;826,68;169,9;5170222;3,6
Paranapoema;4118303;paranapoemense;2791;175,88;15,9;40601;13,4
Paranavaí;4118402;paranavaiense;81590;1202,27;67,9;1601104;6,2
PatoBragado;4118451;patobragadense;4822;135,29;35,6;104882;3,4
PatoBranco;4118501;pato-branquense;72370;539,09;134,3;2241944;4,2
PaulaFreitas;4118600;paula-freitense;5434;421,41;12,9;196924;5
PauloFrontin;4118709;frontinense;6913;369,86;18,7;195747;3,2
Peabiru;4118808;peabiruense;13624;468,6;29,1;228178;9,8
Perobal;4118857;perobalense;5653;407,58;13,9;121107;11,3
Pérola;4118907;perolense;10208;240,64;42,4;481519;8,6
Pérolad`Oeste;4119004;pérola-oestense;6761;206,05;32,8;116808;9,2
Piên;4119103;pienense;11236;254,79;44,1;537337;3,8
Pinhais;4119152;pinhaense;117008;60,87;1922,4;4042347;2,9
PinhaldeSãoBento;4119251;pinhalense;2625;97,46;26,9;35224;9,1
Pinhalão;4119202;pinhalenseoupinhalãoense;6215;220,63;28,2;109029;11,8
Pinhão;4119301;pinhãoense;30208;2001,59;15,1;995563;11,7
PiraídoSul;4119400;piraiense;23424;1403,07;16,7;496150;6
Piraquara;4119509;piraquarense;93207;227,04;410,5;861274;5,3
Pitanga;4119608;pitanguense;32638;1663,75;19,6;572249;9,9
Pitangueiras;4119657;pitangueirense;2814;123,23;22,8;63431;11,6
PlanaltinadoParaná;4119707;planaltinense;4095;356,19;11,5;72955;11,7
Planalto;4119806;planaltense;13654;345,74;39,5;217586;9,4
PontaGrossa;4119905;ponta-grossense;311611;2054,73;150,7;8974584;3,6
PontaldoParaná;4119954;pontalense;20920;199,85;104,7;314095;4,8
Porecatu;4120002;porecatuense;14189;291,66;48,7;196700;9
PortoAmazonas;4120101;porto-amazonense;4514;186,58;24,2;91202;6,2
PortoBarreiro;4120150;portobarreirense;3663;361,02;10,2;66000;9,1
PortoRico;4120200;porto-riquense;2530;217,68;11,6;42898;11,8
PortoVitória;4120309;porto-vitoriense;4020;213,01;18,9;46484;5,6
PradoFerreira;4120333;pradoferreirense;3434;153,4;22,4;79489;12,6
Pranchita;4120358;pranchitano;5628;225,84;24,9;142778;9,3
PresidenteCasteloBranco;4120408;castelo-branquense;4784;155,73;30,7;87141;11,3
PrimeirodeMaio;4120507;primaiense;10832;414,44;26,1;215226;9,6
Prudentópolis;4120606;prudentopolitano;48792;2236,58;21,1;753374;6,7
QuartoCentenário;4120655;quartocentenariense;4856;321,88;15,1;164325;14
Quatiguá;4120705;quatiguaense;7045;112,69;62,5;104139;10
QuatroBarras;4120804;quatro-barrense;19851;180,47;110;1212804;4,4
QuatroPontes;4120853;quatropontense;3803;114,39;33,3;111193;1,5
QuedasdoIguaçu;4120903;quedas-iguaçuense-;30605;821,5;37,3;1051768;10,2
QuerênciadoNorte;4121000;querenciano;11729;914,76;12,8;154193;14,9
QuintadoSol;4121109;quinta-solense;5088;326,18;15,6;124738;16,8
Quitandinha;4121208;quitandinhense;17089;447,02;38,2;247929;6,8
Ramilândia;4121257;ramilandiense;4134;237,2;17,4;67470;14,8
RanchoAlegre;4121307;alegrense;3955;167,65;23,6;83294;9,9
RanchoAlegred`Oeste;4121356;ranchoalegrense;2847;241,39;11,8;96578;14,9
Realeza;4121406;realezense;16338;353,42;46,2;377885;7,7
Rebouças;4121505;reboucense;14176;481,84;29,4;271150;6,6
Renascença;4121604;renascenseano;6812;425,27;16;199456;9,4
Reserva;4121703;reservense;25172;1635,52;15,4;465510;14,2
ReservadoIguaçu;4121752;reservensedoiguçú;7307;834,23;8,8;126083;11,2
RibeirãoClaro;4121802;ribeirão-clarense;10678;629,22;17;184540;6
RibeirãodoPinhal;4121901;ribeiro-pinhalense;13524;374,73;36,1;154133;14,2
RioAzul;4122008;rio-azulense;14093;629,75;22,4;327854;3,5
RioBom;4122107;rio-bonense;3334;177,84;18,8;50306;7,9
RioBonitodoIguaçu;4122156;riobonitense;13661;681,41;18,3;189103;11,4
RioBrancodoIvaí;4122172;riobranquense;3898;382,33;10,2;63862;14,5
RioBrancodoSul;4122206;rio-branquense;30650;812,29;37,7;936585;9,9
RioNegro;4122305;rio-negrense;31274;604,14;51,8;767428;3,8
Rolândia;4122404;rolandense;57862;459,02;126,1;1764658;6,2
Roncador;4122503;roncadorense;11537;742,12;15,6;273832;15
Rondon;4122602;rondonense;8996;555,13;16,2;217124;10,4
RosáriodoIvaí;4122651;rosariense;5588;371,25;15,1;63257;18
Sabáudia;4122701;sabaudiense;6096;190,33;32;280145;9,4
SalgadoFilho;4122800;salgadense;4403;189,32;23,3;72414;11,6
SaltodoItararé;4122909;saltense-do-itararé;5178;200,52;25,8;115571;15
SaltodoLontra;4123006;salto-lontrense;13689;312,72;43,8;261646;9
SantaAmélia;4123105;ameliense;3803;78,05;48,7;53154;10,8
SantaCecíliadoPavão;4123204;pavonense;3646;110,2;33,1;76585;16,8
SantaCruzdeMonteCastelo;4123303;monte-castelense;8092;442,01;18,3;174118;13,3
SantaFé;4123402;santa-feense;10432;276,24;37,8;192276;9,1
SantaHelena;4123501;santa-helenense;23413;758,23;30,9;579551;7,5
SantaInês;4123600;santa-ineense;1818;138,48;13,1;34859;12,2
SantaIsabeldoIvaí;4123709;santa-isabelense;8760;349,5;25,1;121776;13,2
SantaIzabeldoOeste;4123808;santa-izabelense;13132;321,18;40,9;222644;10,8
SantaLúcia;4123824;santaluciense;3925;116,86;33,6;85903;13,1
SantaMariadoOeste;4123857;santa-mariense;11500;847,14;13,6;115398;15,3
SantaMariana;4123907;santa-marianense;12435;427,19;29,1;237281;13,5
SantaMônica;4123956;moniquense;3571;259,96;13,7;52457;12,2
SantaTerezadoOeste;4124020;santa-terezense;10332;326,19;31,7;283757;7,4
SantaTerezinhadeItaipu;4124053;itaipuense;20841;259,39;80,4;371937;6,6
SantanadoItararé;4124004;santanense;5249;251,27;20,9;80222;15,4
SantoAntôniodaPlatina;4124103;platinense;42707;721,47;59,2;723559;9,8
SantoAntôniodoCaiuá;4124202;santo-antoniense;2727;219,07;12,5;34499;13,3
SantoAntôniodoParaíso;4124301;santo-antoniense;2408;165,9;14,5;60462;13,3
SantoAntôniodoSudoeste;4124400;santo-antoniense;18893;325,74;58;332037;11,1
SantoInácio;4124509;santo-inaciense;5269;306,87;17,2;210573;8,7
SãoCarlosdoIvaí;4124608;são-carlense;6354;225,08;28,2;162402;11,2
SãoJerônimodaSerra;4124707;jeronimense;11337;823,77;13,8;159123;17,2
SãoJoão;4124806;são-joanense;10599;388,06;27,3;388211;7,7
SãoJoãodoCaiuá;4124905;caiuense;5911;304,41;19,4;83935;13,7
SãoJoãodoIvaí;4125001;são-joanense;11525;353,33;32,6;195715;15,6
SãoJoãodoTriunfo;4125100;triunfense;13704;720,41;19;281379;6,6
SãoJorgedoIvaí;4125308;são-jorgense;5517;315,09;17,5;206265;7,5
SãoJorgedoPatrocínio;4125357;patrocinense;6041;404,69;14,9;94363;8,7
SãoJorged`Oeste;4125209;são-jorgenseoujorgense;9085;379,55;23,9;183811;15,1
SãoJosédaBoaVista;4125407;boa-vistense;6511;399,67;16,3;116176;11,2
SãoJosédasPalmeiras;4125456;são-joseliense;3830;182,42;21;58448;13,6
SãoJosédosPinhais;4125506;são-joseense;264210;946,44;279,2;19119376;3,3
SãoManoeldoParaná;4125555;sãomanoelense;2098;95,38;22;29220;13,8
SãoMateusdoSul;4125605;são-mateuense;41257;1341,71;30,8;976308;3,3
SãoMigueldoIguaçu;4125704;são-miguelense;25769;851,3;30,3;788198;7,7
SãoPedrodoIguaçu;4125753;Sãopedrense;6491;308,32;21,1;132770;12,3
SãoPedrodoIvaí;4125803;ivaiense;10167;322,69;31,5;210414;11,2
SãoPedrodoParaná;4125902;são-pedrense;2491;250,65;9,9;53137;12,2
SãoSebastiãodaAmoreira;4126009;amoreirense;8626;227,98;37,8;154831;13,1
SãoTomé;4126108;são-tomeense;5349;218,62;24,5;125687;7,9
Sapopema;4126207;sapopemense;6736;677,61;9,9;72872;17,1
Sarandi;4126256;sarandiense;82847;103,46;800,7;1067247;7,3
SaudadedoIguaçu;4126272;saudadense;5028;152,09;33,1;854091;8,1
Sengés;4126306;sengeano;18414;1437,37;12,8;321977;9,6
SerranópolisdoIguaçu;4126355;serranopolitano;4568;483,66;9,4;160201;3,7
Sertaneja;4126405;sertanejano;5817;444,49;13,1;229483;8,5
Sertanópolis;4126504;sertanopolense;15638;505,53;30,9;464188;7,3
SiqueiraCampos;4126603;siqueirense;18454;278,04;66,4;316923;9,8
Sulina;4126652;sulinense;3394;170,76;19,9;72827;10,1
Tamarana;4126678;tamaraense;12262;472,16;26;223637;15,5
Tamboara;4126702;tamboarense;4664;193,35;24,1;76300;11,3
Tapejara;4126801;tapejarense;14598;591,4;24,7;331071;11,8
Tapira;4126900;tapirense;5836;434,37;13,4;82335;12,5
TeixeiraSoares;4127007;teixeira-soarense;10283;902,79;11,4;227019;4,9
TelêmacoBorba;4127106;telêmaco-borbense;69872;1382,86;50,5;2116438;7,1
TerraBoa;4127205;terra-bonense;15776;320,85;49,2;277435;8,7
TerraRica;4127304;terra-riquense;15221;700,6;21,7;243835;10,4
TerraRoxa;4127403;terra-roxense;16759;800,81;20,9;495777;10,1
Tibagi;4127502;tibagiense;19344;2951,57;6,6;753145;12,7
TijucasdoSul;4127601;tijucano-do-sul;14537;671,89;21,6;343892;7,9
Toledo;4127700;toledano;119313;1197;99,7;3589823;4,5
Tomazina;4127809;tomazinense;8791;591,44;14,9;128756;14,2
TrêsBarrasdoParaná;4127858;tribarrense;11824;504,17;23,5;240911;11,7
TunasdoParaná;4127882;tunense;6256;668,48;9,4;82928;17,7
TuneirasdoOeste;4127908;tuneirense;8695;698,87;12,4;147062;9,9
Tupãssi;4127957;tupãciense;7997;310,91;25,7;237354;6,5
Turvo;4127965;turvense;13811;926,77;15,1;265430;9,4
Ubiratã;4128005;ubiratãense;21558;652,58;33;599947;8,5
Umuarama;4128104;umuaramense;100676;1232,77;81,7;2241943;6
UniãodaVitória;4128203;união-vitoriense;52735;720;73,2;931001;4,1
Uniflor;4128302;uniflorense;2466;94,82;26;47196;10,3
Uraí;4128401;uraiense;11472;237,81;48,2;174752;10,6
Ventania;4128534;ventaniense;9957;759,37;13,1;221843;15,5
VeraCruzdoOeste;4128559;vera-cruzense;8973;327,09;27,4;188446;10,4
Verê;4128609;vereense;7878;311,8;25,3;177513;10,6
Virmond;4128658;virmondense;3950;243,17;16,2;80391;7,2
Vitorino;4128708;vitorinense;6513;308,22;21,1;277697;5,9
WenceslauBraz;4128500;brazense;19298;397,92;48,5;305339;11,4
Xambrê;4128807;xambrense;6012;359,71;16,7;62376;11
;;;;;;;6,1
